ID: 397 Cycle: 1
Truck 1, [72,37] , Cargo:0/4, Speed:2
Truck 2, [73,16] , Cargo:0/2, Speed:4
Truck 3, [91,94] , Cargo:0/4, Speed:2
Truck 4, [6,14] , Cargo:0/2, Speed:4
Truck 5, [8,22] , Cargo:0/5, Speed:1
Truck 6, [69,82] , Cargo:0/2, Speed:4
Truck 7, [94,14] , Cargo:0/5, Speed:1
Truck 8, [82,0] , Cargo:0/3, Speed:3
Truck 9, [33,67] , Cargo:0/3, Speed:3
Truck 10, [6,62] , Cargo:0/2, Speed:4
Truck 11, [33,95] , Cargo:0/2, Speed:4
Truck 12, [56,23] , Cargo:0/2, Speed:4
WareHouse 1, [82, 34], Docks:1, [Shipment7(2,false), Shipment10(2,false), Shipment12(1,false), Shipment14(3,false), Shipment16(3,false), Shipment18(1,false), Shipment19(3,false), Shipment20(2,false), Shipment25(3,false)]
WareHouse 2, [74, 52], Docks:1, [Shipment2(2,false), Shipment3(1,false), Shipment9(1,false), Shipment11(2,false), Shipment15(3,false), Shipment21(1,false), Shipment23(1,false), Shipment24(1,false), Shipment26(2,false)]
WareHouse 3, [38, 14], Docks:1, [Shipment1(3,false), Shipment4(3,false), Shipment5(2,false), Shipment6(2,false), Shipment8(1,false), Shipment13(2,false), Shipment17(1,false), Shipment22(3,false), Shipment27(2,false)]
Shipment 1, Source:3, Going:2, Size:3 In Warehouse: 3
Shipment 2, Source:2, Going:3, Size:2 In Warehouse: 2
Shipment 3, Source:2, Going:1, Size:1 In Warehouse: 2
Shipment 4, Source:3, Going:2, Size:3 In Warehouse: 3
Shipment 5, Source:3, Going:2, Size:2 In Warehouse: 3
Shipment 6, Source:3, Going:2, Size:2 In Warehouse: 3
Shipment 7, Source:1, Going:2, Size:2 In Warehouse: 1
Shipment 8, Source:3, Going:1, Size:1 In Warehouse: 3
Shipment 9, Source:2, Going:3, Size:1 In Warehouse: 2
Shipment 10, Source:1, Going:3, Size:2 In Warehouse: 1
Shipment 11, Source:2, Going:3, Size:2 In Warehouse: 2
Shipment 12, Source:1, Going:3, Size:1 In Warehouse: 1
Shipment 13, Source:3, Going:1, Size:2 In Warehouse: 3
Shipment 14, Source:1, Going:2, Size:3 In Warehouse: 1
Shipment 15, Source:2, Going:1, Size:3 In Warehouse: 2
Shipment 16, Source:1, Going:2, Size:3 In Warehouse: 1
Shipment 17, Source:3, Going:2, Size:1 In Warehouse: 3
Shipment 18, Source:1, Going:2, Size:1 In Warehouse: 1
Shipment 19, Source:1, Going:2, Size:3 In Warehouse: 1
Shipment 20, Source:1, Going:2, Size:2 In Warehouse: 1
Shipment 21, Source:2, Going:1, Size:1 In Warehouse: 2
Shipment 22, Source:3, Going:1, Size:3 In Warehouse: 3
Shipment 23, Source:2, Going:3, Size:1 In Warehouse: 2
Shipment 24, Source:2, Going:3, Size:1 In Warehouse: 2
Shipment 25, Source:1, Going:2, Size:3 In Warehouse: 1
Shipment 26, Source:2, Going:1, Size:2 In Warehouse: 2
Shipment 27, Source:3, Going:2, Size:2 In Warehouse: 3
Cycle: 2
Truck 1, [74,37] , Cargo:0/4, Speed:2
Truck 2, [69,16] , Cargo:0/2, Speed:4
Truck 3, [89,94] , Cargo:0/4, Speed:2
Truck 4, [10,14] , Cargo:0/2, Speed:4
Truck 5, [9,22] , Cargo:0/5, Speed:1
Truck 6, [65,82] , Cargo:0/2, Speed:4
Truck 7, [93,14] , Cargo:0/5, Speed:1
Truck 8, [82,3] , Cargo:0/3, Speed:3
Truck 9, [36,67] , Cargo:0/3, Speed:3
Truck 10, [10,62] , Cargo:0/2, Speed:4
Truck 11, [37,95] , Cargo:0/2, Speed:4
Truck 12, [52,23] , Cargo:0/2, Speed:4
WareHouse 1, [82, 34], Docks:1, [Shipment7(2,false), Shipment10(2,false), Shipment12(1,false), Shipment14(3,false), Shipment16(3,false), Shipment18(1,false), Shipment19(3,false), Shipment20(2,false), Shipment25(3,false)]
WareHouse 2, [74, 52], Docks:1, [Shipment2(2,false), Shipment3(1,false), Shipment9(1,false), Shipment11(2,false), Shipment15(3,false), Shipment21(1,false), Shipment23(1,false), Shipment24(1,false), Shipment26(2,false)]
WareHouse 3, [38, 14], Docks:1, [Shipment1(3,false), Shipment4(3,false), Shipment5(2,false), Shipment6(2,false), Shipment8(1,false), Shipment13(2,false), Shipment17(1,false), Shipment22(3,false), Shipment27(2,false)]
Shipment 1, Source:3, Going:2, Size:3 In Warehouse: 3
Shipment 2, Source:2, Going:3, Size:2 In Warehouse: 2
Shipment 3, Source:2, Going:1, Size:1 In Warehouse: 2
Shipment 4, Source:3, Going:2, Size:3 In Warehouse: 3
Shipment 5, Source:3, Going:2, Size:2 In Warehouse: 3
Shipment 6, Source:3, Going:2, Size:2 In Warehouse: 3
Shipment 7, Source:1, Going:2, Size:2 In Warehouse: 1
Shipment 8, Source:3, Going:1, Size:1 In Warehouse: 3
Shipment 9, Source:2, Going:3, Size:1 In Warehouse: 2
Shipment 10, Source:1, Going:3, Size:2 In Warehouse: 1
Shipment 11, Source:2, Going:3, Size:2 In Warehouse: 2
Shipment 12, Source:1, Going:3, Size:1 In Warehouse: 1
Shipment 13, Source:3, Going:1, Size:2 In Warehouse: 3
Shipment 14, Source:1, Going:2, Size:3 In Warehouse: 1
Shipment 15, Source:2, Going:1, Size:3 In Warehouse: 2
Shipment 16, Source:1, Going:2, Size:3 In Warehouse: 1
Shipment 17, Source:3, Going:2, Size:1 In Warehouse: 3
Shipment 18, Source:1, Going:2, Size:1 In Warehouse: 1
Shipment 19, Source:1, Going:2, Size:3 In Warehouse: 1
Shipment 20, Source:1, Going:2, Size:2 In Warehouse: 1
Shipment 21, Source:2, Going:1, Size:1 In Warehouse: 2
Shipment 22, Source:3, Going:1, Size:3 In Warehouse: 3
Shipment 23, Source:2, Going:3, Size:1 In Warehouse: 2
Shipment 24, Source:2, Going:3, Size:1 In Warehouse: 2
Shipment 25, Source:1, Going:2, Size:3 In Warehouse: 1
Shipment 26, Source:2, Going:1, Size:2 In Warehouse: 2
Shipment 27, Source:3, Going:2, Size:2 In Warehouse: 3
Cycle: 3
Truck 1, [74,39] , Cargo:0/4, Speed:2
Truck 2, [65,16] , Cargo:0/2, Speed:4
Truck 3, [87,94] , Cargo:0/4, Speed:2
Truck 4, [14,14] , Cargo:0/2, Speed:4
Truck 5, [10,22] , Cargo:0/5, Speed:1
Truck 6, [61,82] , Cargo:0/2, Speed:4
Truck 7, [92,14] , Cargo:0/5, Speed:1
Truck 8, [82,6] , Cargo:0/3, Speed:3
Truck 9, [39,67] , Cargo:0/3, Speed:3
Truck 10, [14,62] , Cargo:0/2, Speed:4
Truck 11, [41,95] , Cargo:0/2, Speed:4
Truck 12, [48,23] , Cargo:0/2, Speed:4
WareHouse 1, [82, 34], Docks:1, [Shipment7(2,false), Shipment10(2,false), Shipment12(1,false), Shipment14(3,false), Shipment16(3,false), Shipment18(1,false), Shipment19(3,false), Shipment20(2,false), Shipment25(3,false)]
WareHouse 2, [74, 52], Docks:1, [Shipment2(2,false), Shipment3(1,false), Shipment9(1,false), Shipment11(2,false), Shipment15(3,false), Shipment21(1,false), Shipment23(1,false), Shipment24(1,false), Shipment26(2,false)]
WareHouse 3, [38, 14], Docks:1, [Shipment1(3,false), Shipment4(3,false), Shipment5(2,false), Shipment6(2,false), Shipment8(1,false), Shipment13(2,false), Shipment17(1,false), Shipment22(3,false), Shipment27(2,false)]
Shipment 1, Source:3, Going:2, Size:3 In Warehouse: 3
Shipment 2, Source:2, Going:3, Size:2 In Warehouse: 2
Shipment 3, Source:2, Going:1, Size:1 In Warehouse: 2
Shipment 4, Source:3, Going:2, Size:3 In Warehouse: 3
Shipment 5, Source:3, Going:2, Size:2 In Warehouse: 3
Shipment 6, Source:3, Going:2, Size:2 In Warehouse: 3
Shipment 7, Source:1, Going:2, Size:2 In Warehouse: 1
Shipment 8, Source:3, Going:1, Size:1 In Warehouse: 3
Shipment 9, Source:2, Going:3, Size:1 In Warehouse: 2
Shipment 10, Source:1, Going:3, Size:2 In Warehouse: 1
Shipment 11, Source:2, Going:3, Size:2 In Warehouse: 2
Shipment 12, Source:1, Going:3, Size:1 In Warehouse: 1
Shipment 13, Source:3, Going:1, Size:2 In Warehouse: 3
Shipment 14, Source:1, Going:2, Size:3 In Warehouse: 1
Shipment 15, Source:2, Going:1, Size:3 In Warehouse: 2
Shipment 16, Source:1, Going:2, Size:3 In Warehouse: 1
Shipment 17, Source:3, Going:2, Size:1 In Warehouse: 3
Shipment 18, Source:1, Going:2, Size:1 In Warehouse: 1
Shipment 19, Source:1, Going:2, Size:3 In Warehouse: 1
Shipment 20, Source:1, Going:2, Size:2 In Warehouse: 1
Shipment 21, Source:2, Going:1, Size:1 In Warehouse: 2
Shipment 22, Source:3, Going:1, Size:3 In Warehouse: 3
Shipment 23, Source:2, Going:3, Size:1 In Warehouse: 2
Shipment 24, Source:2, Going:3, Size:1 In Warehouse: 2
Shipment 25, Source:1, Going:2, Size:3 In Warehouse: 1
Shipment 26, Source:2, Going:1, Size:2 In Warehouse: 2
Shipment 27, Source:3, Going:2, Size:2 In Warehouse: 3
Cycle: 4
Truck 1, [74,41] , Cargo:0/4, Speed:2
Truck 2, [61,16] , Cargo:0/2, Speed:4
Truck 3, [85,94] , Cargo:0/4, Speed:2
Truck 4, [18,14] , Cargo:0/2, Speed:4
Truck 5, [11,22] , Cargo:0/5, Speed:1
Truck 6, [57,82] , Cargo:0/2, Speed:4
Truck 7, [91,14] , Cargo:0/5, Speed:1
Truck 8, [82,9] , Cargo:0/3, Speed:3
Truck 9, [42,67] , Cargo:0/3, Speed:3
Truck 10, [18,62] , Cargo:0/2, Speed:4
Truck 11, [45,95] , Cargo:0/2, Speed:4
Truck 12, [44,23] , Cargo:0/2, Speed:4
WareHouse 1, [82, 34], Docks:1, [Shipment7(2,false), Shipment10(2,false), Shipment12(1,false), Shipment14(3,false), Shipment16(3,false), Shipment18(1,false), Shipment19(3,false), Shipment20(2,false), Shipment25(3,false)]
WareHouse 2, [74, 52], Docks:1, [Shipment2(2,false), Shipment3(1,false), Shipment9(1,false), Shipment11(2,false), Shipment15(3,false), Shipment21(1,false), Shipment23(1,false), Shipment24(1,false), Shipment26(2,false)]
WareHouse 3, [38, 14], Docks:1, [Shipment1(3,false), Shipment4(3,false), Shipment5(2,false), Shipment6(2,false), Shipment8(1,false), Shipment13(2,false), Shipment17(1,false), Shipment22(3,false), Shipment27(2,false)]
Shipment 1, Source:3, Going:2, Size:3 In Warehouse: 3
Shipment 2, Source:2, Going:3, Size:2 In Warehouse: 2
Shipment 3, Source:2, Going:1, Size:1 In Warehouse: 2
Shipment 4, Source:3, Going:2, Size:3 In Warehouse: 3
Shipment 5, Source:3, Going:2, Size:2 In Warehouse: 3
Shipment 6, Source:3, Going:2, Size:2 In Warehouse: 3
Shipment 7, Source:1, Going:2, Size:2 In Warehouse: 1
Shipment 8, Source:3, Going:1, Size:1 In Warehouse: 3
Shipment 9, Source:2, Going:3, Size:1 In Warehouse: 2
Shipment 10, Source:1, Going:3, Size:2 In Warehouse: 1
Shipment 11, Source:2, Going:3, Size:2 In Warehouse: 2
Shipment 12, Source:1, Going:3, Size:1 In Warehouse: 1
Shipment 13, Source:3, Going:1, Size:2 In Warehouse: 3
Shipment 14, Source:1, Going:2, Size:3 In Warehouse: 1
Shipment 15, Source:2, Going:1, Size:3 In Warehouse: 2
Shipment 16, Source:1, Going:2, Size:3 In Warehouse: 1
Shipment 17, Source:3, Going:2, Size:1 In Warehouse: 3
Shipment 18, Source:1, Going:2, Size:1 In Warehouse: 1
Shipment 19, Source:1, Going:2, Size:3 In Warehouse: 1
Shipment 20, Source:1, Going:2, Size:2 In Warehouse: 1
Shipment 21, Source:2, Going:1, Size:1 In Warehouse: 2
Shipment 22, Source:3, Going:1, Size:3 In Warehouse: 3
Shipment 23, Source:2, Going:3, Size:1 In Warehouse: 2
Shipment 24, Source:2, Going:3, Size:1 In Warehouse: 2
Shipment 25, Source:1, Going:2, Size:3 In Warehouse: 1
Shipment 26, Source:2, Going:1, Size:2 In Warehouse: 2
Shipment 27, Source:3, Going:2, Size:2 In Warehouse: 3
Cycle: 5
Truck 1, [74,43] , Cargo:0/4, Speed:2
Truck 2, [57,16] , Cargo:0/2, Speed:4
Truck 3, [83,94] , Cargo:0/4, Speed:2
Truck 4, [22,14] , Cargo:0/2, Speed:4
Truck 5, [12,22] , Cargo:0/5, Speed:1
Truck 6, [53,82] , Cargo:0/2, Speed:4
Truck 7, [90,14] , Cargo:0/5, Speed:1
Truck 8, [82,12] , Cargo:0/3, Speed:3
Truck 9, [45,67] , Cargo:0/3, Speed:3
Truck 10, [22,62] , Cargo:0/2, Speed:4
Truck 11, [49,95] , Cargo:0/2, Speed:4
Truck 12, [40,23] , Cargo:0/2, Speed:4
WareHouse 1, [82, 34], Docks:1, [Shipment7(2,false), Shipment10(2,false), Shipment12(1,false), Shipment14(3,false), Shipment16(3,false), Shipment18(1,false), Shipment19(3,false), Shipment20(2,false), Shipment25(3,false)]
WareHouse 2, [74, 52], Docks:1, [Shipment2(2,false), Shipment3(1,false), Shipment9(1,false), Shipment11(2,false), Shipment15(3,false), Shipment21(1,false), Shipment23(1,false), Shipment24(1,false), Shipment26(2,false)]
WareHouse 3, [38, 14], Docks:1, [Shipment1(3,false), Shipment4(3,false), Shipment5(2,false), Shipment6(2,false), Shipment8(1,false), Shipment13(2,false), Shipment17(1,false), Shipment22(3,false), Shipment27(2,false)]
Shipment 1, Source:3, Going:2, Size:3 In Warehouse: 3
Shipment 2, Source:2, Going:3, Size:2 In Warehouse: 2
Shipment 3, Source:2, Going:1, Size:1 In Warehouse: 2
Shipment 4, Source:3, Going:2, Size:3 In Warehouse: 3
Shipment 5, Source:3, Going:2, Size:2 In Warehouse: 3
Shipment 6, Source:3, Going:2, Size:2 In Warehouse: 3
Shipment 7, Source:1, Going:2, Size:2 In Warehouse: 1
Shipment 8, Source:3, Going:1, Size:1 In Warehouse: 3
Shipment 9, Source:2, Going:3, Size:1 In Warehouse: 2
Shipment 10, Source:1, Going:3, Size:2 In Warehouse: 1
Shipment 11, Source:2, Going:3, Size:2 In Warehouse: 2
Shipment 12, Source:1, Going:3, Size:1 In Warehouse: 1
Shipment 13, Source:3, Going:1, Size:2 In Warehouse: 3
Shipment 14, Source:1, Going:2, Size:3 In Warehouse: 1
Shipment 15, Source:2, Going:1, Size:3 In Warehouse: 2
Shipment 16, Source:1, Going:2, Size:3 In Warehouse: 1
Shipment 17, Source:3, Going:2, Size:1 In Warehouse: 3
Shipment 18, Source:1, Going:2, Size:1 In Warehouse: 1
Shipment 19, Source:1, Going:2, Size:3 In Warehouse: 1
Shipment 20, Source:1, Going:2, Size:2 In Warehouse: 1
Shipment 21, Source:2, Going:1, Size:1 In Warehouse: 2
Shipment 22, Source:3, Going:1, Size:3 In Warehouse: 3
Shipment 23, Source:2, Going:3, Size:1 In Warehouse: 2
Shipment 24, Source:2, Going:3, Size:1 In Warehouse: 2
Shipment 25, Source:1, Going:2, Size:3 In Warehouse: 1
Shipment 26, Source:2, Going:1, Size:2 In Warehouse: 2
Shipment 27, Source:3, Going:2, Size:2 In Warehouse: 3
Cycle: 6
Truck 1, [74,45] , Cargo:0/4, Speed:2
Truck 2, [53,16] , Cargo:0/2, Speed:4
Truck 3, [81,94] , Cargo:0/4, Speed:2
Truck 4, [26,14] , Cargo:0/2, Speed:4
Truck 5, [13,22] , Cargo:0/5, Speed:1
Truck 6, [49,82] , Cargo:0/2, Speed:4
Truck 7, [89,14] , Cargo:0/5, Speed:1
Truck 8, [82,15] , Cargo:0/3, Speed:3
Truck 9, [48,67] , Cargo:0/3, Speed:3
Truck 10, [26,62] , Cargo:0/2, Speed:4
Truck 11, [53,95] , Cargo:0/2, Speed:4
Truck 12, [38,23] , Cargo:0/2, Speed:4
WareHouse 1, [82, 34], Docks:1, [Shipment7(2,false), Shipment10(2,false), Shipment12(1,false), Shipment14(3,false), Shipment16(3,false), Shipment18(1,false), Shipment19(3,false), Shipment20(2,false), Shipment25(3,false)]
WareHouse 2, [74, 52], Docks:1, [Shipment2(2,false), Shipment3(1,false), Shipment9(1,false), Shipment11(2,false), Shipment15(3,false), Shipment21(1,false), Shipment23(1,false), Shipment24(1,false), Shipment26(2,false)]
WareHouse 3, [38, 14], Docks:1, [Shipment1(3,false), Shipment4(3,false), Shipment5(2,false), Shipment6(2,false), Shipment8(1,false), Shipment13(2,false), Shipment17(1,false), Shipment22(3,false), Shipment27(2,false)]
Shipment 1, Source:3, Going:2, Size:3 In Warehouse: 3
Shipment 2, Source:2, Going:3, Size:2 In Warehouse: 2
Shipment 3, Source:2, Going:1, Size:1 In Warehouse: 2
Shipment 4, Source:3, Going:2, Size:3 In Warehouse: 3
Shipment 5, Source:3, Going:2, Size:2 In Warehouse: 3
Shipment 6, Source:3, Going:2, Size:2 In Warehouse: 3
Shipment 7, Source:1, Going:2, Size:2 In Warehouse: 1
Shipment 8, Source:3, Going:1, Size:1 In Warehouse: 3
Shipment 9, Source:2, Going:3, Size:1 In Warehouse: 2
Shipment 10, Source:1, Going:3, Size:2 In Warehouse: 1
Shipment 11, Source:2, Going:3, Size:2 In Warehouse: 2
Shipment 12, Source:1, Going:3, Size:1 In Warehouse: 1
Shipment 13, Source:3, Going:1, Size:2 In Warehouse: 3
Shipment 14, Source:1, Going:2, Size:3 In Warehouse: 1
Shipment 15, Source:2, Going:1, Size:3 In Warehouse: 2
Shipment 16, Source:1, Going:2, Size:3 In Warehouse: 1
Shipment 17, Source:3, Going:2, Size:1 In Warehouse: 3
Shipment 18, Source:1, Going:2, Size:1 In Warehouse: 1
Shipment 19, Source:1, Going:2, Size:3 In Warehouse: 1
Shipment 20, Source:1, Going:2, Size:2 In Warehouse: 1
Shipment 21, Source:2, Going:1, Size:1 In Warehouse: 2
Shipment 22, Source:3, Going:1, Size:3 In Warehouse: 3
Shipment 23, Source:2, Going:3, Size:1 In Warehouse: 2
Shipment 24, Source:2, Going:3, Size:1 In Warehouse: 2
Shipment 25, Source:1, Going:2, Size:3 In Warehouse: 1
Shipment 26, Source:2, Going:1, Size:2 In Warehouse: 2
Shipment 27, Source:3, Going:2, Size:2 In Warehouse: 3
Cycle: 7
Truck 1, [74,47] , Cargo:0/4, Speed:2
Truck 2, [49,16] , Cargo:0/2, Speed:4
Truck 3, [79,94] , Cargo:0/4, Speed:2
Truck 4, [30,14] , Cargo:0/2, Speed:4
Truck 5, [14,22] , Cargo:0/5, Speed:1
Truck 6, [45,82] , Cargo:0/2, Speed:4
Truck 7, [88,14] , Cargo:0/5, Speed:1
Truck 8, [82,18] , Cargo:0/3, Speed:3
Truck 9, [51,67] , Cargo:0/3, Speed:3
Truck 10, [30,62] , Cargo:0/2, Speed:4
Truck 11, [57,95] , Cargo:0/2, Speed:4
Truck 12, [38,19] , Cargo:0/2, Speed:4
WareHouse 1, [82, 34], Docks:1, [Shipment7(2,false), Shipment10(2,false), Shipment12(1,false), Shipment14(3,false), Shipment16(3,false), Shipment18(1,false), Shipment19(3,false), Shipment20(2,false), Shipment25(3,false)]
WareHouse 2, [74, 52], Docks:1, [Shipment2(2,false), Shipment3(1,false), Shipment9(1,false), Shipment11(2,false), Shipment15(3,false), Shipment21(1,false), Shipment23(1,false), Shipment24(1,false), Shipment26(2,false)]
WareHouse 3, [38, 14], Docks:1, [Shipment1(3,false), Shipment4(3,false), Shipment5(2,false), Shipment6(2,false), Shipment8(1,false), Shipment13(2,false), Shipment17(1,false), Shipment22(3,false), Shipment27(2,false)]
Shipment 1, Source:3, Going:2, Size:3 In Warehouse: 3
Shipment 2, Source:2, Going:3, Size:2 In Warehouse: 2
Shipment 3, Source:2, Going:1, Size:1 In Warehouse: 2
Shipment 4, Source:3, Going:2, Size:3 In Warehouse: 3
Shipment 5, Source:3, Going:2, Size:2 In Warehouse: 3
Shipment 6, Source:3, Going:2, Size:2 In Warehouse: 3
Shipment 7, Source:1, Going:2, Size:2 In Warehouse: 1
Shipment 8, Source:3, Going:1, Size:1 In Warehouse: 3
Shipment 9, Source:2, Going:3, Size:1 In Warehouse: 2
Shipment 10, Source:1, Going:3, Size:2 In Warehouse: 1
Shipment 11, Source:2, Going:3, Size:2 In Warehouse: 2
Shipment 12, Source:1, Going:3, Size:1 In Warehouse: 1
Shipment 13, Source:3, Going:1, Size:2 In Warehouse: 3
Shipment 14, Source:1, Going:2, Size:3 In Warehouse: 1
Shipment 15, Source:2, Going:1, Size:3 In Warehouse: 2
Shipment 16, Source:1, Going:2, Size:3 In Warehouse: 1
Shipment 17, Source:3, Going:2, Size:1 In Warehouse: 3
Shipment 18, Source:1, Going:2, Size:1 In Warehouse: 1
Shipment 19, Source:1, Going:2, Size:3 In Warehouse: 1
Shipment 20, Source:1, Going:2, Size:2 In Warehouse: 1
Shipment 21, Source:2, Going:1, Size:1 In Warehouse: 2
Shipment 22, Source:3, Going:1, Size:3 In Warehouse: 3
Shipment 23, Source:2, Going:3, Size:1 In Warehouse: 2
Shipment 24, Source:2, Going:3, Size:1 In Warehouse: 2
Shipment 25, Source:1, Going:2, Size:3 In Warehouse: 1
Shipment 26, Source:2, Going:1, Size:2 In Warehouse: 2
Shipment 27, Source:3, Going:2, Size:2 In Warehouse: 3
Cycle: 8
Truck 1, [74,49] , Cargo:0/4, Speed:2
Truck 2, [45,16] , Cargo:0/2, Speed:4
Truck 3, [77,94] , Cargo:0/4, Speed:2
Truck 4, [34,14] , Cargo:0/2, Speed:4
Truck 5, [15,22] , Cargo:0/5, Speed:1
Truck 6, [41,82] , Cargo:0/2, Speed:4
Truck 7, [87,14] , Cargo:0/5, Speed:1
Truck 8, [82,21] , Cargo:0/3, Speed:3
Truck 9, [54,67] , Cargo:0/3, Speed:3
Truck 10, [34,62] , Cargo:0/2, Speed:4
Truck 11, [61,95] , Cargo:0/2, Speed:4
Truck 12, [38,15] , Cargo:0/2, Speed:4
WareHouse 1, [82, 34], Docks:1, [Shipment7(2,false), Shipment10(2,false), Shipment12(1,false), Shipment14(3,false), Shipment16(3,false), Shipment18(1,false), Shipment19(3,false), Shipment20(2,false), Shipment25(3,false)]
WareHouse 2, [74, 52], Docks:1, [Shipment2(2,false), Shipment3(1,false), Shipment9(1,false), Shipment11(2,false), Shipment15(3,false), Shipment21(1,false), Shipment23(1,false), Shipment24(1,false), Shipment26(2,false)]
WareHouse 3, [38, 14], Docks:1, [Shipment1(3,false), Shipment4(3,false), Shipment5(2,false), Shipment6(2,false), Shipment8(1,false), Shipment13(2,false), Shipment17(1,false), Shipment22(3,false), Shipment27(2,false)]
Shipment 1, Source:3, Going:2, Size:3 In Warehouse: 3
Shipment 2, Source:2, Going:3, Size:2 In Warehouse: 2
Shipment 3, Source:2, Going:1, Size:1 In Warehouse: 2
Shipment 4, Source:3, Going:2, Size:3 In Warehouse: 3
Shipment 5, Source:3, Going:2, Size:2 In Warehouse: 3
Shipment 6, Source:3, Going:2, Size:2 In Warehouse: 3
Shipment 7, Source:1, Going:2, Size:2 In Warehouse: 1
Shipment 8, Source:3, Going:1, Size:1 In Warehouse: 3
Shipment 9, Source:2, Going:3, Size:1 In Warehouse: 2
Shipment 10, Source:1, Going:3, Size:2 In Warehouse: 1
Shipment 11, Source:2, Going:3, Size:2 In Warehouse: 2
Shipment 12, Source:1, Going:3, Size:1 In Warehouse: 1
Shipment 13, Source:3, Going:1, Size:2 In Warehouse: 3
Shipment 14, Source:1, Going:2, Size:3 In Warehouse: 1
Shipment 15, Source:2, Going:1, Size:3 In Warehouse: 2
Shipment 16, Source:1, Going:2, Size:3 In Warehouse: 1
Shipment 17, Source:3, Going:2, Size:1 In Warehouse: 3
Shipment 18, Source:1, Going:2, Size:1 In Warehouse: 1
Shipment 19, Source:1, Going:2, Size:3 In Warehouse: 1
Shipment 20, Source:1, Going:2, Size:2 In Warehouse: 1
Shipment 21, Source:2, Going:1, Size:1 In Warehouse: 2
Shipment 22, Source:3, Going:1, Size:3 In Warehouse: 3
Shipment 23, Source:2, Going:3, Size:1 In Warehouse: 2
Shipment 24, Source:2, Going:3, Size:1 In Warehouse: 2
Shipment 25, Source:1, Going:2, Size:3 In Warehouse: 1
Shipment 26, Source:2, Going:1, Size:2 In Warehouse: 2
Shipment 27, Source:3, Going:2, Size:2 In Warehouse: 3
Cycle: 9
Truck 1, [74,51] , Cargo:0/4, Speed:2
Truck 2, [41,16] , Cargo:0/2, Speed:4
Truck 3, [75,94] , Cargo:0/4, Speed:2
Truck 4, [38,14] , Cargo:0/2, Speed:4
Truck 5, [16,22] , Cargo:0/5, Speed:1
Truck 6, [38,82] , Cargo:0/2, Speed:4
Truck 7, [86,14] , Cargo:0/5, Speed:1
Truck 8, [82,24] , Cargo:0/3, Speed:3
Truck 9, [57,67] , Cargo:0/3, Speed:3
Truck 10, [38,62] , Cargo:0/2, Speed:4
Truck 11, [65,95] , Cargo:0/2, Speed:4
Truck 12, [38,14] , Cargo:0/2, Speed:4
WareHouse 1, [82, 34], Docks:1, [Shipment7(2,false), Shipment10(2,false), Shipment12(1,false), Shipment14(3,false), Shipment16(3,false), Shipment18(1,false), Shipment19(3,false), Shipment20(2,false), Shipment25(3,false)]
WareHouse 2, [74, 52], Docks:1, [Shipment2(2,false), Shipment3(1,false), Shipment9(1,false), Shipment11(2,false), Shipment15(3,false), Shipment21(1,false), Shipment23(1,false), Shipment24(1,false), Shipment26(2,false)]
WareHouse 3, [38, 14], Docks:1, [Shipment1(3,false), Shipment4(3,false), Shipment5(2,false), Shipment6(2,false), Shipment8(1,false), Shipment13(2,false), Shipment17(1,false), Shipment22(3,false), Shipment27(2,false)]
Shipment 1, Source:3, Going:2, Size:3 In Warehouse: 3
Shipment 2, Source:2, Going:3, Size:2 In Warehouse: 2
Shipment 3, Source:2, Going:1, Size:1 In Warehouse: 2
Shipment 4, Source:3, Going:2, Size:3 In Warehouse: 3
Shipment 5, Source:3, Going:2, Size:2 In Warehouse: 3
Shipment 6, Source:3, Going:2, Size:2 In Warehouse: 3
Shipment 7, Source:1, Going:2, Size:2 In Warehouse: 1
Shipment 8, Source:3, Going:1, Size:1 In Warehouse: 3
Shipment 9, Source:2, Going:3, Size:1 In Warehouse: 2
Shipment 10, Source:1, Going:3, Size:2 In Warehouse: 1
Shipment 11, Source:2, Going:3, Size:2 In Warehouse: 2
Shipment 12, Source:1, Going:3, Size:1 In Warehouse: 1
Shipment 13, Source:3, Going:1, Size:2 In Warehouse: 3
Shipment 14, Source:1, Going:2, Size:3 In Warehouse: 1
Shipment 15, Source:2, Going:1, Size:3 In Warehouse: 2
Shipment 16, Source:1, Going:2, Size:3 In Warehouse: 1
Shipment 17, Source:3, Going:2, Size:1 In Warehouse: 3
Shipment 18, Source:1, Going:2, Size:1 In Warehouse: 1
Shipment 19, Source:1, Going:2, Size:3 In Warehouse: 1
Shipment 20, Source:1, Going:2, Size:2 In Warehouse: 1
Shipment 21, Source:2, Going:1, Size:1 In Warehouse: 2
Shipment 22, Source:3, Going:1, Size:3 In Warehouse: 3
Shipment 23, Source:2, Going:3, Size:1 In Warehouse: 2
Shipment 24, Source:2, Going:3, Size:1 In Warehouse: 2
Shipment 25, Source:1, Going:2, Size:3 In Warehouse: 1
Shipment 26, Source:2, Going:1, Size:2 In Warehouse: 2
Shipment 27, Source:3, Going:2, Size:2 In Warehouse: 3
Cycle: 10
Truck 1, [74,52] , Cargo:0/4, Speed:2
Truck 2, [38,16] , Cargo:0/2, Speed:4
Truck 3, [74,94] , Cargo:0/4, Speed:2
Truck 4, [42,14] , Cargo:0/2, Speed:4
Truck 5, [17,22] , Cargo:0/5, Speed:1
Truck 6, [38,78] , Cargo:0/2, Speed:4
Truck 7, [85,14] , Cargo:0/5, Speed:1
Truck 8, [82,27] , Cargo:0/3, Speed:3
Truck 9, [60,67] , Cargo:0/3, Speed:3
Truck 10, [42,62] , Cargo:0/2, Speed:4
Truck 11, [69,95] , Cargo:0/2, Speed:4
Truck 12, [38,14] , Cargo:0/2, Speed:4
WareHouse 1, [82, 34], Docks:1, [Shipment7(2,false), Shipment10(2,false), Shipment12(1,false), Shipment14(3,false), Shipment16(3,false), Shipment18(1,false), Shipment19(3,false), Shipment20(2,false), Shipment25(3,false)]
WareHouse 2, [74, 52], Docks:1, [Shipment2(2,false), Shipment3(1,false), Shipment9(1,false), Shipment11(2,false), Shipment15(3,false), Shipment21(1,false), Shipment23(1,false), Shipment24(1,false), Shipment26(2,false)]
WareHouse 3, [38, 14], Docks:1, [Shipment1(3,false), Shipment4(3,false), Shipment5(2,false), Shipment6(2,false), Shipment8(1,false), Shipment13(2,false), Shipment17(1,false), Shipment22(3,false), Shipment27(2,false)]
Shipment 1, Source:3, Going:2, Size:3 In Warehouse: 3
Shipment 2, Source:2, Going:3, Size:2 In Warehouse: 2
Shipment 3, Source:2, Going:1, Size:1 In Warehouse: 2
Shipment 4, Source:3, Going:2, Size:3 In Warehouse: 3
Shipment 5, Source:3, Going:2, Size:2 In Warehouse: 3
Shipment 6, Source:3, Going:2, Size:2 In Warehouse: 3
Shipment 7, Source:1, Going:2, Size:2 In Warehouse: 1
Shipment 8, Source:3, Going:1, Size:1 In Warehouse: 3
Shipment 9, Source:2, Going:3, Size:1 In Warehouse: 2
Shipment 10, Source:1, Going:3, Size:2 In Warehouse: 1
Shipment 11, Source:2, Going:3, Size:2 In Warehouse: 2
Shipment 12, Source:1, Going:3, Size:1 In Warehouse: 1
Shipment 13, Source:3, Going:1, Size:2 In Warehouse: 3
Shipment 14, Source:1, Going:2, Size:3 In Warehouse: 1
Shipment 15, Source:2, Going:1, Size:3 In Warehouse: 2
Shipment 16, Source:1, Going:2, Size:3 In Warehouse: 1
Shipment 17, Source:3, Going:2, Size:1 In Warehouse: 3
Shipment 18, Source:1, Going:2, Size:1 In Warehouse: 1
Shipment 19, Source:1, Going:2, Size:3 In Warehouse: 1
Shipment 20, Source:1, Going:2, Size:2 In Warehouse: 1
Shipment 21, Source:2, Going:1, Size:1 In Warehouse: 2
Shipment 22, Source:3, Going:1, Size:3 In Warehouse: 3
Shipment 23, Source:2, Going:3, Size:1 In Warehouse: 2
Shipment 24, Source:2, Going:3, Size:1 In Warehouse: 2
Shipment 25, Source:1, Going:2, Size:3 In Warehouse: 1
Shipment 26, Source:2, Going:1, Size:2 In Warehouse: 2
Shipment 27, Source:3, Going:2, Size:2 In Warehouse: 3
Cycle: 11
Truck 1, [74,52] , Cargo:0/4, Speed:2
Truck 2, [38,14] , Cargo:0/2, Speed:4
Truck 3, [74,92] , Cargo:0/4, Speed:2
Truck 4, [46,14] , Cargo:0/2, Speed:4
Truck 5, [18,22] , Cargo:0/5, Speed:1
Truck 6, [38,74] , Cargo:0/2, Speed:4
Truck 7, [84,14] , Cargo:0/5, Speed:1
Truck 8, [82,30] , Cargo:0/3, Speed:3
Truck 9, [63,67] , Cargo:0/3, Speed:3
Truck 10, [46,62] , Cargo:0/2, Speed:4
Truck 11, [73,95] , Cargo:0/2, Speed:4
Truck 12, [38,14] , Cargo:0/2, Speed:4
WareHouse 1, [82, 34], Docks:1, [Shipment7(2,false), Shipment10(2,false), Shipment12(1,false), Shipment14(3,false), Shipment16(3,false), Shipment18(1,false), Shipment19(3,false), Shipment20(2,false), Shipment25(3,false)]
WareHouse 2, [74, 52], Docks:1, [Shipment2(2,false), Shipment3(1,false), Shipment9(1,false), Shipment11(2,false), Shipment15(3,false), Shipment21(1,false), Shipment23(1,false), Shipment24(1,false), Shipment26(2,false)]
WareHouse 3, [38, 14], Docks:1, [Shipment1(3,false), Shipment4(3,false), Shipment5(2,false), Shipment6(2,false), Shipment8(1,false), Shipment13(2,false), Shipment17(1,false), Shipment22(3,false), Shipment27(2,false)]
Shipment 1, Source:3, Going:2, Size:3 In Warehouse: 3
Shipment 2, Source:2, Going:3, Size:2 In Warehouse: 2
Shipment 3, Source:2, Going:1, Size:1 In Warehouse: 2
Shipment 4, Source:3, Going:2, Size:3 In Warehouse: 3
Shipment 5, Source:3, Going:2, Size:2 In Warehouse: 3
Shipment 6, Source:3, Going:2, Size:2 In Warehouse: 3
Shipment 7, Source:1, Going:2, Size:2 In Warehouse: 1
Shipment 8, Source:3, Going:1, Size:1 In Warehouse: 3
Shipment 9, Source:2, Going:3, Size:1 In Warehouse: 2
Shipment 10, Source:1, Going:3, Size:2 In Warehouse: 1
Shipment 11, Source:2, Going:3, Size:2 In Warehouse: 2
Shipment 12, Source:1, Going:3, Size:1 In Warehouse: 1
Shipment 13, Source:3, Going:1, Size:2 In Warehouse: 3
Shipment 14, Source:1, Going:2, Size:3 In Warehouse: 1
Shipment 15, Source:2, Going:1, Size:3 In Warehouse: 2
Shipment 16, Source:1, Going:2, Size:3 In Warehouse: 1
Shipment 17, Source:3, Going:2, Size:1 In Warehouse: 3
Shipment 18, Source:1, Going:2, Size:1 In Warehouse: 1
Shipment 19, Source:1, Going:2, Size:3 In Warehouse: 1
Shipment 20, Source:1, Going:2, Size:2 In Warehouse: 1
Shipment 21, Source:2, Going:1, Size:1 In Warehouse: 2
Shipment 22, Source:3, Going:1, Size:3 In Warehouse: 3
Shipment 23, Source:2, Going:3, Size:1 In Warehouse: 2
Shipment 24, Source:2, Going:3, Size:1 In Warehouse: 2
Shipment 25, Source:1, Going:2, Size:3 In Warehouse: 1
Shipment 26, Source:2, Going:1, Size:2 In Warehouse: 2
Shipment 27, Source:3, Going:2, Size:2 In Warehouse: 3
Cycle: 12
Truck 1, [74,52] , Cargo:1/4, Speed:2
 (Id 3 Source: 2, Going: 1, Size:1)
Truck 2, [38,14] , Cargo:0/2, Speed:4
Truck 3, [74,90] , Cargo:0/4, Speed:2
Truck 4, [50,14] , Cargo:0/2, Speed:4
Truck 5, [19,22] , Cargo:0/5, Speed:1
Truck 6, [38,70] , Cargo:0/2, Speed:4
Truck 7, [83,14] , Cargo:0/5, Speed:1
Truck 8, [82,33] , Cargo:0/3, Speed:3
Truck 9, [66,67] , Cargo:0/3, Speed:3
Truck 10, [50,62] , Cargo:0/2, Speed:4
Truck 11, [74,95] , Cargo:0/2, Speed:4
Truck 12, [38,14] , Cargo:2/2, Speed:4
 (Id 27 Source: 3, Going: 2, Size:2)
WareHouse 1, [82, 34], Docks:1, [Shipment7(2,false), Shipment10(2,false), Shipment12(1,false), Shipment14(3,false), Shipment16(3,false), Shipment18(1,false), Shipment19(3,false), Shipment20(2,false), Shipment25(3,false)]
WareHouse 2, [74, 52], Docks:1, [Shipment3(1,true), Shipment9(1,false), Shipment11(2,false), Shipment15(3,false), Shipment21(1,false), Shipment23(1,false), Shipment24(1,false), Shipment26(2,false)]
WareHouse 3, [38, 14], Docks:1, [Shipment4(3,false), Shipment5(2,false), Shipment6(2,false), Shipment8(1,false), Shipment13(2,false), Shipment17(1,false), Shipment22(3,false), Shipment27(2,true)]
Shipment 1, Source:3, Going:2, Size:3 In Warehouse: 3
Shipment 2, Source:2, Going:3, Size:2 In Warehouse: 2
Shipment 3, Source:2, Going:1, Size:1, In Truck: 1
Shipment 4, Source:3, Going:2, Size:3 In Warehouse: 3
Shipment 5, Source:3, Going:2, Size:2 In Warehouse: 3
Shipment 6, Source:3, Going:2, Size:2 In Warehouse: 3
Shipment 7, Source:1, Going:2, Size:2 In Warehouse: 1
Shipment 8, Source:3, Going:1, Size:1 In Warehouse: 3
Shipment 9, Source:2, Going:3, Size:1 In Warehouse: 2
Shipment 10, Source:1, Going:3, Size:2 In Warehouse: 1
Shipment 11, Source:2, Going:3, Size:2 In Warehouse: 2
Shipment 12, Source:1, Going:3, Size:1 In Warehouse: 1
Shipment 13, Source:3, Going:1, Size:2 In Warehouse: 3
Shipment 14, Source:1, Going:2, Size:3 In Warehouse: 1
Shipment 15, Source:2, Going:1, Size:3 In Warehouse: 2
Shipment 16, Source:1, Going:2, Size:3 In Warehouse: 1
Shipment 17, Source:3, Going:2, Size:1 In Warehouse: 3
Shipment 18, Source:1, Going:2, Size:1 In Warehouse: 1
Shipment 19, Source:1, Going:2, Size:3 In Warehouse: 1
Shipment 20, Source:1, Going:2, Size:2 In Warehouse: 1
Shipment 21, Source:2, Going:1, Size:1 In Warehouse: 2
Shipment 22, Source:3, Going:1, Size:3 In Warehouse: 3
Shipment 23, Source:2, Going:3, Size:1 In Warehouse: 2
Shipment 24, Source:2, Going:3, Size:1 In Warehouse: 2
Shipment 25, Source:1, Going:2, Size:3 In Warehouse: 1
Shipment 26, Source:2, Going:1, Size:2 In Warehouse: 2
Shipment 27, Source:3, Going:2, Size:2, In Truck: 12
Cycle: 13
Truck 1, [76,52] , Cargo:1/4, Speed:2
 (Id 3 Source: 2, Going: 1, Size:1)
Truck 2, [38,14] , Cargo:0/2, Speed:4
Truck 3, [74,88] , Cargo:0/4, Speed:2
Truck 4, [54,14] , Cargo:0/2, Speed:4
Truck 5, [20,22] , Cargo:0/5, Speed:1
Truck 6, [38,66] , Cargo:0/2, Speed:4
Truck 7, [82,14] , Cargo:0/5, Speed:1
Truck 8, [82,34] , Cargo:0/3, Speed:3
Truck 9, [69,67] , Cargo:0/3, Speed:3
Truck 10, [54,62] , Cargo:0/2, Speed:4
Truck 11, [74,91] , Cargo:0/2, Speed:4
Truck 12, [42,14] , Cargo:2/2, Speed:4
 (Id 27 Source: 3, Going: 2, Size:2)
WareHouse 1, [82, 34], Docks:1, [Shipment7(2,false), Shipment10(2,false), Shipment12(1,false), Shipment14(3,false), Shipment16(3,false), Shipment18(1,false), Shipment19(3,false), Shipment20(2,false), Shipment25(3,false)]
WareHouse 2, [74, 52], Docks:1, [Shipment3(1,true), Shipment9(1,false), Shipment11(2,false), Shipment15(3,false), Shipment21(1,false), Shipment23(1,false), Shipment24(1,false), Shipment26(2,false)]
WareHouse 3, [38, 14], Docks:1, [Shipment4(3,false), Shipment5(2,false), Shipment6(2,false), Shipment8(1,false), Shipment13(2,false), Shipment17(1,false), Shipment22(3,false), Shipment27(2,true)]
Shipment 1, Source:3, Going:2, Size:3 In Warehouse: 3
Shipment 2, Source:2, Going:3, Size:2 In Warehouse: 2
Shipment 3, Source:2, Going:1, Size:1, In Truck: 1
Shipment 4, Source:3, Going:2, Size:3 In Warehouse: 3
Shipment 5, Source:3, Going:2, Size:2 In Warehouse: 3
Shipment 6, Source:3, Going:2, Size:2 In Warehouse: 3
Shipment 7, Source:1, Going:2, Size:2 In Warehouse: 1
Shipment 8, Source:3, Going:1, Size:1 In Warehouse: 3
Shipment 9, Source:2, Going:3, Size:1 In Warehouse: 2
Shipment 10, Source:1, Going:3, Size:2 In Warehouse: 1
Shipment 11, Source:2, Going:3, Size:2 In Warehouse: 2
Shipment 12, Source:1, Going:3, Size:1 In Warehouse: 1
Shipment 13, Source:3, Going:1, Size:2 In Warehouse: 3
Shipment 14, Source:1, Going:2, Size:3 In Warehouse: 1
Shipment 15, Source:2, Going:1, Size:3 In Warehouse: 2
Shipment 16, Source:1, Going:2, Size:3 In Warehouse: 1
Shipment 17, Source:3, Going:2, Size:1 In Warehouse: 3
Shipment 18, Source:1, Going:2, Size:1 In Warehouse: 1
Shipment 19, Source:1, Going:2, Size:3 In Warehouse: 1
Shipment 20, Source:1, Going:2, Size:2 In Warehouse: 1
Shipment 21, Source:2, Going:1, Size:1 In Warehouse: 2
Shipment 22, Source:3, Going:1, Size:3 In Warehouse: 3
Shipment 23, Source:2, Going:3, Size:1 In Warehouse: 2
Shipment 24, Source:2, Going:3, Size:1 In Warehouse: 2
Shipment 25, Source:1, Going:2, Size:3 In Warehouse: 1
Shipment 26, Source:2, Going:1, Size:2 In Warehouse: 2
Shipment 27, Source:3, Going:2, Size:2, In Truck: 12
Cycle: 14
Truck 1, [78,52] , Cargo:1/4, Speed:2
 (Id 3 Source: 2, Going: 1, Size:1)
Truck 2, [38,14] , Cargo:2/2, Speed:4
 (Id 5 Source: 3, Going: 2, Size:2)
Truck 3, [74,86] , Cargo:0/4, Speed:2
Truck 4, [58,14] , Cargo:0/2, Speed:4
Truck 5, [21,22] , Cargo:0/5, Speed:1
Truck 6, [38,62] , Cargo:0/2, Speed:4
Truck 7, [82,15] , Cargo:0/5, Speed:1
Truck 8, [82,34] , Cargo:0/3, Speed:3
Truck 9, [72,67] , Cargo:0/3, Speed:3
Truck 10, [58,62] , Cargo:0/2, Speed:4
Truck 11, [74,87] , Cargo:0/2, Speed:4
Truck 12, [46,14] , Cargo:2/2, Speed:4
 (Id 27 Source: 3, Going: 2, Size:2)
WareHouse 1, [82, 34], Docks:1, [Shipment7(2,false), Shipment10(2,false), Shipment12(1,false), Shipment14(3,false), Shipment16(3,false), Shipment18(1,false), Shipment19(3,false), Shipment20(2,false), Shipment25(3,false)]
WareHouse 2, [74, 52], Docks:1, [Shipment3(1,true), Shipment9(1,false), Shipment11(2,false), Shipment15(3,false), Shipment21(1,false), Shipment23(1,false), Shipment24(1,false), Shipment26(2,false)]
WareHouse 3, [38, 14], Docks:1, [Shipment5(2,true), Shipment6(2,false), Shipment8(1,false), Shipment13(2,false), Shipment17(1,false), Shipment22(3,false), Shipment27(2,true)]
Shipment 1, Source:3, Going:2, Size:3 In Warehouse: 3
Shipment 2, Source:2, Going:3, Size:2 In Warehouse: 2
Shipment 3, Source:2, Going:1, Size:1, In Truck: 1
Shipment 4, Source:3, Going:2, Size:3 In Warehouse: 3
Shipment 5, Source:3, Going:2, Size:2, In Truck: 2
Shipment 6, Source:3, Going:2, Size:2 In Warehouse: 3
Shipment 7, Source:1, Going:2, Size:2 In Warehouse: 1
Shipment 8, Source:3, Going:1, Size:1 In Warehouse: 3
Shipment 9, Source:2, Going:3, Size:1 In Warehouse: 2
Shipment 10, Source:1, Going:3, Size:2 In Warehouse: 1
Shipment 11, Source:2, Going:3, Size:2 In Warehouse: 2
Shipment 12, Source:1, Going:3, Size:1 In Warehouse: 1
Shipment 13, Source:3, Going:1, Size:2 In Warehouse: 3
Shipment 14, Source:1, Going:2, Size:3 In Warehouse: 1
Shipment 15, Source:2, Going:1, Size:3 In Warehouse: 2
Shipment 16, Source:1, Going:2, Size:3 In Warehouse: 1
Shipment 17, Source:3, Going:2, Size:1 In Warehouse: 3
Shipment 18, Source:1, Going:2, Size:1 In Warehouse: 1
Shipment 19, Source:1, Going:2, Size:3 In Warehouse: 1
Shipment 20, Source:1, Going:2, Size:2 In Warehouse: 1
Shipment 21, Source:2, Going:1, Size:1 In Warehouse: 2
Shipment 22, Source:3, Going:1, Size:3 In Warehouse: 3
Shipment 23, Source:2, Going:3, Size:1 In Warehouse: 2
Shipment 24, Source:2, Going:3, Size:1 In Warehouse: 2
Shipment 25, Source:1, Going:2, Size:3 In Warehouse: 1
Shipment 26, Source:2, Going:1, Size:2 In Warehouse: 2
Shipment 27, Source:3, Going:2, Size:2, In Truck: 12
Cycle: 15
Truck 1, [80,52] , Cargo:1/4, Speed:2
 (Id 3 Source: 2, Going: 1, Size:1)
Truck 2, [42,14] , Cargo:2/2, Speed:4
 (Id 5 Source: 3, Going: 2, Size:2)
Truck 3, [74,84] , Cargo:0/4, Speed:2
Truck 4, [62,14] , Cargo:0/2, Speed:4
Truck 5, [22,22] , Cargo:0/5, Speed:1
Truck 6, [38,58] , Cargo:0/2, Speed:4
Truck 7, [82,16] , Cargo:0/5, Speed:1
Truck 8, [82,34] , Cargo:0/3, Speed:3
Truck 9, [74,67] , Cargo:0/3, Speed:3
Truck 10, [62,62] , Cargo:0/2, Speed:4
Truck 11, [74,83] , Cargo:0/2, Speed:4
Truck 12, [50,14] , Cargo:2/2, Speed:4
 (Id 27 Source: 3, Going: 2, Size:2)
WareHouse 1, [82, 34], Docks:1, [Shipment7(2,false), Shipment10(2,false), Shipment12(1,false), Shipment14(3,false), Shipment16(3,false), Shipment18(1,false), Shipment19(3,false), Shipment20(2,false), Shipment25(3,false)]
WareHouse 2, [74, 52], Docks:1, [Shipment3(1,true), Shipment9(1,false), Shipment11(2,false), Shipment15(3,false), Shipment21(1,false), Shipment23(1,false), Shipment24(1,false), Shipment26(2,false)]
WareHouse 3, [38, 14], Docks:1, [Shipment5(2,true), Shipment6(2,false), Shipment8(1,false), Shipment13(2,false), Shipment17(1,false), Shipment22(3,false), Shipment27(2,true)]
Shipment 1, Source:3, Going:2, Size:3 In Warehouse: 3
Shipment 2, Source:2, Going:3, Size:2 In Warehouse: 2
Shipment 3, Source:2, Going:1, Size:1, In Truck: 1
Shipment 4, Source:3, Going:2, Size:3 In Warehouse: 3
Shipment 5, Source:3, Going:2, Size:2, In Truck: 2
Shipment 6, Source:3, Going:2, Size:2 In Warehouse: 3
Shipment 7, Source:1, Going:2, Size:2 In Warehouse: 1
Shipment 8, Source:3, Going:1, Size:1 In Warehouse: 3
Shipment 9, Source:2, Going:3, Size:1 In Warehouse: 2
Shipment 10, Source:1, Going:3, Size:2 In Warehouse: 1
Shipment 11, Source:2, Going:3, Size:2 In Warehouse: 2
Shipment 12, Source:1, Going:3, Size:1 In Warehouse: 1
Shipment 13, Source:3, Going:1, Size:2 In Warehouse: 3
Shipment 14, Source:1, Going:2, Size:3 In Warehouse: 1
Shipment 15, Source:2, Going:1, Size:3 In Warehouse: 2
Shipment 16, Source:1, Going:2, Size:3 In Warehouse: 1
Shipment 17, Source:3, Going:2, Size:1 In Warehouse: 3
Shipment 18, Source:1, Going:2, Size:1 In Warehouse: 1
Shipment 19, Source:1, Going:2, Size:3 In Warehouse: 1
Shipment 20, Source:1, Going:2, Size:2 In Warehouse: 1
Shipment 21, Source:2, Going:1, Size:1 In Warehouse: 2
Shipment 22, Source:3, Going:1, Size:3 In Warehouse: 3
Shipment 23, Source:2, Going:3, Size:1 In Warehouse: 2
Shipment 24, Source:2, Going:3, Size:1 In Warehouse: 2
Shipment 25, Source:1, Going:2, Size:3 In Warehouse: 1
Shipment 26, Source:2, Going:1, Size:2 In Warehouse: 2
Shipment 27, Source:3, Going:2, Size:2, In Truck: 12
Cycle: 16
Truck 1, [82,52] , Cargo:1/4, Speed:2
 (Id 3 Source: 2, Going: 1, Size:1)
Truck 2, [46,14] , Cargo:2/2, Speed:4
 (Id 5 Source: 3, Going: 2, Size:2)
Truck 3, [74,82] , Cargo:0/4, Speed:2
Truck 4, [66,14] , Cargo:0/2, Speed:4
Truck 5, [23,22] , Cargo:0/5, Speed:1
Truck 6, [38,54] , Cargo:0/2, Speed:4
Truck 7, [82,17] , Cargo:0/5, Speed:1
Truck 8, [82,34] , Cargo:0/3, Speed:3
Truck 9, [74,64] , Cargo:0/3, Speed:3
Truck 10, [66,62] , Cargo:0/2, Speed:4
Truck 11, [74,79] , Cargo:0/2, Speed:4
Truck 12, [54,14] , Cargo:2/2, Speed:4
 (Id 27 Source: 3, Going: 2, Size:2)
WareHouse 1, [82, 34], Docks:1, [Shipment7(2,false), Shipment10(2,false), Shipment12(1,false), Shipment14(3,false), Shipment16(3,false), Shipment18(1,false), Shipment19(3,false), Shipment20(2,false), Shipment25(3,false)]
WareHouse 2, [74, 52], Docks:1, [Shipment3(1,true), Shipment9(1,false), Shipment11(2,false), Shipment15(3,false), Shipment21(1,false), Shipment23(1,false), Shipment24(1,false), Shipment26(2,false)]
WareHouse 3, [38, 14], Docks:1, [Shipment5(2,true), Shipment6(2,false), Shipment8(1,false), Shipment13(2,false), Shipment17(1,false), Shipment22(3,false), Shipment27(2,true)]
Shipment 1, Source:3, Going:2, Size:3 In Warehouse: 3
Shipment 2, Source:2, Going:3, Size:2 In Warehouse: 2
Shipment 3, Source:2, Going:1, Size:1, In Truck: 1
Shipment 4, Source:3, Going:2, Size:3 In Warehouse: 3
Shipment 5, Source:3, Going:2, Size:2, In Truck: 2
Shipment 6, Source:3, Going:2, Size:2 In Warehouse: 3
Shipment 7, Source:1, Going:2, Size:2 In Warehouse: 1
Shipment 8, Source:3, Going:1, Size:1 In Warehouse: 3
Shipment 9, Source:2, Going:3, Size:1 In Warehouse: 2
Shipment 10, Source:1, Going:3, Size:2 In Warehouse: 1
Shipment 11, Source:2, Going:3, Size:2 In Warehouse: 2
Shipment 12, Source:1, Going:3, Size:1 In Warehouse: 1
Shipment 13, Source:3, Going:1, Size:2 In Warehouse: 3
Shipment 14, Source:1, Going:2, Size:3 In Warehouse: 1
Shipment 15, Source:2, Going:1, Size:3 In Warehouse: 2
Shipment 16, Source:1, Going:2, Size:3 In Warehouse: 1
Shipment 17, Source:3, Going:2, Size:1 In Warehouse: 3
Shipment 18, Source:1, Going:2, Size:1 In Warehouse: 1
Shipment 19, Source:1, Going:2, Size:3 In Warehouse: 1
Shipment 20, Source:1, Going:2, Size:2 In Warehouse: 1
Shipment 21, Source:2, Going:1, Size:1 In Warehouse: 2
Shipment 22, Source:3, Going:1, Size:3 In Warehouse: 3
Shipment 23, Source:2, Going:3, Size:1 In Warehouse: 2
Shipment 24, Source:2, Going:3, Size:1 In Warehouse: 2
Shipment 25, Source:1, Going:2, Size:3 In Warehouse: 1
Shipment 26, Source:2, Going:1, Size:2 In Warehouse: 2
Shipment 27, Source:3, Going:2, Size:2, In Truck: 12
Cycle: 17
Truck 1, [82,50] , Cargo:1/4, Speed:2
 (Id 3 Source: 2, Going: 1, Size:1)
Truck 2, [50,14] , Cargo:2/2, Speed:4
 (Id 5 Source: 3, Going: 2, Size:2)
Truck 3, [74,80] , Cargo:0/4, Speed:2
Truck 4, [70,14] , Cargo:0/2, Speed:4
Truck 5, [24,22] , Cargo:0/5, Speed:1
Truck 6, [38,50] , Cargo:0/2, Speed:4
Truck 7, [82,18] , Cargo:0/5, Speed:1
Truck 8, [82,34] , Cargo:3/3, Speed:3
 (Id 19 Source: 1, Going: 2, Size:3)
Truck 9, [74,61] , Cargo:0/3, Speed:3
Truck 10, [70,62] , Cargo:0/2, Speed:4
Truck 11, [74,75] , Cargo:0/2, Speed:4
Truck 12, [58,14] , Cargo:2/2, Speed:4
 (Id 27 Source: 3, Going: 2, Size:2)
WareHouse 1, [82, 34], Docks:1, [Shipment10(2,false), Shipment12(1,false), Shipment14(3,false), Shipment16(3,false), Shipment18(1,false), Shipment19(3,true), Shipment20(2,false), Shipment25(3,false)]
WareHouse 2, [74, 52], Docks:1, [Shipment3(1,true), Shipment9(1,false), Shipment11(2,false), Shipment15(3,false), Shipment21(1,false), Shipment23(1,false), Shipment24(1,false), Shipment26(2,false)]
WareHouse 3, [38, 14], Docks:1, [Shipment5(2,true), Shipment6(2,false), Shipment8(1,false), Shipment13(2,false), Shipment17(1,false), Shipment22(3,false), Shipment27(2,true)]
Shipment 1, Source:3, Going:2, Size:3 In Warehouse: 3
Shipment 2, Source:2, Going:3, Size:2 In Warehouse: 2
Shipment 3, Source:2, Going:1, Size:1, In Truck: 1
Shipment 4, Source:3, Going:2, Size:3 In Warehouse: 3
Shipment 5, Source:3, Going:2, Size:2, In Truck: 2
Shipment 6, Source:3, Going:2, Size:2 In Warehouse: 3
Shipment 7, Source:1, Going:2, Size:2 In Warehouse: 1
Shipment 8, Source:3, Going:1, Size:1 In Warehouse: 3
Shipment 9, Source:2, Going:3, Size:1 In Warehouse: 2
Shipment 10, Source:1, Going:3, Size:2 In Warehouse: 1
Shipment 11, Source:2, Going:3, Size:2 In Warehouse: 2
Shipment 12, Source:1, Going:3, Size:1 In Warehouse: 1
Shipment 13, Source:3, Going:1, Size:2 In Warehouse: 3
Shipment 14, Source:1, Going:2, Size:3 In Warehouse: 1
Shipment 15, Source:2, Going:1, Size:3 In Warehouse: 2
Shipment 16, Source:1, Going:2, Size:3 In Warehouse: 1
Shipment 17, Source:3, Going:2, Size:1 In Warehouse: 3
Shipment 18, Source:1, Going:2, Size:1 In Warehouse: 1
Shipment 19, Source:1, Going:2, Size:3, In Truck: 8
Shipment 20, Source:1, Going:2, Size:2 In Warehouse: 1
Shipment 21, Source:2, Going:1, Size:1 In Warehouse: 2
Shipment 22, Source:3, Going:1, Size:3 In Warehouse: 3
Shipment 23, Source:2, Going:3, Size:1 In Warehouse: 2
Shipment 24, Source:2, Going:3, Size:1 In Warehouse: 2
Shipment 25, Source:1, Going:2, Size:3 In Warehouse: 1
Shipment 26, Source:2, Going:1, Size:2 In Warehouse: 2
Shipment 27, Source:3, Going:2, Size:2, In Truck: 12
Cycle: 18
Truck 1, [82,48] , Cargo:1/4, Speed:2
 (Id 3 Source: 2, Going: 1, Size:1)
Truck 2, [54,14] , Cargo:2/2, Speed:4
 (Id 5 Source: 3, Going: 2, Size:2)
Truck 3, [74,78] , Cargo:0/4, Speed:2
Truck 4, [74,14] , Cargo:0/2, Speed:4
Truck 5, [25,22] , Cargo:0/5, Speed:1
Truck 6, [38,46] , Cargo:0/2, Speed:4
Truck 7, [82,19] , Cargo:0/5, Speed:1
Truck 8, [79,34] , Cargo:3/3, Speed:3
 (Id 19 Source: 1, Going: 2, Size:3)
Truck 9, [74,58] , Cargo:0/3, Speed:3
Truck 10, [74,62] , Cargo:0/2, Speed:4
Truck 11, [74,71] , Cargo:0/2, Speed:4
Truck 12, [62,14] , Cargo:2/2, Speed:4
 (Id 27 Source: 3, Going: 2, Size:2)
WareHouse 1, [82, 34], Docks:1, [Shipment10(2,false), Shipment12(1,false), Shipment14(3,false), Shipment16(3,false), Shipment18(1,false), Shipment19(3,true), Shipment20(2,false), Shipment25(3,false)]
WareHouse 2, [74, 52], Docks:1, [Shipment3(1,true), Shipment9(1,false), Shipment11(2,false), Shipment15(3,false), Shipment21(1,false), Shipment23(1,false), Shipment24(1,false), Shipment26(2,false)]
WareHouse 3, [38, 14], Docks:1, [Shipment5(2,true), Shipment6(2,false), Shipment8(1,false), Shipment13(2,false), Shipment17(1,false), Shipment22(3,false), Shipment27(2,true)]
Shipment 1, Source:3, Going:2, Size:3 In Warehouse: 3
Shipment 2, Source:2, Going:3, Size:2 In Warehouse: 2
Shipment 3, Source:2, Going:1, Size:1, In Truck: 1
Shipment 4, Source:3, Going:2, Size:3 In Warehouse: 3
Shipment 5, Source:3, Going:2, Size:2, In Truck: 2
Shipment 6, Source:3, Going:2, Size:2 In Warehouse: 3
Shipment 7, Source:1, Going:2, Size:2 In Warehouse: 1
Shipment 8, Source:3, Going:1, Size:1 In Warehouse: 3
Shipment 9, Source:2, Going:3, Size:1 In Warehouse: 2
Shipment 10, Source:1, Going:3, Size:2 In Warehouse: 1
Shipment 11, Source:2, Going:3, Size:2 In Warehouse: 2
Shipment 12, Source:1, Going:3, Size:1 In Warehouse: 1
Shipment 13, Source:3, Going:1, Size:2 In Warehouse: 3
Shipment 14, Source:1, Going:2, Size:3 In Warehouse: 1
Shipment 15, Source:2, Going:1, Size:3 In Warehouse: 2
Shipment 16, Source:1, Going:2, Size:3 In Warehouse: 1
Shipment 17, Source:3, Going:2, Size:1 In Warehouse: 3
Shipment 18, Source:1, Going:2, Size:1 In Warehouse: 1
Shipment 19, Source:1, Going:2, Size:3, In Truck: 8
Shipment 20, Source:1, Going:2, Size:2 In Warehouse: 1
Shipment 21, Source:2, Going:1, Size:1 In Warehouse: 2
Shipment 22, Source:3, Going:1, Size:3 In Warehouse: 3
Shipment 23, Source:2, Going:3, Size:1 In Warehouse: 2
Shipment 24, Source:2, Going:3, Size:1 In Warehouse: 2
Shipment 25, Source:1, Going:2, Size:3 In Warehouse: 1
Shipment 26, Source:2, Going:1, Size:2 In Warehouse: 2
Shipment 27, Source:3, Going:2, Size:2, In Truck: 12
Cycle: 19
Truck 1, [82,46] , Cargo:1/4, Speed:2
 (Id 3 Source: 2, Going: 1, Size:1)
Truck 2, [58,14] , Cargo:2/2, Speed:4
 (Id 5 Source: 3, Going: 2, Size:2)
Truck 3, [74,76] , Cargo:0/4, Speed:2
Truck 4, [78,14] , Cargo:0/2, Speed:4
Truck 5, [26,22] , Cargo:0/5, Speed:1
Truck 6, [38,42] , Cargo:0/2, Speed:4
Truck 7, [82,20] , Cargo:0/5, Speed:1
Truck 8, [76,34] , Cargo:3/3, Speed:3
 (Id 19 Source: 1, Going: 2, Size:3)
Truck 9, [74,55] , Cargo:0/3, Speed:3
Truck 10, [74,58] , Cargo:0/2, Speed:4
Truck 11, [74,67] , Cargo:0/2, Speed:4
Truck 12, [66,14] , Cargo:2/2, Speed:4
 (Id 27 Source: 3, Going: 2, Size:2)
WareHouse 1, [82, 34], Docks:1, [Shipment10(2,false), Shipment12(1,false), Shipment14(3,false), Shipment16(3,false), Shipment18(1,false), Shipment19(3,true), Shipment20(2,false), Shipment25(3,false)]
WareHouse 2, [74, 52], Docks:1, [Shipment3(1,true), Shipment9(1,false), Shipment11(2,false), Shipment15(3,false), Shipment21(1,false), Shipment23(1,false), Shipment24(1,false), Shipment26(2,false)]
WareHouse 3, [38, 14], Docks:1, [Shipment5(2,true), Shipment6(2,false), Shipment8(1,false), Shipment13(2,false), Shipment17(1,false), Shipment22(3,false), Shipment27(2,true)]
Shipment 1, Source:3, Going:2, Size:3 In Warehouse: 3
Shipment 2, Source:2, Going:3, Size:2 In Warehouse: 2
Shipment 3, Source:2, Going:1, Size:1, In Truck: 1
Shipment 4, Source:3, Going:2, Size:3 In Warehouse: 3
Shipment 5, Source:3, Going:2, Size:2, In Truck: 2
Shipment 6, Source:3, Going:2, Size:2 In Warehouse: 3
Shipment 7, Source:1, Going:2, Size:2 In Warehouse: 1
Shipment 8, Source:3, Going:1, Size:1 In Warehouse: 3
Shipment 9, Source:2, Going:3, Size:1 In Warehouse: 2
Shipment 10, Source:1, Going:3, Size:2 In Warehouse: 1
Shipment 11, Source:2, Going:3, Size:2 In Warehouse: 2
Shipment 12, Source:1, Going:3, Size:1 In Warehouse: 1
Shipment 13, Source:3, Going:1, Size:2 In Warehouse: 3
Shipment 14, Source:1, Going:2, Size:3 In Warehouse: 1
Shipment 15, Source:2, Going:1, Size:3 In Warehouse: 2
Shipment 16, Source:1, Going:2, Size:3 In Warehouse: 1
Shipment 17, Source:3, Going:2, Size:1 In Warehouse: 3
Shipment 18, Source:1, Going:2, Size:1 In Warehouse: 1
Shipment 19, Source:1, Going:2, Size:3, In Truck: 8
Shipment 20, Source:1, Going:2, Size:2 In Warehouse: 1
Shipment 21, Source:2, Going:1, Size:1 In Warehouse: 2
Shipment 22, Source:3, Going:1, Size:3 In Warehouse: 3
Shipment 23, Source:2, Going:3, Size:1 In Warehouse: 2
Shipment 24, Source:2, Going:3, Size:1 In Warehouse: 2
Shipment 25, Source:1, Going:2, Size:3 In Warehouse: 1
Shipment 26, Source:2, Going:1, Size:2 In Warehouse: 2
Shipment 27, Source:3, Going:2, Size:2, In Truck: 12
Cycle: 20
Truck 1, [82,44] , Cargo:1/4, Speed:2
 (Id 3 Source: 2, Going: 1, Size:1)
Truck 2, [62,14] , Cargo:2/2, Speed:4
 (Id 5 Source: 3, Going: 2, Size:2)
Truck 3, [74,74] , Cargo:0/4, Speed:2
Truck 4, [82,14] , Cargo:0/2, Speed:4
Truck 5, [27,22] , Cargo:0/5, Speed:1
Truck 6, [38,38] , Cargo:0/2, Speed:4
Truck 7, [82,21] , Cargo:0/5, Speed:1
Truck 8, [74,34] , Cargo:3/3, Speed:3
 (Id 19 Source: 1, Going: 2, Size:3)
Truck 9, [74,52] , Cargo:0/3, Speed:3
Truck 10, [74,54] , Cargo:0/2, Speed:4
Truck 11, [74,63] , Cargo:0/2, Speed:4
Truck 12, [70,14] , Cargo:2/2, Speed:4
 (Id 27 Source: 3, Going: 2, Size:2)
WareHouse 1, [82, 34], Docks:1, [Shipment10(2,false), Shipment12(1,false), Shipment14(3,false), Shipment16(3,false), Shipment18(1,false), Shipment19(3,true), Shipment20(2,false), Shipment25(3,false)]
WareHouse 2, [74, 52], Docks:1, [Shipment3(1,true), Shipment9(1,false), Shipment11(2,false), Shipment15(3,false), Shipment21(1,false), Shipment23(1,false), Shipment24(1,false), Shipment26(2,false)]
WareHouse 3, [38, 14], Docks:1, [Shipment5(2,true), Shipment6(2,false), Shipment8(1,false), Shipment13(2,false), Shipment17(1,false), Shipment22(3,false), Shipment27(2,true)]
Shipment 1, Source:3, Going:2, Size:3 In Warehouse: 3
Shipment 2, Source:2, Going:3, Size:2 In Warehouse: 2
Shipment 3, Source:2, Going:1, Size:1, In Truck: 1
Shipment 4, Source:3, Going:2, Size:3 In Warehouse: 3
Shipment 5, Source:3, Going:2, Size:2, In Truck: 2
Shipment 6, Source:3, Going:2, Size:2 In Warehouse: 3
Shipment 7, Source:1, Going:2, Size:2 In Warehouse: 1
Shipment 8, Source:3, Going:1, Size:1 In Warehouse: 3
Shipment 9, Source:2, Going:3, Size:1 In Warehouse: 2
Shipment 10, Source:1, Going:3, Size:2 In Warehouse: 1
Shipment 11, Source:2, Going:3, Size:2 In Warehouse: 2
Shipment 12, Source:1, Going:3, Size:1 In Warehouse: 1
Shipment 13, Source:3, Going:1, Size:2 In Warehouse: 3
Shipment 14, Source:1, Going:2, Size:3 In Warehouse: 1
Shipment 15, Source:2, Going:1, Size:3 In Warehouse: 2
Shipment 16, Source:1, Going:2, Size:3 In Warehouse: 1
Shipment 17, Source:3, Going:2, Size:1 In Warehouse: 3
Shipment 18, Source:1, Going:2, Size:1 In Warehouse: 1
Shipment 19, Source:1, Going:2, Size:3, In Truck: 8
Shipment 20, Source:1, Going:2, Size:2 In Warehouse: 1
Shipment 21, Source:2, Going:1, Size:1 In Warehouse: 2
Shipment 22, Source:3, Going:1, Size:3 In Warehouse: 3
Shipment 23, Source:2, Going:3, Size:1 In Warehouse: 2
Shipment 24, Source:2, Going:3, Size:1 In Warehouse: 2
Shipment 25, Source:1, Going:2, Size:3 In Warehouse: 1
Shipment 26, Source:2, Going:1, Size:2 In Warehouse: 2
Shipment 27, Source:3, Going:2, Size:2, In Truck: 12
Cycle: 21
Truck 1, [82,42] , Cargo:1/4, Speed:2
 (Id 3 Source: 2, Going: 1, Size:1)
Truck 2, [66,14] , Cargo:2/2, Speed:4
 (Id 5 Source: 3, Going: 2, Size:2)
Truck 3, [74,72] , Cargo:0/4, Speed:2
Truck 4, [82,18] , Cargo:0/2, Speed:4
Truck 5, [28,22] , Cargo:0/5, Speed:1
Truck 6, [38,34] , Cargo:0/2, Speed:4
Truck 7, [82,22] , Cargo:0/5, Speed:1
Truck 8, [74,37] , Cargo:3/3, Speed:3
 (Id 19 Source: 1, Going: 2, Size:3)
Truck 9, [74,52] , Cargo:0/3, Speed:3
Truck 10, [74,52] , Cargo:0/2, Speed:4
Truck 11, [74,59] , Cargo:0/2, Speed:4
Truck 12, [74,14] , Cargo:2/2, Speed:4
 (Id 27 Source: 3, Going: 2, Size:2)
WareHouse 1, [82, 34], Docks:1, [Shipment10(2,false), Shipment12(1,false), Shipment14(3,false), Shipment16(3,false), Shipment18(1,false), Shipment19(3,true), Shipment20(2,false), Shipment25(3,false)]
WareHouse 2, [74, 52], Docks:1, [Shipment3(1,true), Shipment9(1,false), Shipment11(2,false), Shipment15(3,false), Shipment21(1,false), Shipment23(1,false), Shipment24(1,false), Shipment26(2,false)]
WareHouse 3, [38, 14], Docks:1, [Shipment5(2,true), Shipment6(2,false), Shipment8(1,false), Shipment13(2,false), Shipment17(1,false), Shipment22(3,false), Shipment27(2,true)]
Shipment 1, Source:3, Going:2, Size:3 In Warehouse: 3
Shipment 2, Source:2, Going:3, Size:2 In Warehouse: 2
Shipment 3, Source:2, Going:1, Size:1, In Truck: 1
Shipment 4, Source:3, Going:2, Size:3 In Warehouse: 3
Shipment 5, Source:3, Going:2, Size:2, In Truck: 2
Shipment 6, Source:3, Going:2, Size:2 In Warehouse: 3
Shipment 7, Source:1, Going:2, Size:2 In Warehouse: 1
Shipment 8, Source:3, Going:1, Size:1 In Warehouse: 3
Shipment 9, Source:2, Going:3, Size:1 In Warehouse: 2
Shipment 10, Source:1, Going:3, Size:2 In Warehouse: 1
Shipment 11, Source:2, Going:3, Size:2 In Warehouse: 2
Shipment 12, Source:1, Going:3, Size:1 In Warehouse: 1
Shipment 13, Source:3, Going:1, Size:2 In Warehouse: 3
Shipment 14, Source:1, Going:2, Size:3 In Warehouse: 1
Shipment 15, Source:2, Going:1, Size:3 In Warehouse: 2
Shipment 16, Source:1, Going:2, Size:3 In Warehouse: 1
Shipment 17, Source:3, Going:2, Size:1 In Warehouse: 3
Shipment 18, Source:1, Going:2, Size:1 In Warehouse: 1
Shipment 19, Source:1, Going:2, Size:3, In Truck: 8
Shipment 20, Source:1, Going:2, Size:2 In Warehouse: 1
Shipment 21, Source:2, Going:1, Size:1 In Warehouse: 2
Shipment 22, Source:3, Going:1, Size:3 In Warehouse: 3
Shipment 23, Source:2, Going:3, Size:1 In Warehouse: 2
Shipment 24, Source:2, Going:3, Size:1 In Warehouse: 2
Shipment 25, Source:1, Going:2, Size:3 In Warehouse: 1
Shipment 26, Source:2, Going:1, Size:2 In Warehouse: 2
Shipment 27, Source:3, Going:2, Size:2, In Truck: 12
Cycle: 22
Truck 1, [82,40] , Cargo:1/4, Speed:2
 (Id 3 Source: 2, Going: 1, Size:1)
Truck 2, [70,14] , Cargo:2/2, Speed:4
 (Id 5 Source: 3, Going: 2, Size:2)
Truck 3, [74,70] , Cargo:0/4, Speed:2
Truck 4, [82,22] , Cargo:0/2, Speed:4
Truck 5, [29,22] , Cargo:0/5, Speed:1
Truck 6, [38,30] , Cargo:0/2, Speed:4
Truck 7, [82,23] , Cargo:0/5, Speed:1
Truck 8, [74,40] , Cargo:3/3, Speed:3
 (Id 19 Source: 1, Going: 2, Size:3)
Truck 9, [74,52] , Cargo:1/3, Speed:3
 (Id 21 Source: 2, Going: 1, Size:1)
Truck 10, [74,52] , Cargo:0/2, Speed:4
Truck 11, [74,55] , Cargo:0/2, Speed:4
Truck 12, [74,18] , Cargo:2/2, Speed:4
 (Id 27 Source: 3, Going: 2, Size:2)
WareHouse 1, [82, 34], Docks:1, [Shipment10(2,false), Shipment12(1,false), Shipment14(3,false), Shipment16(3,false), Shipment18(1,false), Shipment19(3,true), Shipment20(2,false), Shipment25(3,false)]
WareHouse 2, [74, 52], Docks:1, [Shipment9(1,false), Shipment11(2,false), Shipment15(3,false), Shipment21(1,true), Shipment23(1,false), Shipment24(1,false), Shipment26(2,false)]
WareHouse 3, [38, 14], Docks:1, [Shipment5(2,true), Shipment6(2,false), Shipment8(1,false), Shipment13(2,false), Shipment17(1,false), Shipment22(3,false), Shipment27(2,true)]
Shipment 1, Source:3, Going:2, Size:3 In Warehouse: 3
Shipment 2, Source:2, Going:3, Size:2 In Warehouse: 2
Shipment 3, Source:2, Going:1, Size:1, In Truck: 1
Shipment 4, Source:3, Going:2, Size:3 In Warehouse: 3
Shipment 5, Source:3, Going:2, Size:2, In Truck: 2
Shipment 6, Source:3, Going:2, Size:2 In Warehouse: 3
Shipment 7, Source:1, Going:2, Size:2 In Warehouse: 1
Shipment 8, Source:3, Going:1, Size:1 In Warehouse: 3
Shipment 9, Source:2, Going:3, Size:1 In Warehouse: 2
Shipment 10, Source:1, Going:3, Size:2 In Warehouse: 1
Shipment 11, Source:2, Going:3, Size:2 In Warehouse: 2
Shipment 12, Source:1, Going:3, Size:1 In Warehouse: 1
Shipment 13, Source:3, Going:1, Size:2 In Warehouse: 3
Shipment 14, Source:1, Going:2, Size:3 In Warehouse: 1
Shipment 15, Source:2, Going:1, Size:3 In Warehouse: 2
Shipment 16, Source:1, Going:2, Size:3 In Warehouse: 1
Shipment 17, Source:3, Going:2, Size:1 In Warehouse: 3
Shipment 18, Source:1, Going:2, Size:1 In Warehouse: 1
Shipment 19, Source:1, Going:2, Size:3, In Truck: 8
Shipment 20, Source:1, Going:2, Size:2 In Warehouse: 1
Shipment 21, Source:2, Going:1, Size:1, In Truck: 9
Shipment 22, Source:3, Going:1, Size:3 In Warehouse: 3
Shipment 23, Source:2, Going:3, Size:1 In Warehouse: 2
Shipment 24, Source:2, Going:3, Size:1 In Warehouse: 2
Shipment 25, Source:1, Going:2, Size:3 In Warehouse: 1
Shipment 26, Source:2, Going:1, Size:2 In Warehouse: 2
Shipment 27, Source:3, Going:2, Size:2, In Truck: 12
Cycle: 23
Truck 1, [82,38] , Cargo:1/4, Speed:2
 (Id 3 Source: 2, Going: 1, Size:1)
Truck 2, [74,14] , Cargo:2/2, Speed:4
 (Id 5 Source: 3, Going: 2, Size:2)
Truck 3, [74,68] , Cargo:0/4, Speed:2
Truck 4, [82,26] , Cargo:0/2, Speed:4
Truck 5, [30,22] , Cargo:0/5, Speed:1
Truck 6, [38,26] , Cargo:0/2, Speed:4
Truck 7, [82,24] , Cargo:0/5, Speed:1
Truck 8, [74,43] , Cargo:3/3, Speed:3
 (Id 19 Source: 1, Going: 2, Size:3)
Truck 9, [77,52] , Cargo:1/3, Speed:3
 (Id 21 Source: 2, Going: 1, Size:1)
Truck 10, [74,52] , Cargo:1/2, Speed:4
 (Id 23 Source: 2, Going: 3, Size:1)
Truck 11, [74,52] , Cargo:0/2, Speed:4
Truck 12, [74,22] , Cargo:2/2, Speed:4
 (Id 27 Source: 3, Going: 2, Size:2)
WareHouse 1, [82, 34], Docks:1, [Shipment10(2,false), Shipment12(1,false), Shipment14(3,false), Shipment16(3,false), Shipment18(1,false), Shipment19(3,true), Shipment20(2,false), Shipment25(3,false)]
WareHouse 2, [74, 52], Docks:1, [Shipment11(2,false), Shipment15(3,false), Shipment21(1,true), Shipment23(1,true), Shipment24(1,false), Shipment26(2,false)]
WareHouse 3, [38, 14], Docks:1, [Shipment5(2,true), Shipment6(2,false), Shipment8(1,false), Shipment13(2,false), Shipment17(1,false), Shipment22(3,false), Shipment27(2,true)]
Shipment 1, Source:3, Going:2, Size:3 In Warehouse: 3
Shipment 2, Source:2, Going:3, Size:2 In Warehouse: 2
Shipment 3, Source:2, Going:1, Size:1, In Truck: 1
Shipment 4, Source:3, Going:2, Size:3 In Warehouse: 3
Shipment 5, Source:3, Going:2, Size:2, In Truck: 2
Shipment 6, Source:3, Going:2, Size:2 In Warehouse: 3
Shipment 7, Source:1, Going:2, Size:2 In Warehouse: 1
Shipment 8, Source:3, Going:1, Size:1 In Warehouse: 3
Shipment 9, Source:2, Going:3, Size:1 In Warehouse: 2
Shipment 10, Source:1, Going:3, Size:2 In Warehouse: 1
Shipment 11, Source:2, Going:3, Size:2 In Warehouse: 2
Shipment 12, Source:1, Going:3, Size:1 In Warehouse: 1
Shipment 13, Source:3, Going:1, Size:2 In Warehouse: 3
Shipment 14, Source:1, Going:2, Size:3 In Warehouse: 1
Shipment 15, Source:2, Going:1, Size:3 In Warehouse: 2
Shipment 16, Source:1, Going:2, Size:3 In Warehouse: 1
Shipment 17, Source:3, Going:2, Size:1 In Warehouse: 3
Shipment 18, Source:1, Going:2, Size:1 In Warehouse: 1
Shipment 19, Source:1, Going:2, Size:3, In Truck: 8
Shipment 20, Source:1, Going:2, Size:2 In Warehouse: 1
Shipment 21, Source:2, Going:1, Size:1, In Truck: 9
Shipment 22, Source:3, Going:1, Size:3 In Warehouse: 3
Shipment 23, Source:2, Going:3, Size:1, In Truck: 10
Shipment 24, Source:2, Going:3, Size:1 In Warehouse: 2
Shipment 25, Source:1, Going:2, Size:3 In Warehouse: 1
Shipment 26, Source:2, Going:1, Size:2 In Warehouse: 2
Shipment 27, Source:3, Going:2, Size:2, In Truck: 12
Cycle: 24
Truck 1, [82,36] , Cargo:1/4, Speed:2
 (Id 3 Source: 2, Going: 1, Size:1)
Truck 2, [74,18] , Cargo:2/2, Speed:4
 (Id 5 Source: 3, Going: 2, Size:2)
Truck 3, [74,66] , Cargo:0/4, Speed:2
Truck 4, [82,30] , Cargo:0/2, Speed:4
Truck 5, [31,22] , Cargo:0/5, Speed:1
Truck 6, [38,22] , Cargo:0/2, Speed:4
Truck 7, [82,25] , Cargo:0/5, Speed:1
Truck 8, [74,46] , Cargo:3/3, Speed:3
 (Id 19 Source: 1, Going: 2, Size:3)
Truck 9, [80,52] , Cargo:1/3, Speed:3
 (Id 21 Source: 2, Going: 1, Size:1)
Truck 10, [70,52] , Cargo:1/2, Speed:4
 (Id 23 Source: 2, Going: 3, Size:1)
Truck 11, [74,52] , Cargo:0/2, Speed:4
Truck 12, [74,26] , Cargo:2/2, Speed:4
 (Id 27 Source: 3, Going: 2, Size:2)
WareHouse 1, [82, 34], Docks:1, [Shipment10(2,false), Shipment12(1,false), Shipment14(3,false), Shipment16(3,false), Shipment18(1,false), Shipment19(3,true), Shipment20(2,false), Shipment25(3,false)]
WareHouse 2, [74, 52], Docks:1, [Shipment11(2,false), Shipment15(3,false), Shipment21(1,true), Shipment23(1,true), Shipment24(1,false), Shipment26(2,false)]
WareHouse 3, [38, 14], Docks:1, [Shipment5(2,true), Shipment6(2,false), Shipment8(1,false), Shipment13(2,false), Shipment17(1,false), Shipment22(3,false), Shipment27(2,true)]
Shipment 1, Source:3, Going:2, Size:3 In Warehouse: 3
Shipment 2, Source:2, Going:3, Size:2 In Warehouse: 2
Shipment 3, Source:2, Going:1, Size:1, In Truck: 1
Shipment 4, Source:3, Going:2, Size:3 In Warehouse: 3
Shipment 5, Source:3, Going:2, Size:2, In Truck: 2
Shipment 6, Source:3, Going:2, Size:2 In Warehouse: 3
Shipment 7, Source:1, Going:2, Size:2 In Warehouse: 1
Shipment 8, Source:3, Going:1, Size:1 In Warehouse: 3
Shipment 9, Source:2, Going:3, Size:1 In Warehouse: 2
Shipment 10, Source:1, Going:3, Size:2 In Warehouse: 1
Shipment 11, Source:2, Going:3, Size:2 In Warehouse: 2
Shipment 12, Source:1, Going:3, Size:1 In Warehouse: 1
Shipment 13, Source:3, Going:1, Size:2 In Warehouse: 3
Shipment 14, Source:1, Going:2, Size:3 In Warehouse: 1
Shipment 15, Source:2, Going:1, Size:3 In Warehouse: 2
Shipment 16, Source:1, Going:2, Size:3 In Warehouse: 1
Shipment 17, Source:3, Going:2, Size:1 In Warehouse: 3
Shipment 18, Source:1, Going:2, Size:1 In Warehouse: 1
Shipment 19, Source:1, Going:2, Size:3, In Truck: 8
Shipment 20, Source:1, Going:2, Size:2 In Warehouse: 1
Shipment 21, Source:2, Going:1, Size:1, In Truck: 9
Shipment 22, Source:3, Going:1, Size:3 In Warehouse: 3
Shipment 23, Source:2, Going:3, Size:1, In Truck: 10
Shipment 24, Source:2, Going:3, Size:1 In Warehouse: 2
Shipment 25, Source:1, Going:2, Size:3 In Warehouse: 1
Shipment 26, Source:2, Going:1, Size:2 In Warehouse: 2
Shipment 27, Source:3, Going:2, Size:2, In Truck: 12
Cycle: 25
Truck 1, [82,34] , Cargo:1/4, Speed:2
 (Id 3 Source: 2, Going: 1, Size:1)
Truck 2, [74,22] , Cargo:2/2, Speed:4
 (Id 5 Source: 3, Going: 2, Size:2)
Truck 3, [74,64] , Cargo:0/4, Speed:2
Truck 4, [82,34] , Cargo:0/2, Speed:4
Truck 5, [32,22] , Cargo:0/5, Speed:1
Truck 6, [38,18] , Cargo:0/2, Speed:4
Truck 7, [82,26] , Cargo:0/5, Speed:1
Truck 8, [74,49] , Cargo:3/3, Speed:3
 (Id 19 Source: 1, Going: 2, Size:3)
Truck 9, [82,52] , Cargo:1/3, Speed:3
 (Id 21 Source: 2, Going: 1, Size:1)
Truck 10, [66,52] , Cargo:1/2, Speed:4
 (Id 23 Source: 2, Going: 3, Size:1)
Truck 11, [74,52] , Cargo:1/2, Speed:4
 (Id 24 Source: 2, Going: 3, Size:1)
Truck 12, [74,30] , Cargo:2/2, Speed:4
 (Id 27 Source: 3, Going: 2, Size:2)
WareHouse 1, [82, 34], Docks:1, [Shipment10(2,false), Shipment12(1,false), Shipment14(3,false), Shipment16(3,false), Shipment18(1,false), Shipment19(3,true), Shipment20(2,false), Shipment25(3,false)]
WareHouse 2, [74, 52], Docks:1, [Shipment15(3,false), Shipment21(1,true), Shipment23(1,true), Shipment24(1,true), Shipment26(2,false)]
WareHouse 3, [38, 14], Docks:1, [Shipment5(2,true), Shipment6(2,false), Shipment8(1,false), Shipment13(2,false), Shipment17(1,false), Shipment22(3,false), Shipment27(2,true)]
Shipment 1, Source:3, Going:2, Size:3 In Warehouse: 3
Shipment 2, Source:2, Going:3, Size:2 In Warehouse: 2
Shipment 3, Source:2, Going:1, Size:1, In Truck: 1
Shipment 4, Source:3, Going:2, Size:3 In Warehouse: 3
Shipment 5, Source:3, Going:2, Size:2, In Truck: 2
Shipment 6, Source:3, Going:2, Size:2 In Warehouse: 3
Shipment 7, Source:1, Going:2, Size:2 In Warehouse: 1
Shipment 8, Source:3, Going:1, Size:1 In Warehouse: 3
Shipment 9, Source:2, Going:3, Size:1 In Warehouse: 2
Shipment 10, Source:1, Going:3, Size:2 In Warehouse: 1
Shipment 11, Source:2, Going:3, Size:2 In Warehouse: 2
Shipment 12, Source:1, Going:3, Size:1 In Warehouse: 1
Shipment 13, Source:3, Going:1, Size:2 In Warehouse: 3
Shipment 14, Source:1, Going:2, Size:3 In Warehouse: 1
Shipment 15, Source:2, Going:1, Size:3 In Warehouse: 2
Shipment 16, Source:1, Going:2, Size:3 In Warehouse: 1
Shipment 17, Source:3, Going:2, Size:1 In Warehouse: 3
Shipment 18, Source:1, Going:2, Size:1 In Warehouse: 1
Shipment 19, Source:1, Going:2, Size:3, In Truck: 8
Shipment 20, Source:1, Going:2, Size:2 In Warehouse: 1
Shipment 21, Source:2, Going:1, Size:1, In Truck: 9
Shipment 22, Source:3, Going:1, Size:3 In Warehouse: 3
Shipment 23, Source:2, Going:3, Size:1, In Truck: 10
Shipment 24, Source:2, Going:3, Size:1, In Truck: 11
Shipment 25, Source:1, Going:2, Size:3 In Warehouse: 1
Shipment 26, Source:2, Going:1, Size:2 In Warehouse: 2
Shipment 27, Source:3, Going:2, Size:2, In Truck: 12
Cycle: 26
Truck 1, [82,34] , Cargo:1/4, Speed:2
 (Id 3 Source: 2, Going: 1, Size:1)
Truck 2, [74,26] , Cargo:2/2, Speed:4
 (Id 5 Source: 3, Going: 2, Size:2)
Truck 3, [74,62] , Cargo:0/4, Speed:2
Truck 4, [82,34] , Cargo:0/2, Speed:4
Truck 5, [33,22] , Cargo:0/5, Speed:1
Truck 6, [38,14] , Cargo:0/2, Speed:4
Truck 7, [82,27] , Cargo:0/5, Speed:1
Truck 8, [74,52] , Cargo:3/3, Speed:3
 (Id 19 Source: 1, Going: 2, Size:3)
Truck 9, [82,49] , Cargo:1/3, Speed:3
 (Id 21 Source: 2, Going: 1, Size:1)
Truck 10, [62,52] , Cargo:1/2, Speed:4
 (Id 23 Source: 2, Going: 3, Size:1)
Truck 11, [70,52] , Cargo:1/2, Speed:4
 (Id 24 Source: 2, Going: 3, Size:1)
Truck 12, [74,34] , Cargo:2/2, Speed:4
 (Id 27 Source: 3, Going: 2, Size:2)
WareHouse 1, [82, 34], Docks:1, [Shipment10(2,false), Shipment12(1,false), Shipment14(3,false), Shipment16(3,false), Shipment18(1,false), Shipment19(3,true), Shipment20(2,false), Shipment25(3,false)]
WareHouse 2, [74, 52], Docks:1, [Shipment15(3,false), Shipment21(1,true), Shipment23(1,true), Shipment24(1,true), Shipment26(2,false)]
WareHouse 3, [38, 14], Docks:1, [Shipment5(2,true), Shipment6(2,false), Shipment8(1,false), Shipment13(2,false), Shipment17(1,false), Shipment22(3,false), Shipment27(2,true)]
Shipment 1, Source:3, Going:2, Size:3 In Warehouse: 3
Shipment 2, Source:2, Going:3, Size:2 In Warehouse: 2
Shipment 3, Source:2, Going:1, Size:1, In Truck: 1
Shipment 4, Source:3, Going:2, Size:3 In Warehouse: 3
Shipment 5, Source:3, Going:2, Size:2, In Truck: 2
Shipment 6, Source:3, Going:2, Size:2 In Warehouse: 3
Shipment 7, Source:1, Going:2, Size:2 In Warehouse: 1
Shipment 8, Source:3, Going:1, Size:1 In Warehouse: 3
Shipment 9, Source:2, Going:3, Size:1 In Warehouse: 2
Shipment 10, Source:1, Going:3, Size:2 In Warehouse: 1
Shipment 11, Source:2, Going:3, Size:2 In Warehouse: 2
Shipment 12, Source:1, Going:3, Size:1 In Warehouse: 1
Shipment 13, Source:3, Going:1, Size:2 In Warehouse: 3
Shipment 14, Source:1, Going:2, Size:3 In Warehouse: 1
Shipment 15, Source:2, Going:1, Size:3 In Warehouse: 2
Shipment 16, Source:1, Going:2, Size:3 In Warehouse: 1
Shipment 17, Source:3, Going:2, Size:1 In Warehouse: 3
Shipment 18, Source:1, Going:2, Size:1 In Warehouse: 1
Shipment 19, Source:1, Going:2, Size:3, In Truck: 8
Shipment 20, Source:1, Going:2, Size:2 In Warehouse: 1
Shipment 21, Source:2, Going:1, Size:1, In Truck: 9
Shipment 22, Source:3, Going:1, Size:3 In Warehouse: 3
Shipment 23, Source:2, Going:3, Size:1, In Truck: 10
Shipment 24, Source:2, Going:3, Size:1, In Truck: 11
Shipment 25, Source:1, Going:2, Size:3 In Warehouse: 1
Shipment 26, Source:2, Going:1, Size:2 In Warehouse: 2
Shipment 27, Source:3, Going:2, Size:2, In Truck: 12
Cycle: 27
Truck 1, [82,34] , Cargo:0/4, Speed:2
Truck 2, [74,30] , Cargo:2/2, Speed:4
 (Id 5 Source: 3, Going: 2, Size:2)
Truck 3, [74,60] , Cargo:0/4, Speed:2
Truck 4, [82,34] , Cargo:0/2, Speed:4
Truck 5, [34,22] , Cargo:0/5, Speed:1
Truck 6, [38,14] , Cargo:0/2, Speed:4
Truck 7, [82,28] , Cargo:0/5, Speed:1
Truck 8, [74,52] , Cargo:3/3, Speed:3
 (Id 19 Source: 1, Going: 2, Size:3)
Truck 9, [82,46] , Cargo:1/3, Speed:3
 (Id 21 Source: 2, Going: 1, Size:1)
Truck 10, [58,52] , Cargo:1/2, Speed:4
 (Id 23 Source: 2, Going: 3, Size:1)
Truck 11, [66,52] , Cargo:1/2, Speed:4
 (Id 24 Source: 2, Going: 3, Size:1)
Truck 12, [74,38] , Cargo:2/2, Speed:4
 (Id 27 Source: 3, Going: 2, Size:2)
WareHouse 1, [82, 34], Docks:1, [Shipment10(2,false), Shipment12(1,false), Shipment14(3,false), Shipment16(3,false), Shipment18(1,false), Shipment19(3,true), Shipment20(2,false), Shipment25(3,false), Shipment3(1,true)]
WareHouse 2, [74, 52], Docks:1, [Shipment15(3,false), Shipment21(1,true), Shipment23(1,true), Shipment24(1,true), Shipment26(2,false)]
WareHouse 3, [38, 14], Docks:1, [Shipment5(2,true), Shipment6(2,false), Shipment8(1,false), Shipment13(2,false), Shipment17(1,false), Shipment22(3,false), Shipment27(2,true)]
Shipment 1, Source:3, Going:2, Size:3 In Warehouse: 3
Shipment 2, Source:2, Going:3, Size:2 In Warehouse: 2
Shipment 3, Source:2, Going:1, Size:1, In Truck: 1
Shipment 4, Source:3, Going:2, Size:3 In Warehouse: 3
Shipment 5, Source:3, Going:2, Size:2, In Truck: 2
Shipment 6, Source:3, Going:2, Size:2 In Warehouse: 3
Shipment 7, Source:1, Going:2, Size:2 In Warehouse: 1
Shipment 8, Source:3, Going:1, Size:1 In Warehouse: 3
Shipment 9, Source:2, Going:3, Size:1 In Warehouse: 2
Shipment 10, Source:1, Going:3, Size:2 In Warehouse: 1
Shipment 11, Source:2, Going:3, Size:2 In Warehouse: 2
Shipment 12, Source:1, Going:3, Size:1 In Warehouse: 1
Shipment 13, Source:3, Going:1, Size:2 In Warehouse: 3
Shipment 14, Source:1, Going:2, Size:3 In Warehouse: 1
Shipment 15, Source:2, Going:1, Size:3 In Warehouse: 2
Shipment 16, Source:1, Going:2, Size:3 In Warehouse: 1
Shipment 17, Source:3, Going:2, Size:1 In Warehouse: 3
Shipment 18, Source:1, Going:2, Size:1 In Warehouse: 1
Shipment 19, Source:1, Going:2, Size:3, In Truck: 8
Shipment 20, Source:1, Going:2, Size:2 In Warehouse: 1
Shipment 21, Source:2, Going:1, Size:1, In Truck: 9
Shipment 22, Source:3, Going:1, Size:3 In Warehouse: 3
Shipment 23, Source:2, Going:3, Size:1, In Truck: 10
Shipment 24, Source:2, Going:3, Size:1, In Truck: 11
Shipment 25, Source:1, Going:2, Size:3 In Warehouse: 1
Shipment 26, Source:2, Going:1, Size:2 In Warehouse: 2
Shipment 27, Source:3, Going:2, Size:2, In Truck: 12
Cycle: 28
Truck 1, [80,34] , Cargo:0/4, Speed:2
Truck 2, [74,34] , Cargo:2/2, Speed:4
 (Id 5 Source: 3, Going: 2, Size:2)
Truck 3, [74,58] , Cargo:0/4, Speed:2
Truck 4, [82,34] , Cargo:2/2, Speed:4
 (Id 10 Source: 1, Going: 3, Size:2)
Truck 5, [35,22] , Cargo:0/5, Speed:1
Truck 6, [38,14] , Cargo:0/2, Speed:4
Truck 7, [82,29] , Cargo:0/5, Speed:1
Truck 8, [74,52] , Cargo:3/3, Speed:3
 (Id 19 Source: 1, Going: 2, Size:3)
Truck 9, [82,43] , Cargo:1/3, Speed:3
 (Id 21 Source: 2, Going: 1, Size:1)
Truck 10, [54,52] , Cargo:1/2, Speed:4
 (Id 23 Source: 2, Going: 3, Size:1)
Truck 11, [62,52] , Cargo:1/2, Speed:4
 (Id 24 Source: 2, Going: 3, Size:1)
Truck 12, [74,42] , Cargo:2/2, Speed:4
 (Id 27 Source: 3, Going: 2, Size:2)
WareHouse 1, [82, 34], Docks:1, [Shipment12(1,false), Shipment14(3,false), Shipment16(3,false), Shipment18(1,false), Shipment19(3,true), Shipment20(2,false), Shipment25(3,false), Shipment3(1,true)]
WareHouse 2, [74, 52], Docks:1, [Shipment15(3,false), Shipment21(1,true), Shipment23(1,true), Shipment24(1,true), Shipment26(2,false)]
WareHouse 3, [38, 14], Docks:1, [Shipment5(2,true), Shipment6(2,false), Shipment8(1,false), Shipment13(2,false), Shipment17(1,false), Shipment22(3,false), Shipment27(2,true)]
Shipment 1, Source:3, Going:2, Size:3 In Warehouse: 3
Shipment 2, Source:2, Going:3, Size:2 In Warehouse: 2
Shipment 3, Source:2, Going:1, Size:1, In Truck: 1
Shipment 4, Source:3, Going:2, Size:3 In Warehouse: 3
Shipment 5, Source:3, Going:2, Size:2, In Truck: 2
Shipment 6, Source:3, Going:2, Size:2 In Warehouse: 3
Shipment 7, Source:1, Going:2, Size:2 In Warehouse: 1
Shipment 8, Source:3, Going:1, Size:1 In Warehouse: 3
Shipment 9, Source:2, Going:3, Size:1 In Warehouse: 2
Shipment 10, Source:1, Going:3, Size:2, In Truck: 4
Shipment 11, Source:2, Going:3, Size:2 In Warehouse: 2
Shipment 12, Source:1, Going:3, Size:1 In Warehouse: 1
Shipment 13, Source:3, Going:1, Size:2 In Warehouse: 3
Shipment 14, Source:1, Going:2, Size:3 In Warehouse: 1
Shipment 15, Source:2, Going:1, Size:3 In Warehouse: 2
Shipment 16, Source:1, Going:2, Size:3 In Warehouse: 1
Shipment 17, Source:3, Going:2, Size:1 In Warehouse: 3
Shipment 18, Source:1, Going:2, Size:1 In Warehouse: 1
Shipment 19, Source:1, Going:2, Size:3, In Truck: 8
Shipment 20, Source:1, Going:2, Size:2 In Warehouse: 1
Shipment 21, Source:2, Going:1, Size:1, In Truck: 9
Shipment 22, Source:3, Going:1, Size:3 In Warehouse: 3
Shipment 23, Source:2, Going:3, Size:1, In Truck: 10
Shipment 24, Source:2, Going:3, Size:1, In Truck: 11
Shipment 25, Source:1, Going:2, Size:3 In Warehouse: 1
Shipment 26, Source:2, Going:1, Size:2 In Warehouse: 2
Shipment 27, Source:3, Going:2, Size:2, In Truck: 12
Cycle: 29
Truck 1, [78,34] , Cargo:0/4, Speed:2
Truck 2, [74,38] , Cargo:2/2, Speed:4
 (Id 5 Source: 3, Going: 2, Size:2)
Truck 3, [74,56] , Cargo:0/4, Speed:2
Truck 4, [78,34] , Cargo:2/2, Speed:4
 (Id 10 Source: 1, Going: 3, Size:2)
Truck 5, [36,22] , Cargo:0/5, Speed:1
Truck 6, [38,14] , Cargo:2/2, Speed:4
 (Id 13 Source: 3, Going: 1, Size:2)
Truck 7, [82,30] , Cargo:0/5, Speed:1
Truck 8, [74,52] , Cargo:3/3, Speed:3
 (Id 19 Source: 1, Going: 2, Size:3)
Truck 9, [82,40] , Cargo:1/3, Speed:3
 (Id 21 Source: 2, Going: 1, Size:1)
Truck 10, [50,52] , Cargo:1/2, Speed:4
 (Id 23 Source: 2, Going: 3, Size:1)
Truck 11, [58,52] , Cargo:1/2, Speed:4
 (Id 24 Source: 2, Going: 3, Size:1)
Truck 12, [74,46] , Cargo:2/2, Speed:4
 (Id 27 Source: 3, Going: 2, Size:2)
WareHouse 1, [82, 34], Docks:1, [Shipment12(1,false), Shipment14(3,false), Shipment16(3,false), Shipment18(1,false), Shipment19(3,true), Shipment20(2,false), Shipment25(3,false), Shipment3(1,true)]
WareHouse 2, [74, 52], Docks:1, [Shipment15(3,false), Shipment21(1,true), Shipment23(1,true), Shipment24(1,true), Shipment26(2,false)]
WareHouse 3, [38, 14], Docks:1, [Shipment6(2,false), Shipment8(1,false), Shipment13(2,true), Shipment17(1,false), Shipment22(3,false), Shipment27(2,true)]
Shipment 1, Source:3, Going:2, Size:3 In Warehouse: 3
Shipment 2, Source:2, Going:3, Size:2 In Warehouse: 2
Shipment 3, Source:2, Going:1, Size:1, In Truck: 1
Shipment 4, Source:3, Going:2, Size:3 In Warehouse: 3
Shipment 5, Source:3, Going:2, Size:2, In Truck: 2
Shipment 6, Source:3, Going:2, Size:2 In Warehouse: 3
Shipment 7, Source:1, Going:2, Size:2 In Warehouse: 1
Shipment 8, Source:3, Going:1, Size:1 In Warehouse: 3
Shipment 9, Source:2, Going:3, Size:1 In Warehouse: 2
Shipment 10, Source:1, Going:3, Size:2, In Truck: 4
Shipment 11, Source:2, Going:3, Size:2 In Warehouse: 2
Shipment 12, Source:1, Going:3, Size:1 In Warehouse: 1
Shipment 13, Source:3, Going:1, Size:2, In Truck: 6
Shipment 14, Source:1, Going:2, Size:3 In Warehouse: 1
Shipment 15, Source:2, Going:1, Size:3 In Warehouse: 2
Shipment 16, Source:1, Going:2, Size:3 In Warehouse: 1
Shipment 17, Source:3, Going:2, Size:1 In Warehouse: 3
Shipment 18, Source:1, Going:2, Size:1 In Warehouse: 1
Shipment 19, Source:1, Going:2, Size:3, In Truck: 8
Shipment 20, Source:1, Going:2, Size:2 In Warehouse: 1
Shipment 21, Source:2, Going:1, Size:1, In Truck: 9
Shipment 22, Source:3, Going:1, Size:3 In Warehouse: 3
Shipment 23, Source:2, Going:3, Size:1, In Truck: 10
Shipment 24, Source:2, Going:3, Size:1, In Truck: 11
Shipment 25, Source:1, Going:2, Size:3 In Warehouse: 1
Shipment 26, Source:2, Going:1, Size:2 In Warehouse: 2
Shipment 27, Source:3, Going:2, Size:2, In Truck: 12
Cycle: 30
Truck 1, [76,34] , Cargo:0/4, Speed:2
Truck 2, [74,42] , Cargo:2/2, Speed:4
 (Id 5 Source: 3, Going: 2, Size:2)
Truck 3, [74,54] , Cargo:0/4, Speed:2
Truck 4, [74,34] , Cargo:2/2, Speed:4
 (Id 10 Source: 1, Going: 3, Size:2)
Truck 5, [37,22] , Cargo:0/5, Speed:1
Truck 6, [42,14] , Cargo:2/2, Speed:4
 (Id 13 Source: 3, Going: 1, Size:2)
Truck 7, [82,31] , Cargo:0/5, Speed:1
Truck 9, [82,37] , Cargo:1/3, Speed:3
 (Id 21 Source: 2, Going: 1, Size:1)
Truck 10, [46,52] , Cargo:1/2, Speed:4
 (Id 23 Source: 2, Going: 3, Size:1)
Truck 11, [54,52] , Cargo:1/2, Speed:4
 (Id 24 Source: 2, Going: 3, Size:1)
Truck 12, [74,50] , Cargo:2/2, Speed:4
 (Id 27 Source: 3, Going: 2, Size:2)
WareHouse 1, [82, 34], Docks:1, [Shipment12(1,false), Shipment14(3,false), Shipment16(3,false), Shipment18(1,false), Shipment19(3,true), Shipment20(2,false), Shipment25(3,false), Shipment3(1,true)]
WareHouse 2, [74, 52], Docks:1, [Shipment15(3,false), Shipment21(1,true), Shipment23(1,true), Shipment24(1,true), Shipment26(2,false), Shipment19(3,true)]
WareHouse 3, [38, 14], Docks:1, [Shipment6(2,false), Shipment8(1,false), Shipment13(2,true), Shipment17(1,false), Shipment22(3,false), Shipment27(2,true)]
Shipment 1, Source:3, Going:2, Size:3 In Warehouse: 3
Shipment 2, Source:2, Going:3, Size:2 In Warehouse: 2
Shipment 3, Source:2, Going:1, Size:1, In Truck: 1
Shipment 4, Source:3, Going:2, Size:3 In Warehouse: 3
Shipment 5, Source:3, Going:2, Size:2, In Truck: 2
Shipment 6, Source:3, Going:2, Size:2 In Warehouse: 3
Shipment 7, Source:1, Going:2, Size:2 In Warehouse: 1
Shipment 8, Source:3, Going:1, Size:1 In Warehouse: 3
Shipment 9, Source:2, Going:3, Size:1 In Warehouse: 2
Shipment 10, Source:1, Going:3, Size:2, In Truck: 4
Shipment 11, Source:2, Going:3, Size:2 In Warehouse: 2
Shipment 12, Source:1, Going:3, Size:1 In Warehouse: 1
Shipment 13, Source:3, Going:1, Size:2, In Truck: 6
Shipment 14, Source:1, Going:2, Size:3 In Warehouse: 1
Shipment 15, Source:2, Going:1, Size:3 In Warehouse: 2
Shipment 16, Source:1, Going:2, Size:3 In Warehouse: 1
Shipment 17, Source:3, Going:2, Size:1 In Warehouse: 3
Shipment 18, Source:1, Going:2, Size:1 In Warehouse: 1
Shipment 19, Source:1, Going:2, Size:3 In Warehouse: 2
Shipment 20, Source:1, Going:2, Size:2 In Warehouse: 1
Shipment 21, Source:2, Going:1, Size:1, In Truck: 9
Shipment 22, Source:3, Going:1, Size:3 In Warehouse: 3
Shipment 23, Source:2, Going:3, Size:1, In Truck: 10
Shipment 24, Source:2, Going:3, Size:1, In Truck: 11
Shipment 25, Source:1, Going:2, Size:3 In Warehouse: 1
Shipment 26, Source:2, Going:1, Size:2 In Warehouse: 2
Shipment 27, Source:3, Going:2, Size:2, In Truck: 12
Cycle: 31
Truck 1, [74,34] , Cargo:0/4, Speed:2
Truck 2, [74,46] , Cargo:2/2, Speed:4
 (Id 5 Source: 3, Going: 2, Size:2)
Truck 3, [74,52] , Cargo:0/4, Speed:2
Truck 4, [70,34] , Cargo:2/2, Speed:4
 (Id 10 Source: 1, Going: 3, Size:2)
Truck 5, [38,22] , Cargo:0/5, Speed:1
Truck 6, [46,14] , Cargo:2/2, Speed:4
 (Id 13 Source: 3, Going: 1, Size:2)
Truck 7, [82,32] , Cargo:0/5, Speed:1
Truck 9, [82,34] , Cargo:1/3, Speed:3
 (Id 21 Source: 2, Going: 1, Size:1)
Truck 10, [42,52] , Cargo:1/2, Speed:4
 (Id 23 Source: 2, Going: 3, Size:1)
Truck 11, [50,52] , Cargo:1/2, Speed:4
 (Id 24 Source: 2, Going: 3, Size:1)
Truck 12, [74,52] , Cargo:2/2, Speed:4
 (Id 27 Source: 3, Going: 2, Size:2)
WareHouse 1, [82, 34], Docks:1, [Shipment12(1,false), Shipment14(3,false), Shipment16(3,false), Shipment18(1,false), Shipment19(3,true), Shipment20(2,false), Shipment25(3,false), Shipment3(1,true)]
WareHouse 2, [74, 52], Docks:1, [Shipment15(3,false), Shipment21(1,true), Shipment23(1,true), Shipment24(1,true), Shipment26(2,false), Shipment19(3,true)]
WareHouse 3, [38, 14], Docks:1, [Shipment6(2,false), Shipment8(1,false), Shipment13(2,true), Shipment17(1,false), Shipment22(3,false), Shipment27(2,true)]
Shipment 1, Source:3, Going:2, Size:3 In Warehouse: 3
Shipment 2, Source:2, Going:3, Size:2 In Warehouse: 2
Shipment 3, Source:2, Going:1, Size:1, In Truck: 1
Shipment 4, Source:3, Going:2, Size:3 In Warehouse: 3
Shipment 5, Source:3, Going:2, Size:2, In Truck: 2
Shipment 6, Source:3, Going:2, Size:2 In Warehouse: 3
Shipment 7, Source:1, Going:2, Size:2 In Warehouse: 1
Shipment 8, Source:3, Going:1, Size:1 In Warehouse: 3
Shipment 9, Source:2, Going:3, Size:1 In Warehouse: 2
Shipment 10, Source:1, Going:3, Size:2, In Truck: 4
Shipment 11, Source:2, Going:3, Size:2 In Warehouse: 2
Shipment 12, Source:1, Going:3, Size:1 In Warehouse: 1
Shipment 13, Source:3, Going:1, Size:2, In Truck: 6
Shipment 14, Source:1, Going:2, Size:3 In Warehouse: 1
Shipment 15, Source:2, Going:1, Size:3 In Warehouse: 2
Shipment 16, Source:1, Going:2, Size:3 In Warehouse: 1
Shipment 17, Source:3, Going:2, Size:1 In Warehouse: 3
Shipment 18, Source:1, Going:2, Size:1 In Warehouse: 1
Shipment 19, Source:1, Going:2, Size:3 In Warehouse: 2
Shipment 20, Source:1, Going:2, Size:2 In Warehouse: 1
Shipment 21, Source:2, Going:1, Size:1, In Truck: 9
Shipment 22, Source:3, Going:1, Size:3 In Warehouse: 3
Shipment 23, Source:2, Going:3, Size:1, In Truck: 10
Shipment 24, Source:2, Going:3, Size:1, In Truck: 11
Shipment 25, Source:1, Going:2, Size:3 In Warehouse: 1
Shipment 26, Source:2, Going:1, Size:2 In Warehouse: 2
Shipment 27, Source:3, Going:2, Size:2, In Truck: 12
Cycle: 32
Truck 1, [74,36] , Cargo:0/4, Speed:2
Truck 2, [74,50] , Cargo:2/2, Speed:4
 (Id 5 Source: 3, Going: 2, Size:2)
Truck 3, [74,52] , Cargo:0/4, Speed:2
Truck 4, [66,34] , Cargo:2/2, Speed:4
 (Id 10 Source: 1, Going: 3, Size:2)
Truck 5, [39,22] , Cargo:0/5, Speed:1
Truck 6, [50,14] , Cargo:2/2, Speed:4
 (Id 13 Source: 3, Going: 1, Size:2)
Truck 7, [82,33] , Cargo:0/5, Speed:1
Truck 9, [82,34] , Cargo:1/3, Speed:3
 (Id 21 Source: 2, Going: 1, Size:1)
Truck 10, [38,52] , Cargo:1/2, Speed:4
 (Id 23 Source: 2, Going: 3, Size:1)
Truck 11, [46,52] , Cargo:1/2, Speed:4
 (Id 24 Source: 2, Going: 3, Size:1)
Truck 12, [74,52] , Cargo:2/2, Speed:4
 (Id 27 Source: 3, Going: 2, Size:2)
WareHouse 1, [82, 34], Docks:1, [Shipment12(1,false), Shipment14(3,false), Shipment16(3,false), Shipment18(1,false), Shipment19(3,true), Shipment20(2,false), Shipment25(3,false), Shipment3(1,true)]
WareHouse 2, [74, 52], Docks:1, [Shipment15(3,false), Shipment21(1,true), Shipment23(1,true), Shipment24(1,true), Shipment26(2,false), Shipment19(3,true)]
WareHouse 3, [38, 14], Docks:1, [Shipment6(2,false), Shipment8(1,false), Shipment13(2,true), Shipment17(1,false), Shipment22(3,false), Shipment27(2,true)]
Shipment 1, Source:3, Going:2, Size:3 In Warehouse: 3
Shipment 2, Source:2, Going:3, Size:2 In Warehouse: 2
Shipment 3, Source:2, Going:1, Size:1, In Truck: 1
Shipment 4, Source:3, Going:2, Size:3 In Warehouse: 3
Shipment 5, Source:3, Going:2, Size:2, In Truck: 2
Shipment 6, Source:3, Going:2, Size:2 In Warehouse: 3
Shipment 7, Source:1, Going:2, Size:2 In Warehouse: 1
Shipment 8, Source:3, Going:1, Size:1 In Warehouse: 3
Shipment 9, Source:2, Going:3, Size:1 In Warehouse: 2
Shipment 10, Source:1, Going:3, Size:2, In Truck: 4
Shipment 11, Source:2, Going:3, Size:2 In Warehouse: 2
Shipment 12, Source:1, Going:3, Size:1 In Warehouse: 1
Shipment 13, Source:3, Going:1, Size:2, In Truck: 6
Shipment 14, Source:1, Going:2, Size:3 In Warehouse: 1
Shipment 15, Source:2, Going:1, Size:3 In Warehouse: 2
Shipment 16, Source:1, Going:2, Size:3 In Warehouse: 1
Shipment 17, Source:3, Going:2, Size:1 In Warehouse: 3
Shipment 18, Source:1, Going:2, Size:1 In Warehouse: 1
Shipment 19, Source:1, Going:2, Size:3 In Warehouse: 2
Shipment 20, Source:1, Going:2, Size:2 In Warehouse: 1
Shipment 21, Source:2, Going:1, Size:1, In Truck: 9
Shipment 22, Source:3, Going:1, Size:3 In Warehouse: 3
Shipment 23, Source:2, Going:3, Size:1, In Truck: 10
Shipment 24, Source:2, Going:3, Size:1, In Truck: 11
Shipment 25, Source:1, Going:2, Size:3 In Warehouse: 1
Shipment 26, Source:2, Going:1, Size:2 In Warehouse: 2
Shipment 27, Source:3, Going:2, Size:2, In Truck: 12
Cycle: 33
Truck 1, [74,38] , Cargo:0/4, Speed:2
Truck 2, [74,52] , Cargo:2/2, Speed:4
 (Id 5 Source: 3, Going: 2, Size:2)
Truck 3, [74,52] , Cargo:1/4, Speed:2
 (Id 9 Source: 2, Going: 3, Size:1)
Truck 4, [62,34] , Cargo:2/2, Speed:4
 (Id 10 Source: 1, Going: 3, Size:2)
Truck 5, [40,22] , Cargo:0/5, Speed:1
Truck 6, [54,14] , Cargo:2/2, Speed:4
 (Id 13 Source: 3, Going: 1, Size:2)
Truck 7, [82,34] , Cargo:0/5, Speed:1
Truck 9, [82,34] , Cargo:0/3, Speed:3
Truck 10, [38,48] , Cargo:1/2, Speed:4
 (Id 23 Source: 2, Going: 3, Size:1)
Truck 11, [42,52] , Cargo:1/2, Speed:4
 (Id 24 Source: 2, Going: 3, Size:1)
Truck 12, [74,52] , Cargo:2/2, Speed:4
 (Id 27 Source: 3, Going: 2, Size:2)
WareHouse 1, [82, 34], Docks:1, [Shipment12(1,false), Shipment14(3,false), Shipment16(3,false), Shipment18(1,false), Shipment19(3,true), Shipment20(2,false), Shipment25(3,false), Shipment3(1,true), Shipment21(1,true)]
WareHouse 2, [74, 52], Docks:1, [Shipment21(1,true), Shipment23(1,true), Shipment24(1,true), Shipment26(2,false), Shipment19(3,true)]
WareHouse 3, [38, 14], Docks:1, [Shipment6(2,false), Shipment8(1,false), Shipment13(2,true), Shipment17(1,false), Shipment22(3,false), Shipment27(2,true)]
Shipment 1, Source:3, Going:2, Size:3 In Warehouse: 3
Shipment 2, Source:2, Going:3, Size:2 In Warehouse: 2
Shipment 3, Source:2, Going:1, Size:1, In Truck: 1
Shipment 4, Source:3, Going:2, Size:3 In Warehouse: 3
Shipment 5, Source:3, Going:2, Size:2, In Truck: 2
Shipment 6, Source:3, Going:2, Size:2 In Warehouse: 3
Shipment 7, Source:1, Going:2, Size:2 In Warehouse: 1
Shipment 8, Source:3, Going:1, Size:1 In Warehouse: 3
Shipment 9, Source:2, Going:3, Size:1, In Truck: 3
Shipment 10, Source:1, Going:3, Size:2, In Truck: 4
Shipment 11, Source:2, Going:3, Size:2 In Warehouse: 2
Shipment 12, Source:1, Going:3, Size:1 In Warehouse: 1
Shipment 13, Source:3, Going:1, Size:2, In Truck: 6
Shipment 14, Source:1, Going:2, Size:3 In Warehouse: 1
Shipment 15, Source:2, Going:1, Size:3 In Warehouse: 2
Shipment 16, Source:1, Going:2, Size:3 In Warehouse: 1
Shipment 17, Source:3, Going:2, Size:1 In Warehouse: 3
Shipment 18, Source:1, Going:2, Size:1 In Warehouse: 1
Shipment 19, Source:1, Going:2, Size:3 In Warehouse: 2
Shipment 20, Source:1, Going:2, Size:2 In Warehouse: 1
Shipment 21, Source:2, Going:1, Size:1, In Truck: 9
Shipment 22, Source:3, Going:1, Size:3 In Warehouse: 3
Shipment 23, Source:2, Going:3, Size:1, In Truck: 10
Shipment 24, Source:2, Going:3, Size:1, In Truck: 11
Shipment 25, Source:1, Going:2, Size:3 In Warehouse: 1
Shipment 26, Source:2, Going:1, Size:2 In Warehouse: 2
Shipment 27, Source:3, Going:2, Size:2, In Truck: 12
Cycle: 34
Truck 1, [74,40] , Cargo:0/4, Speed:2
Truck 2, [74,52] , Cargo:2/2, Speed:4
 (Id 5 Source: 3, Going: 2, Size:2)
Truck 3, [72,52] , Cargo:1/4, Speed:2
 (Id 9 Source: 2, Going: 3, Size:1)
Truck 4, [58,34] , Cargo:2/2, Speed:4
 (Id 10 Source: 1, Going: 3, Size:2)
Truck 5, [41,22] , Cargo:0/5, Speed:1
Truck 6, [58,14] , Cargo:2/2, Speed:4
 (Id 13 Source: 3, Going: 1, Size:2)
Truck 7, [82,34] , Cargo:0/5, Speed:1
Truck 9, [82,34] , Cargo:0/3, Speed:3
Truck 10, [38,44] , Cargo:1/2, Speed:4
 (Id 23 Source: 2, Going: 3, Size:1)
Truck 11, [38,52] , Cargo:1/2, Speed:4
 (Id 24 Source: 2, Going: 3, Size:1)
Truck 12, [74,52] , Cargo:0/2, Speed:4
WareHouse 1, [82, 34], Docks:1, [Shipment12(1,false), Shipment14(3,false), Shipment16(3,false), Shipment18(1,false), Shipment19(3,true), Shipment20(2,false), Shipment25(3,false), Shipment3(1,true), Shipment21(1,true)]
WareHouse 2, [74, 52], Docks:1, [Shipment21(1,true), Shipment23(1,true), Shipment24(1,true), Shipment26(2,false), Shipment19(3,true), Shipment27(2,true)]
WareHouse 3, [38, 14], Docks:1, [Shipment6(2,false), Shipment8(1,false), Shipment13(2,true), Shipment17(1,false), Shipment22(3,false), Shipment27(2,true)]
Shipment 1, Source:3, Going:2, Size:3 In Warehouse: 3
Shipment 2, Source:2, Going:3, Size:2 In Warehouse: 2
Shipment 3, Source:2, Going:1, Size:1, In Truck: 1
Shipment 4, Source:3, Going:2, Size:3 In Warehouse: 3
Shipment 5, Source:3, Going:2, Size:2, In Truck: 2
Shipment 6, Source:3, Going:2, Size:2 In Warehouse: 3
Shipment 7, Source:1, Going:2, Size:2 In Warehouse: 1
Shipment 8, Source:3, Going:1, Size:1 In Warehouse: 3
Shipment 9, Source:2, Going:3, Size:1, In Truck: 3
Shipment 10, Source:1, Going:3, Size:2, In Truck: 4
Shipment 11, Source:2, Going:3, Size:2 In Warehouse: 2
Shipment 12, Source:1, Going:3, Size:1 In Warehouse: 1
Shipment 13, Source:3, Going:1, Size:2, In Truck: 6
Shipment 14, Source:1, Going:2, Size:3 In Warehouse: 1
Shipment 15, Source:2, Going:1, Size:3 In Warehouse: 2
Shipment 16, Source:1, Going:2, Size:3 In Warehouse: 1
Shipment 17, Source:3, Going:2, Size:1 In Warehouse: 3
Shipment 18, Source:1, Going:2, Size:1 In Warehouse: 1
Shipment 19, Source:1, Going:2, Size:3 In Warehouse: 2
Shipment 20, Source:1, Going:2, Size:2 In Warehouse: 1
Shipment 21, Source:2, Going:1, Size:1, In Truck: 9
Shipment 22, Source:3, Going:1, Size:3 In Warehouse: 3
Shipment 23, Source:2, Going:3, Size:1, In Truck: 10
Shipment 24, Source:2, Going:3, Size:1, In Truck: 11
Shipment 25, Source:1, Going:2, Size:3 In Warehouse: 1
Shipment 26, Source:2, Going:1, Size:2 In Warehouse: 2
Shipment 27, Source:3, Going:2, Size:2, In Truck: 12
Cycle: 35
Truck 1, [74,42] , Cargo:0/4, Speed:2
Truck 2, [74,52] , Cargo:2/2, Speed:4
 (Id 5 Source: 3, Going: 2, Size:2)
Truck 3, [70,52] , Cargo:1/4, Speed:2
 (Id 9 Source: 2, Going: 3, Size:1)
Truck 4, [54,34] , Cargo:2/2, Speed:4
 (Id 10 Source: 1, Going: 3, Size:2)
Truck 5, [42,22] , Cargo:0/5, Speed:1
Truck 6, [62,14] , Cargo:2/2, Speed:4
 (Id 13 Source: 3, Going: 1, Size:2)
Truck 7, [82,34] , Cargo:1/5, Speed:1
 (Id 18 Source: 1, Going: 2, Size:1)
Truck 9, [82,34] , Cargo:0/3, Speed:3
Truck 10, [38,40] , Cargo:1/2, Speed:4
 (Id 23 Source: 2, Going: 3, Size:1)
Truck 11, [38,48] , Cargo:1/2, Speed:4
 (Id 24 Source: 2, Going: 3, Size:1)
Truck 12, [74,52] , Cargo:0/2, Speed:4
WareHouse 1, [82, 34], Docks:1, [Shipment14(3,false), Shipment16(3,false), Shipment18(1,true), Shipment19(3,true), Shipment20(2,false), Shipment25(3,false), Shipment3(1,true), Shipment21(1,true)]
WareHouse 2, [74, 52], Docks:1, [Shipment21(1,true), Shipment23(1,true), Shipment24(1,true), Shipment26(2,false), Shipment19(3,true), Shipment27(2,true)]
WareHouse 3, [38, 14], Docks:1, [Shipment6(2,false), Shipment8(1,false), Shipment13(2,true), Shipment17(1,false), Shipment22(3,false), Shipment27(2,true)]
Shipment 1, Source:3, Going:2, Size:3 In Warehouse: 3
Shipment 2, Source:2, Going:3, Size:2 In Warehouse: 2
Shipment 3, Source:2, Going:1, Size:1, In Truck: 1
Shipment 4, Source:3, Going:2, Size:3 In Warehouse: 3
Shipment 5, Source:3, Going:2, Size:2, In Truck: 2
Shipment 6, Source:3, Going:2, Size:2 In Warehouse: 3
Shipment 7, Source:1, Going:2, Size:2 In Warehouse: 1
Shipment 8, Source:3, Going:1, Size:1 In Warehouse: 3
Shipment 9, Source:2, Going:3, Size:1, In Truck: 3
Shipment 10, Source:1, Going:3, Size:2, In Truck: 4
Shipment 11, Source:2, Going:3, Size:2 In Warehouse: 2
Shipment 12, Source:1, Going:3, Size:1 In Warehouse: 1
Shipment 13, Source:3, Going:1, Size:2, In Truck: 6
Shipment 14, Source:1, Going:2, Size:3 In Warehouse: 1
Shipment 15, Source:2, Going:1, Size:3 In Warehouse: 2
Shipment 16, Source:1, Going:2, Size:3 In Warehouse: 1
Shipment 17, Source:3, Going:2, Size:1 In Warehouse: 3
Shipment 18, Source:1, Going:2, Size:1, In Truck: 7
Shipment 19, Source:1, Going:2, Size:3 In Warehouse: 2
Shipment 20, Source:1, Going:2, Size:2 In Warehouse: 1
Shipment 21, Source:2, Going:1, Size:1, In Truck: 9
Shipment 22, Source:3, Going:1, Size:3 In Warehouse: 3
Shipment 23, Source:2, Going:3, Size:1, In Truck: 10
Shipment 24, Source:2, Going:3, Size:1, In Truck: 11
Shipment 25, Source:1, Going:2, Size:3 In Warehouse: 1
Shipment 26, Source:2, Going:1, Size:2 In Warehouse: 2
Shipment 27, Source:3, Going:2, Size:2, In Truck: 12
Cycle: 36
Truck 1, [74,44] , Cargo:0/4, Speed:2
Truck 3, [68,52] , Cargo:1/4, Speed:2
 (Id 9 Source: 2, Going: 3, Size:1)
Truck 4, [50,34] , Cargo:2/2, Speed:4
 (Id 10 Source: 1, Going: 3, Size:2)
Truck 5, [43,22] , Cargo:0/5, Speed:1
Truck 6, [66,14] , Cargo:2/2, Speed:4
 (Id 13 Source: 3, Going: 1, Size:2)
Truck 7, [81,34] , Cargo:1/5, Speed:1
 (Id 18 Source: 1, Going: 2, Size:1)
Truck 9, [82,34] , Cargo:0/3, Speed:3
Truck 10, [38,36] , Cargo:1/2, Speed:4
 (Id 23 Source: 2, Going: 3, Size:1)
Truck 11, [38,44] , Cargo:1/2, Speed:4
 (Id 24 Source: 2, Going: 3, Size:1)
Truck 12, [74,52] , Cargo:0/2, Speed:4
WareHouse 1, [82, 34], Docks:1, [Shipment14(3,false), Shipment16(3,false), Shipment18(1,true), Shipment19(3,true), Shipment20(2,false), Shipment25(3,false), Shipment3(1,true), Shipment21(1,true)]
WareHouse 2, [74, 52], Docks:1, [Shipment21(1,true), Shipment23(1,true), Shipment24(1,true), Shipment26(2,false), Shipment19(3,true), Shipment27(2,true), Shipment5(2,true)]
WareHouse 3, [38, 14], Docks:1, [Shipment6(2,false), Shipment8(1,false), Shipment13(2,true), Shipment17(1,false), Shipment22(3,false), Shipment27(2,true)]
Shipment 1, Source:3, Going:2, Size:3 In Warehouse: 3
Shipment 2, Source:2, Going:3, Size:2 In Warehouse: 2
Shipment 3, Source:2, Going:1, Size:1, In Truck: 1
Shipment 4, Source:3, Going:2, Size:3 In Warehouse: 3
Shipment 5, Source:3, Going:2, Size:2 In Warehouse: 2
Shipment 6, Source:3, Going:2, Size:2 In Warehouse: 3
Shipment 7, Source:1, Going:2, Size:2 In Warehouse: 1
Shipment 8, Source:3, Going:1, Size:1 In Warehouse: 3
Shipment 9, Source:2, Going:3, Size:1, In Truck: 3
Shipment 10, Source:1, Going:3, Size:2, In Truck: 4
Shipment 11, Source:2, Going:3, Size:2 In Warehouse: 2
Shipment 12, Source:1, Going:3, Size:1 In Warehouse: 1
Shipment 13, Source:3, Going:1, Size:2, In Truck: 6
Shipment 14, Source:1, Going:2, Size:3 In Warehouse: 1
Shipment 15, Source:2, Going:1, Size:3 In Warehouse: 2
Shipment 16, Source:1, Going:2, Size:3 In Warehouse: 1
Shipment 17, Source:3, Going:2, Size:1 In Warehouse: 3
Shipment 18, Source:1, Going:2, Size:1, In Truck: 7
Shipment 19, Source:1, Going:2, Size:3 In Warehouse: 2
Shipment 20, Source:1, Going:2, Size:2 In Warehouse: 1
Shipment 21, Source:2, Going:1, Size:1, In Truck: 9
Shipment 22, Source:3, Going:1, Size:3 In Warehouse: 3
Shipment 23, Source:2, Going:3, Size:1, In Truck: 10
Shipment 24, Source:2, Going:3, Size:1, In Truck: 11
Shipment 25, Source:1, Going:2, Size:3 In Warehouse: 1
Shipment 26, Source:2, Going:1, Size:2 In Warehouse: 2
Shipment 27, Source:3, Going:2, Size:2, In Truck: 12
Cycle: 37
Truck 1, [74,46] , Cargo:0/4, Speed:2
Truck 3, [66,52] , Cargo:1/4, Speed:2
 (Id 9 Source: 2, Going: 3, Size:1)
Truck 4, [46,34] , Cargo:2/2, Speed:4
 (Id 10 Source: 1, Going: 3, Size:2)
Truck 5, [44,22] , Cargo:0/5, Speed:1
Truck 6, [70,14] , Cargo:2/2, Speed:4
 (Id 13 Source: 3, Going: 1, Size:2)
Truck 7, [80,34] , Cargo:1/5, Speed:1
 (Id 18 Source: 1, Going: 2, Size:1)
Truck 9, [82,34] , Cargo:2/3, Speed:3
 (Id 20 Source: 1, Going: 2, Size:2)
Truck 10, [38,32] , Cargo:1/2, Speed:4
 (Id 23 Source: 2, Going: 3, Size:1)
Truck 11, [38,40] , Cargo:1/2, Speed:4
 (Id 24 Source: 2, Going: 3, Size:1)
Truck 12, [74,52] , Cargo:0/2, Speed:4
WareHouse 1, [82, 34], Docks:1, [Shipment16(3,false), Shipment18(1,true), Shipment19(3,true), Shipment20(2,true), Shipment25(3,false), Shipment3(1,true), Shipment21(1,true)]
WareHouse 2, [74, 52], Docks:1, [Shipment21(1,true), Shipment23(1,true), Shipment24(1,true), Shipment26(2,false), Shipment19(3,true), Shipment27(2,true), Shipment5(2,true)]
WareHouse 3, [38, 14], Docks:1, [Shipment6(2,false), Shipment8(1,false), Shipment13(2,true), Shipment17(1,false), Shipment22(3,false), Shipment27(2,true)]
Shipment 1, Source:3, Going:2, Size:3 In Warehouse: 3
Shipment 2, Source:2, Going:3, Size:2 In Warehouse: 2
Shipment 3, Source:2, Going:1, Size:1, In Truck: 1
Shipment 4, Source:3, Going:2, Size:3 In Warehouse: 3
Shipment 5, Source:3, Going:2, Size:2 In Warehouse: 2
Shipment 6, Source:3, Going:2, Size:2 In Warehouse: 3
Shipment 7, Source:1, Going:2, Size:2 In Warehouse: 1
Shipment 8, Source:3, Going:1, Size:1 In Warehouse: 3
Shipment 9, Source:2, Going:3, Size:1, In Truck: 3
Shipment 10, Source:1, Going:3, Size:2, In Truck: 4
Shipment 11, Source:2, Going:3, Size:2 In Warehouse: 2
Shipment 12, Source:1, Going:3, Size:1 In Warehouse: 1
Shipment 13, Source:3, Going:1, Size:2, In Truck: 6
Shipment 14, Source:1, Going:2, Size:3 In Warehouse: 1
Shipment 15, Source:2, Going:1, Size:3 In Warehouse: 2
Shipment 16, Source:1, Going:2, Size:3 In Warehouse: 1
Shipment 17, Source:3, Going:2, Size:1 In Warehouse: 3
Shipment 18, Source:1, Going:2, Size:1, In Truck: 7
Shipment 19, Source:1, Going:2, Size:3 In Warehouse: 2
Shipment 20, Source:1, Going:2, Size:2, In Truck: 9
Shipment 21, Source:2, Going:1, Size:1, In Truck: 9
Shipment 22, Source:3, Going:1, Size:3 In Warehouse: 3
Shipment 23, Source:2, Going:3, Size:1, In Truck: 10
Shipment 24, Source:2, Going:3, Size:1, In Truck: 11
Shipment 25, Source:1, Going:2, Size:3 In Warehouse: 1
Shipment 26, Source:2, Going:1, Size:2 In Warehouse: 2
Shipment 27, Source:3, Going:2, Size:2, In Truck: 12
Cycle: 38
Truck 1, [74,48] , Cargo:0/4, Speed:2
Truck 3, [64,52] , Cargo:1/4, Speed:2
 (Id 9 Source: 2, Going: 3, Size:1)
Truck 4, [42,34] , Cargo:2/2, Speed:4
 (Id 10 Source: 1, Going: 3, Size:2)
Truck 5, [45,22] , Cargo:0/5, Speed:1
Truck 6, [74,14] , Cargo:2/2, Speed:4
 (Id 13 Source: 3, Going: 1, Size:2)
Truck 7, [79,34] , Cargo:1/5, Speed:1
 (Id 18 Source: 1, Going: 2, Size:1)
Truck 9, [79,34] , Cargo:2/3, Speed:3
 (Id 20 Source: 1, Going: 2, Size:2)
Truck 10, [38,28] , Cargo:1/2, Speed:4
 (Id 23 Source: 2, Going: 3, Size:1)
Truck 11, [38,36] , Cargo:1/2, Speed:4
 (Id 24 Source: 2, Going: 3, Size:1)
Truck 12, [74,52] , Cargo:2/2, Speed:4
 (Id 26 Source: 2, Going: 1, Size:2)
WareHouse 1, [82, 34], Docks:1, [Shipment16(3,false), Shipment18(1,true), Shipment19(3,true), Shipment20(2,true), Shipment25(3,false), Shipment3(1,true), Shipment21(1,true)]
WareHouse 2, [74, 52], Docks:1, [Shipment23(1,true), Shipment24(1,true), Shipment26(2,true), Shipment19(3,true), Shipment27(2,true), Shipment5(2,true)]
WareHouse 3, [38, 14], Docks:1, [Shipment6(2,false), Shipment8(1,false), Shipment13(2,true), Shipment17(1,false), Shipment22(3,false), Shipment27(2,true)]
Shipment 1, Source:3, Going:2, Size:3 In Warehouse: 3
Shipment 2, Source:2, Going:3, Size:2 In Warehouse: 2
Shipment 3, Source:2, Going:1, Size:1, In Truck: 1
Shipment 4, Source:3, Going:2, Size:3 In Warehouse: 3
Shipment 5, Source:3, Going:2, Size:2 In Warehouse: 2
Shipment 6, Source:3, Going:2, Size:2 In Warehouse: 3
Shipment 7, Source:1, Going:2, Size:2 In Warehouse: 1
Shipment 8, Source:3, Going:1, Size:1 In Warehouse: 3
Shipment 9, Source:2, Going:3, Size:1, In Truck: 3
Shipment 10, Source:1, Going:3, Size:2, In Truck: 4
Shipment 11, Source:2, Going:3, Size:2 In Warehouse: 2
Shipment 12, Source:1, Going:3, Size:1 In Warehouse: 1
Shipment 13, Source:3, Going:1, Size:2, In Truck: 6
Shipment 14, Source:1, Going:2, Size:3 In Warehouse: 1
Shipment 15, Source:2, Going:1, Size:3 In Warehouse: 2
Shipment 16, Source:1, Going:2, Size:3 In Warehouse: 1
Shipment 17, Source:3, Going:2, Size:1 In Warehouse: 3
Shipment 18, Source:1, Going:2, Size:1, In Truck: 7
Shipment 19, Source:1, Going:2, Size:3 In Warehouse: 2
Shipment 20, Source:1, Going:2, Size:2, In Truck: 9
Shipment 21, Source:2, Going:1, Size:1, In Truck: 9
Shipment 22, Source:3, Going:1, Size:3 In Warehouse: 3
Shipment 23, Source:2, Going:3, Size:1, In Truck: 10
Shipment 24, Source:2, Going:3, Size:1, In Truck: 11
Shipment 25, Source:1, Going:2, Size:3 In Warehouse: 1
Shipment 26, Source:2, Going:1, Size:2, In Truck: 12
Shipment 27, Source:3, Going:2, Size:2, In Truck: 12
Cycle: 39
Truck 1, [74,50] , Cargo:0/4, Speed:2
Truck 3, [62,52] , Cargo:1/4, Speed:2
 (Id 9 Source: 2, Going: 3, Size:1)
Truck 4, [38,34] , Cargo:2/2, Speed:4
 (Id 10 Source: 1, Going: 3, Size:2)
Truck 5, [46,22] , Cargo:0/5, Speed:1
Truck 6, [78,14] , Cargo:2/2, Speed:4
 (Id 13 Source: 3, Going: 1, Size:2)
Truck 7, [78,34] , Cargo:1/5, Speed:1
 (Id 18 Source: 1, Going: 2, Size:1)
Truck 9, [76,34] , Cargo:2/3, Speed:3
 (Id 20 Source: 1, Going: 2, Size:2)
Truck 10, [38,24] , Cargo:1/2, Speed:4
 (Id 23 Source: 2, Going: 3, Size:1)
Truck 11, [38,32] , Cargo:1/2, Speed:4
 (Id 24 Source: 2, Going: 3, Size:1)
Truck 12, [78,52] , Cargo:2/2, Speed:4
 (Id 26 Source: 2, Going: 1, Size:2)
WareHouse 1, [82, 34], Docks:1, [Shipment16(3,false), Shipment18(1,true), Shipment19(3,true), Shipment20(2,true), Shipment25(3,false), Shipment3(1,true), Shipment21(1,true)]
WareHouse 2, [74, 52], Docks:1, [Shipment23(1,true), Shipment24(1,true), Shipment26(2,true), Shipment19(3,true), Shipment27(2,true), Shipment5(2,true)]
WareHouse 3, [38, 14], Docks:1, [Shipment6(2,false), Shipment8(1,false), Shipment13(2,true), Shipment17(1,false), Shipment22(3,false), Shipment27(2,true)]
Shipment 1, Source:3, Going:2, Size:3 In Warehouse: 3
Shipment 2, Source:2, Going:3, Size:2 In Warehouse: 2
Shipment 3, Source:2, Going:1, Size:1, In Truck: 1
Shipment 4, Source:3, Going:2, Size:3 In Warehouse: 3
Shipment 5, Source:3, Going:2, Size:2 In Warehouse: 2
Shipment 6, Source:3, Going:2, Size:2 In Warehouse: 3
Shipment 7, Source:1, Going:2, Size:2 In Warehouse: 1
Shipment 8, Source:3, Going:1, Size:1 In Warehouse: 3
Shipment 9, Source:2, Going:3, Size:1, In Truck: 3
Shipment 10, Source:1, Going:3, Size:2, In Truck: 4
Shipment 11, Source:2, Going:3, Size:2 In Warehouse: 2
Shipment 12, Source:1, Going:3, Size:1 In Warehouse: 1
Shipment 13, Source:3, Going:1, Size:2, In Truck: 6
Shipment 14, Source:1, Going:2, Size:3 In Warehouse: 1
Shipment 15, Source:2, Going:1, Size:3 In Warehouse: 2
Shipment 16, Source:1, Going:2, Size:3 In Warehouse: 1
Shipment 17, Source:3, Going:2, Size:1 In Warehouse: 3
Shipment 18, Source:1, Going:2, Size:1, In Truck: 7
Shipment 19, Source:1, Going:2, Size:3 In Warehouse: 2
Shipment 20, Source:1, Going:2, Size:2, In Truck: 9
Shipment 21, Source:2, Going:1, Size:1, In Truck: 9
Shipment 22, Source:3, Going:1, Size:3 In Warehouse: 3
Shipment 23, Source:2, Going:3, Size:1, In Truck: 10
Shipment 24, Source:2, Going:3, Size:1, In Truck: 11
Shipment 25, Source:1, Going:2, Size:3 In Warehouse: 1
Shipment 26, Source:2, Going:1, Size:2, In Truck: 12
Shipment 27, Source:3, Going:2, Size:2, In Truck: 12
Cycle: 40
Truck 1, [74,52] , Cargo:0/4, Speed:2
Truck 3, [60,52] , Cargo:1/4, Speed:2
 (Id 9 Source: 2, Going: 3, Size:1)
Truck 4, [38,30] , Cargo:2/2, Speed:4
 (Id 10 Source: 1, Going: 3, Size:2)
Truck 5, [47,22] , Cargo:0/5, Speed:1
Truck 6, [82,14] , Cargo:2/2, Speed:4
 (Id 13 Source: 3, Going: 1, Size:2)
Truck 7, [77,34] , Cargo:1/5, Speed:1
 (Id 18 Source: 1, Going: 2, Size:1)
Truck 9, [74,34] , Cargo:2/3, Speed:3
 (Id 20 Source: 1, Going: 2, Size:2)
Truck 10, [38,20] , Cargo:1/2, Speed:4
 (Id 23 Source: 2, Going: 3, Size:1)
Truck 11, [38,28] , Cargo:1/2, Speed:4
 (Id 24 Source: 2, Going: 3, Size:1)
Truck 12, [82,52] , Cargo:2/2, Speed:4
 (Id 26 Source: 2, Going: 1, Size:2)
WareHouse 1, [82, 34], Docks:1, [Shipment16(3,false), Shipment18(1,true), Shipment19(3,true), Shipment20(2,true), Shipment25(3,false), Shipment3(1,true), Shipment21(1,true)]
WareHouse 2, [74, 52], Docks:1, [Shipment23(1,true), Shipment24(1,true), Shipment26(2,true), Shipment19(3,true), Shipment27(2,true), Shipment5(2,true)]
WareHouse 3, [38, 14], Docks:1, [Shipment6(2,false), Shipment8(1,false), Shipment13(2,true), Shipment17(1,false), Shipment22(3,false), Shipment27(2,true)]
Shipment 1, Source:3, Going:2, Size:3 In Warehouse: 3
Shipment 2, Source:2, Going:3, Size:2 In Warehouse: 2
Shipment 3, Source:2, Going:1, Size:1, In Truck: 1
Shipment 4, Source:3, Going:2, Size:3 In Warehouse: 3
Shipment 5, Source:3, Going:2, Size:2 In Warehouse: 2
Shipment 6, Source:3, Going:2, Size:2 In Warehouse: 3
Shipment 7, Source:1, Going:2, Size:2 In Warehouse: 1
Shipment 8, Source:3, Going:1, Size:1 In Warehouse: 3
Shipment 9, Source:2, Going:3, Size:1, In Truck: 3
Shipment 10, Source:1, Going:3, Size:2, In Truck: 4
Shipment 11, Source:2, Going:3, Size:2 In Warehouse: 2
Shipment 12, Source:1, Going:3, Size:1 In Warehouse: 1
Shipment 13, Source:3, Going:1, Size:2, In Truck: 6
Shipment 14, Source:1, Going:2, Size:3 In Warehouse: 1
Shipment 15, Source:2, Going:1, Size:3 In Warehouse: 2
Shipment 16, Source:1, Going:2, Size:3 In Warehouse: 1
Shipment 17, Source:3, Going:2, Size:1 In Warehouse: 3
Shipment 18, Source:1, Going:2, Size:1, In Truck: 7
Shipment 19, Source:1, Going:2, Size:3 In Warehouse: 2
Shipment 20, Source:1, Going:2, Size:2, In Truck: 9
Shipment 21, Source:2, Going:1, Size:1, In Truck: 9
Shipment 22, Source:3, Going:1, Size:3 In Warehouse: 3
Shipment 23, Source:2, Going:3, Size:1, In Truck: 10
Shipment 24, Source:2, Going:3, Size:1, In Truck: 11
Shipment 25, Source:1, Going:2, Size:3 In Warehouse: 1
Shipment 26, Source:2, Going:1, Size:2, In Truck: 12
Shipment 27, Source:3, Going:2, Size:2, In Truck: 12
Cycle: 41
Truck 1, [74,52] , Cargo:0/4, Speed:2
Truck 3, [58,52] , Cargo:1/4, Speed:2
 (Id 9 Source: 2, Going: 3, Size:1)
Truck 4, [38,26] , Cargo:2/2, Speed:4
 (Id 10 Source: 1, Going: 3, Size:2)
Truck 5, [48,22] , Cargo:0/5, Speed:1
Truck 6, [82,18] , Cargo:2/2, Speed:4
 (Id 13 Source: 3, Going: 1, Size:2)
Truck 7, [76,34] , Cargo:1/5, Speed:1
 (Id 18 Source: 1, Going: 2, Size:1)
Truck 9, [74,37] , Cargo:2/3, Speed:3
 (Id 20 Source: 1, Going: 2, Size:2)
Truck 10, [38,16] , Cargo:1/2, Speed:4
 (Id 23 Source: 2, Going: 3, Size:1)
Truck 11, [38,24] , Cargo:1/2, Speed:4
 (Id 24 Source: 2, Going: 3, Size:1)
Truck 12, [82,48] , Cargo:2/2, Speed:4
 (Id 26 Source: 2, Going: 1, Size:2)
WareHouse 1, [82, 34], Docks:1, [Shipment16(3,false), Shipment18(1,true), Shipment19(3,true), Shipment20(2,true), Shipment25(3,false), Shipment3(1,true), Shipment21(1,true)]
WareHouse 2, [74, 52], Docks:1, [Shipment23(1,true), Shipment24(1,true), Shipment26(2,true), Shipment19(3,true), Shipment27(2,true), Shipment5(2,true)]
WareHouse 3, [38, 14], Docks:1, [Shipment6(2,false), Shipment8(1,false), Shipment13(2,true), Shipment17(1,false), Shipment22(3,false), Shipment27(2,true)]
Shipment 1, Source:3, Going:2, Size:3 In Warehouse: 3
Shipment 2, Source:2, Going:3, Size:2 In Warehouse: 2
Shipment 3, Source:2, Going:1, Size:1, In Truck: 1
Shipment 4, Source:3, Going:2, Size:3 In Warehouse: 3
Shipment 5, Source:3, Going:2, Size:2 In Warehouse: 2
Shipment 6, Source:3, Going:2, Size:2 In Warehouse: 3
Shipment 7, Source:1, Going:2, Size:2 In Warehouse: 1
Shipment 8, Source:3, Going:1, Size:1 In Warehouse: 3
Shipment 9, Source:2, Going:3, Size:1, In Truck: 3
Shipment 10, Source:1, Going:3, Size:2, In Truck: 4
Shipment 11, Source:2, Going:3, Size:2 In Warehouse: 2
Shipment 12, Source:1, Going:3, Size:1 In Warehouse: 1
Shipment 13, Source:3, Going:1, Size:2, In Truck: 6
Shipment 14, Source:1, Going:2, Size:3 In Warehouse: 1
Shipment 15, Source:2, Going:1, Size:3 In Warehouse: 2
Shipment 16, Source:1, Going:2, Size:3 In Warehouse: 1
Shipment 17, Source:3, Going:2, Size:1 In Warehouse: 3
Shipment 18, Source:1, Going:2, Size:1, In Truck: 7
Shipment 19, Source:1, Going:2, Size:3 In Warehouse: 2
Shipment 20, Source:1, Going:2, Size:2, In Truck: 9
Shipment 21, Source:2, Going:1, Size:1, In Truck: 9
Shipment 22, Source:3, Going:1, Size:3 In Warehouse: 3
Shipment 23, Source:2, Going:3, Size:1, In Truck: 10
Shipment 24, Source:2, Going:3, Size:1, In Truck: 11
Shipment 25, Source:1, Going:2, Size:3 In Warehouse: 1
Shipment 26, Source:2, Going:1, Size:2, In Truck: 12
Shipment 27, Source:3, Going:2, Size:2, In Truck: 12
Cycle: 42
Truck 1, [74,52] , Cargo:0/4, Speed:2
Truck 3, [56,52] , Cargo:1/4, Speed:2
 (Id 9 Source: 2, Going: 3, Size:1)
Truck 4, [38,22] , Cargo:2/2, Speed:4
 (Id 10 Source: 1, Going: 3, Size:2)
Truck 5, [49,22] , Cargo:0/5, Speed:1
Truck 6, [82,22] , Cargo:2/2, Speed:4
 (Id 13 Source: 3, Going: 1, Size:2)
Truck 7, [75,34] , Cargo:1/5, Speed:1
 (Id 18 Source: 1, Going: 2, Size:1)
Truck 9, [74,40] , Cargo:2/3, Speed:3
 (Id 20 Source: 1, Going: 2, Size:2)
Truck 10, [38,14] , Cargo:1/2, Speed:4
 (Id 23 Source: 2, Going: 3, Size:1)
Truck 11, [38,20] , Cargo:1/2, Speed:4
 (Id 24 Source: 2, Going: 3, Size:1)
Truck 12, [82,44] , Cargo:2/2, Speed:4
 (Id 26 Source: 2, Going: 1, Size:2)
WareHouse 1, [82, 34], Docks:1, [Shipment16(3,false), Shipment18(1,true), Shipment19(3,true), Shipment20(2,true), Shipment25(3,false), Shipment3(1,true), Shipment21(1,true)]
WareHouse 2, [74, 52], Docks:1, [Shipment23(1,true), Shipment24(1,true), Shipment26(2,true), Shipment19(3,true), Shipment27(2,true), Shipment5(2,true)]
WareHouse 3, [38, 14], Docks:1, [Shipment6(2,false), Shipment8(1,false), Shipment13(2,true), Shipment17(1,false), Shipment22(3,false), Shipment27(2,true)]
Shipment 1, Source:3, Going:2, Size:3 In Warehouse: 3
Shipment 2, Source:2, Going:3, Size:2 In Warehouse: 2
Shipment 3, Source:2, Going:1, Size:1, In Truck: 1
Shipment 4, Source:3, Going:2, Size:3 In Warehouse: 3
Shipment 5, Source:3, Going:2, Size:2 In Warehouse: 2
Shipment 6, Source:3, Going:2, Size:2 In Warehouse: 3
Shipment 7, Source:1, Going:2, Size:2 In Warehouse: 1
Shipment 8, Source:3, Going:1, Size:1 In Warehouse: 3
Shipment 9, Source:2, Going:3, Size:1, In Truck: 3
Shipment 10, Source:1, Going:3, Size:2, In Truck: 4
Shipment 11, Source:2, Going:3, Size:2 In Warehouse: 2
Shipment 12, Source:1, Going:3, Size:1 In Warehouse: 1
Shipment 13, Source:3, Going:1, Size:2, In Truck: 6
Shipment 14, Source:1, Going:2, Size:3 In Warehouse: 1
Shipment 15, Source:2, Going:1, Size:3 In Warehouse: 2
Shipment 16, Source:1, Going:2, Size:3 In Warehouse: 1
Shipment 17, Source:3, Going:2, Size:1 In Warehouse: 3
Shipment 18, Source:1, Going:2, Size:1, In Truck: 7
Shipment 19, Source:1, Going:2, Size:3 In Warehouse: 2
Shipment 20, Source:1, Going:2, Size:2, In Truck: 9
Shipment 21, Source:2, Going:1, Size:1, In Truck: 9
Shipment 22, Source:3, Going:1, Size:3 In Warehouse: 3
Shipment 23, Source:2, Going:3, Size:1, In Truck: 10
Shipment 24, Source:2, Going:3, Size:1, In Truck: 11
Shipment 25, Source:1, Going:2, Size:3 In Warehouse: 1
Shipment 26, Source:2, Going:1, Size:2, In Truck: 12
Shipment 27, Source:3, Going:2, Size:2, In Truck: 12
Cycle: 43
Truck 1, [74,52] , Cargo:2/4, Speed:2
 (Id 2 Source: 2, Going: 3, Size:2)
Truck 3, [54,52] , Cargo:1/4, Speed:2
 (Id 9 Source: 2, Going: 3, Size:1)
Truck 4, [38,18] , Cargo:2/2, Speed:4
 (Id 10 Source: 1, Going: 3, Size:2)
Truck 5, [50,22] , Cargo:0/5, Speed:1
Truck 6, [82,26] , Cargo:2/2, Speed:4
 (Id 13 Source: 3, Going: 1, Size:2)
Truck 7, [74,34] , Cargo:1/5, Speed:1
 (Id 18 Source: 1, Going: 2, Size:1)
Truck 9, [74,43] , Cargo:2/3, Speed:3
 (Id 20 Source: 1, Going: 2, Size:2)
Truck 10, [38,14] , Cargo:1/2, Speed:4
 (Id 23 Source: 2, Going: 3, Size:1)
Truck 11, [38,16] , Cargo:1/2, Speed:4
 (Id 24 Source: 2, Going: 3, Size:1)
Truck 12, [82,40] , Cargo:2/2, Speed:4
 (Id 26 Source: 2, Going: 1, Size:2)
WareHouse 1, [82, 34], Docks:1, [Shipment16(3,false), Shipment18(1,true), Shipment19(3,true), Shipment20(2,true), Shipment25(3,false), Shipment3(1,true), Shipment21(1,true)]
WareHouse 2, [74, 52], Docks:1, [Shipment24(1,true), Shipment26(2,true), Shipment19(3,true), Shipment27(2,true), Shipment5(2,true)]
WareHouse 3, [38, 14], Docks:1, [Shipment6(2,false), Shipment8(1,false), Shipment13(2,true), Shipment17(1,false), Shipment22(3,false), Shipment27(2,true)]
Shipment 1, Source:3, Going:2, Size:3 In Warehouse: 3
Shipment 2, Source:2, Going:3, Size:2, In Truck: 1
Shipment 3, Source:2, Going:1, Size:1, In Truck: 1
Shipment 4, Source:3, Going:2, Size:3 In Warehouse: 3
Shipment 5, Source:3, Going:2, Size:2 In Warehouse: 2
Shipment 6, Source:3, Going:2, Size:2 In Warehouse: 3
Shipment 7, Source:1, Going:2, Size:2 In Warehouse: 1
Shipment 8, Source:3, Going:1, Size:1 In Warehouse: 3
Shipment 9, Source:2, Going:3, Size:1, In Truck: 3
Shipment 10, Source:1, Going:3, Size:2, In Truck: 4
Shipment 11, Source:2, Going:3, Size:2 In Warehouse: 2
Shipment 12, Source:1, Going:3, Size:1 In Warehouse: 1
Shipment 13, Source:3, Going:1, Size:2, In Truck: 6
Shipment 14, Source:1, Going:2, Size:3 In Warehouse: 1
Shipment 15, Source:2, Going:1, Size:3 In Warehouse: 2
Shipment 16, Source:1, Going:2, Size:3 In Warehouse: 1
Shipment 17, Source:3, Going:2, Size:1 In Warehouse: 3
Shipment 18, Source:1, Going:2, Size:1, In Truck: 7
Shipment 19, Source:1, Going:2, Size:3 In Warehouse: 2
Shipment 20, Source:1, Going:2, Size:2, In Truck: 9
Shipment 21, Source:2, Going:1, Size:1, In Truck: 9
Shipment 22, Source:3, Going:1, Size:3 In Warehouse: 3
Shipment 23, Source:2, Going:3, Size:1, In Truck: 10
Shipment 24, Source:2, Going:3, Size:1, In Truck: 11
Shipment 25, Source:1, Going:2, Size:3 In Warehouse: 1
Shipment 26, Source:2, Going:1, Size:2, In Truck: 12
Shipment 27, Source:3, Going:2, Size:2, In Truck: 12
Cycle: 44
Truck 1, [72,52] , Cargo:2/4, Speed:2
 (Id 2 Source: 2, Going: 3, Size:2)
Truck 3, [52,52] , Cargo:1/4, Speed:2
 (Id 9 Source: 2, Going: 3, Size:1)
Truck 4, [38,14] , Cargo:2/2, Speed:4
 (Id 10 Source: 1, Going: 3, Size:2)
Truck 5, [51,22] , Cargo:0/5, Speed:1
Truck 6, [82,30] , Cargo:2/2, Speed:4
 (Id 13 Source: 3, Going: 1, Size:2)
Truck 7, [74,35] , Cargo:1/5, Speed:1
 (Id 18 Source: 1, Going: 2, Size:1)
Truck 9, [74,46] , Cargo:2/3, Speed:3
 (Id 20 Source: 1, Going: 2, Size:2)
Truck 11, [38,14] , Cargo:1/2, Speed:4
 (Id 24 Source: 2, Going: 3, Size:1)
Truck 12, [82,36] , Cargo:2/2, Speed:4
 (Id 26 Source: 2, Going: 1, Size:2)
WareHouse 1, [82, 34], Docks:1, [Shipment16(3,false), Shipment18(1,true), Shipment19(3,true), Shipment20(2,true), Shipment25(3,false), Shipment3(1,true), Shipment21(1,true)]
WareHouse 2, [74, 52], Docks:1, [Shipment24(1,true), Shipment26(2,true), Shipment19(3,true), Shipment27(2,true), Shipment5(2,true)]
WareHouse 3, [38, 14], Docks:1, [Shipment6(2,false), Shipment8(1,false), Shipment13(2,true), Shipment17(1,false), Shipment22(3,false), Shipment27(2,true), Shipment23(1,true)]
Shipment 1, Source:3, Going:2, Size:3 In Warehouse: 3
Shipment 2, Source:2, Going:3, Size:2, In Truck: 1
Shipment 3, Source:2, Going:1, Size:1, In Truck: 1
Shipment 4, Source:3, Going:2, Size:3 In Warehouse: 3
Shipment 5, Source:3, Going:2, Size:2 In Warehouse: 2
Shipment 6, Source:3, Going:2, Size:2 In Warehouse: 3
Shipment 7, Source:1, Going:2, Size:2 In Warehouse: 1
Shipment 8, Source:3, Going:1, Size:1 In Warehouse: 3
Shipment 9, Source:2, Going:3, Size:1, In Truck: 3
Shipment 10, Source:1, Going:3, Size:2, In Truck: 4
Shipment 11, Source:2, Going:3, Size:2 In Warehouse: 2
Shipment 12, Source:1, Going:3, Size:1 In Warehouse: 1
Shipment 13, Source:3, Going:1, Size:2, In Truck: 6
Shipment 14, Source:1, Going:2, Size:3 In Warehouse: 1
Shipment 15, Source:2, Going:1, Size:3 In Warehouse: 2
Shipment 16, Source:1, Going:2, Size:3 In Warehouse: 1
Shipment 17, Source:3, Going:2, Size:1 In Warehouse: 3
Shipment 18, Source:1, Going:2, Size:1, In Truck: 7
Shipment 19, Source:1, Going:2, Size:3 In Warehouse: 2
Shipment 20, Source:1, Going:2, Size:2, In Truck: 9
Shipment 21, Source:2, Going:1, Size:1, In Truck: 9
Shipment 22, Source:3, Going:1, Size:3 In Warehouse: 3
Shipment 23, Source:2, Going:3, Size:1 In Warehouse: 3
Shipment 24, Source:2, Going:3, Size:1, In Truck: 11
Shipment 25, Source:1, Going:2, Size:3 In Warehouse: 1
Shipment 26, Source:2, Going:1, Size:2, In Truck: 12
Shipment 27, Source:3, Going:2, Size:2, In Truck: 12
Cycle: 45
Truck 1, [70,52] , Cargo:2/4, Speed:2
 (Id 2 Source: 2, Going: 3, Size:2)
Truck 3, [50,52] , Cargo:1/4, Speed:2
 (Id 9 Source: 2, Going: 3, Size:1)
Truck 4, [38,14] , Cargo:2/2, Speed:4
 (Id 10 Source: 1, Going: 3, Size:2)
Truck 5, [52,22] , Cargo:0/5, Speed:1
Truck 6, [82,34] , Cargo:2/2, Speed:4
 (Id 13 Source: 3, Going: 1, Size:2)
Truck 7, [74,36] , Cargo:1/5, Speed:1
 (Id 18 Source: 1, Going: 2, Size:1)
Truck 9, [74,49] , Cargo:2/3, Speed:3
 (Id 20 Source: 1, Going: 2, Size:2)
Truck 11, [38,14] , Cargo:1/2, Speed:4
 (Id 24 Source: 2, Going: 3, Size:1)
Truck 12, [82,34] , Cargo:2/2, Speed:4
 (Id 26 Source: 2, Going: 1, Size:2)
WareHouse 1, [82, 34], Docks:1, [Shipment16(3,false), Shipment18(1,true), Shipment19(3,true), Shipment20(2,true), Shipment25(3,false), Shipment3(1,true), Shipment21(1,true)]
WareHouse 2, [74, 52], Docks:1, [Shipment24(1,true), Shipment26(2,true), Shipment19(3,true), Shipment27(2,true), Shipment5(2,true)]
WareHouse 3, [38, 14], Docks:1, [Shipment6(2,false), Shipment8(1,false), Shipment13(2,true), Shipment17(1,false), Shipment22(3,false), Shipment27(2,true), Shipment23(1,true)]
Shipment 1, Source:3, Going:2, Size:3 In Warehouse: 3
Shipment 2, Source:2, Going:3, Size:2, In Truck: 1
Shipment 3, Source:2, Going:1, Size:1, In Truck: 1
Shipment 4, Source:3, Going:2, Size:3 In Warehouse: 3
Shipment 5, Source:3, Going:2, Size:2 In Warehouse: 2
Shipment 6, Source:3, Going:2, Size:2 In Warehouse: 3
Shipment 7, Source:1, Going:2, Size:2 In Warehouse: 1
Shipment 8, Source:3, Going:1, Size:1 In Warehouse: 3
Shipment 9, Source:2, Going:3, Size:1, In Truck: 3
Shipment 10, Source:1, Going:3, Size:2, In Truck: 4
Shipment 11, Source:2, Going:3, Size:2 In Warehouse: 2
Shipment 12, Source:1, Going:3, Size:1 In Warehouse: 1
Shipment 13, Source:3, Going:1, Size:2, In Truck: 6
Shipment 14, Source:1, Going:2, Size:3 In Warehouse: 1
Shipment 15, Source:2, Going:1, Size:3 In Warehouse: 2
Shipment 16, Source:1, Going:2, Size:3 In Warehouse: 1
Shipment 17, Source:3, Going:2, Size:1 In Warehouse: 3
Shipment 18, Source:1, Going:2, Size:1, In Truck: 7
Shipment 19, Source:1, Going:2, Size:3 In Warehouse: 2
Shipment 20, Source:1, Going:2, Size:2, In Truck: 9
Shipment 21, Source:2, Going:1, Size:1, In Truck: 9
Shipment 22, Source:3, Going:1, Size:3 In Warehouse: 3
Shipment 23, Source:2, Going:3, Size:1 In Warehouse: 3
Shipment 24, Source:2, Going:3, Size:1, In Truck: 11
Shipment 25, Source:1, Going:2, Size:3 In Warehouse: 1
Shipment 26, Source:2, Going:1, Size:2, In Truck: 12
Shipment 27, Source:3, Going:2, Size:2, In Truck: 12
Cycle: 46
Truck 1, [68,52] , Cargo:2/4, Speed:2
 (Id 2 Source: 2, Going: 3, Size:2)
Truck 3, [48,52] , Cargo:1/4, Speed:2
 (Id 9 Source: 2, Going: 3, Size:1)
Truck 4, [38,14] , Cargo:2/2, Speed:4
 (Id 10 Source: 1, Going: 3, Size:2)
Truck 5, [53,22] , Cargo:0/5, Speed:1
Truck 6, [82,34] , Cargo:2/2, Speed:4
 (Id 13 Source: 3, Going: 1, Size:2)
Truck 7, [74,37] , Cargo:1/5, Speed:1
 (Id 18 Source: 1, Going: 2, Size:1)
Truck 9, [74,52] , Cargo:2/3, Speed:3
 (Id 20 Source: 1, Going: 2, Size:2)
Truck 12, [82,34] , Cargo:2/2, Speed:4
 (Id 26 Source: 2, Going: 1, Size:2)
WareHouse 1, [82, 34], Docks:1, [Shipment16(3,false), Shipment18(1,true), Shipment19(3,true), Shipment20(2,true), Shipment25(3,false), Shipment3(1,true), Shipment21(1,true)]
WareHouse 2, [74, 52], Docks:1, [Shipment24(1,true), Shipment26(2,true), Shipment19(3,true), Shipment27(2,true), Shipment5(2,true)]
WareHouse 3, [38, 14], Docks:1, [Shipment6(2,false), Shipment8(1,false), Shipment13(2,true), Shipment17(1,false), Shipment22(3,false), Shipment27(2,true), Shipment23(1,true), Shipment24(1,true)]
Shipment 1, Source:3, Going:2, Size:3 In Warehouse: 3
Shipment 2, Source:2, Going:3, Size:2, In Truck: 1
Shipment 3, Source:2, Going:1, Size:1, In Truck: 1
Shipment 4, Source:3, Going:2, Size:3 In Warehouse: 3
Shipment 5, Source:3, Going:2, Size:2 In Warehouse: 2
Shipment 6, Source:3, Going:2, Size:2 In Warehouse: 3
Shipment 7, Source:1, Going:2, Size:2 In Warehouse: 1
Shipment 8, Source:3, Going:1, Size:1 In Warehouse: 3
Shipment 9, Source:2, Going:3, Size:1, In Truck: 3
Shipment 10, Source:1, Going:3, Size:2, In Truck: 4
Shipment 11, Source:2, Going:3, Size:2 In Warehouse: 2
Shipment 12, Source:1, Going:3, Size:1 In Warehouse: 1
Shipment 13, Source:3, Going:1, Size:2, In Truck: 6
Shipment 14, Source:1, Going:2, Size:3 In Warehouse: 1
Shipment 15, Source:2, Going:1, Size:3 In Warehouse: 2
Shipment 16, Source:1, Going:2, Size:3 In Warehouse: 1
Shipment 17, Source:3, Going:2, Size:1 In Warehouse: 3
Shipment 18, Source:1, Going:2, Size:1, In Truck: 7
Shipment 19, Source:1, Going:2, Size:3 In Warehouse: 2
Shipment 20, Source:1, Going:2, Size:2, In Truck: 9
Shipment 21, Source:2, Going:1, Size:1, In Truck: 9
Shipment 22, Source:3, Going:1, Size:3 In Warehouse: 3
Shipment 23, Source:2, Going:3, Size:1 In Warehouse: 3
Shipment 24, Source:2, Going:3, Size:1 In Warehouse: 3
Shipment 25, Source:1, Going:2, Size:3 In Warehouse: 1
Shipment 26, Source:2, Going:1, Size:2, In Truck: 12
Shipment 27, Source:3, Going:2, Size:2, In Truck: 12
Cycle: 47
Truck 1, [66,52] , Cargo:2/4, Speed:2
 (Id 2 Source: 2, Going: 3, Size:2)
Truck 3, [46,52] , Cargo:1/4, Speed:2
 (Id 9 Source: 2, Going: 3, Size:1)
Truck 5, [54,22] , Cargo:0/5, Speed:1
Truck 6, [82,34] , Cargo:2/2, Speed:4
 (Id 13 Source: 3, Going: 1, Size:2)
Truck 7, [74,38] , Cargo:1/5, Speed:1
 (Id 18 Source: 1, Going: 2, Size:1)
Truck 9, [74,52] , Cargo:2/3, Speed:3
 (Id 20 Source: 1, Going: 2, Size:2)
Truck 12, [82,34] , Cargo:2/2, Speed:4
 (Id 26 Source: 2, Going: 1, Size:2)
WareHouse 1, [82, 34], Docks:1, [Shipment16(3,false), Shipment18(1,true), Shipment19(3,true), Shipment20(2,true), Shipment25(3,false), Shipment3(1,true), Shipment21(1,true)]
WareHouse 2, [74, 52], Docks:1, [Shipment24(1,true), Shipment26(2,true), Shipment19(3,true), Shipment27(2,true), Shipment5(2,true)]
WareHouse 3, [38, 14], Docks:1, [Shipment6(2,false), Shipment8(1,false), Shipment13(2,true), Shipment17(1,false), Shipment22(3,false), Shipment27(2,true), Shipment23(1,true), Shipment24(1,true), Shipment10(2,true)]
Shipment 1, Source:3, Going:2, Size:3 In Warehouse: 3
Shipment 2, Source:2, Going:3, Size:2, In Truck: 1
Shipment 3, Source:2, Going:1, Size:1, In Truck: 1
Shipment 4, Source:3, Going:2, Size:3 In Warehouse: 3
Shipment 5, Source:3, Going:2, Size:2 In Warehouse: 2
Shipment 6, Source:3, Going:2, Size:2 In Warehouse: 3
Shipment 7, Source:1, Going:2, Size:2 In Warehouse: 1
Shipment 8, Source:3, Going:1, Size:1 In Warehouse: 3
Shipment 9, Source:2, Going:3, Size:1, In Truck: 3
Shipment 10, Source:1, Going:3, Size:2 In Warehouse: 3
Shipment 11, Source:2, Going:3, Size:2 In Warehouse: 2
Shipment 12, Source:1, Going:3, Size:1 In Warehouse: 1
Shipment 13, Source:3, Going:1, Size:2, In Truck: 6
Shipment 14, Source:1, Going:2, Size:3 In Warehouse: 1
Shipment 15, Source:2, Going:1, Size:3 In Warehouse: 2
Shipment 16, Source:1, Going:2, Size:3 In Warehouse: 1
Shipment 17, Source:3, Going:2, Size:1 In Warehouse: 3
Shipment 18, Source:1, Going:2, Size:1, In Truck: 7
Shipment 19, Source:1, Going:2, Size:3 In Warehouse: 2
Shipment 20, Source:1, Going:2, Size:2, In Truck: 9
Shipment 21, Source:2, Going:1, Size:1, In Truck: 9
Shipment 22, Source:3, Going:1, Size:3 In Warehouse: 3
Shipment 23, Source:2, Going:3, Size:1 In Warehouse: 3
Shipment 24, Source:2, Going:3, Size:1 In Warehouse: 3
Shipment 25, Source:1, Going:2, Size:3 In Warehouse: 1
Shipment 26, Source:2, Going:1, Size:2, In Truck: 12
Shipment 27, Source:3, Going:2, Size:2, In Truck: 12
Cycle: 48
Truck 1, [64,52] , Cargo:2/4, Speed:2
 (Id 2 Source: 2, Going: 3, Size:2)
Truck 3, [44,52] , Cargo:1/4, Speed:2
 (Id 9 Source: 2, Going: 3, Size:1)
Truck 5, [55,22] , Cargo:0/5, Speed:1
Truck 7, [74,39] , Cargo:1/5, Speed:1
 (Id 18 Source: 1, Going: 2, Size:1)
Truck 9, [74,52] , Cargo:2/3, Speed:3
 (Id 20 Source: 1, Going: 2, Size:2)
WareHouse 1, [82, 34], Docks:1, [Shipment16(3,false), Shipment18(1,true), Shipment19(3,true), Shipment20(2,true), Shipment25(3,false), Shipment3(1,true), Shipment21(1,true), Shipment13(2,true), Shipment26(2,true)]
WareHouse 2, [74, 52], Docks:1, [Shipment24(1,true), Shipment26(2,true), Shipment19(3,true), Shipment27(2,true), Shipment5(2,true)]
WareHouse 3, [38, 14], Docks:1, [Shipment6(2,false), Shipment8(1,false), Shipment13(2,true), Shipment17(1,false), Shipment22(3,false), Shipment27(2,true), Shipment23(1,true), Shipment24(1,true), Shipment10(2,true)]
Shipment 1, Source:3, Going:2, Size:3 In Warehouse: 3
Shipment 2, Source:2, Going:3, Size:2, In Truck: 1
Shipment 3, Source:2, Going:1, Size:1, In Truck: 1
Shipment 4, Source:3, Going:2, Size:3 In Warehouse: 3
Shipment 5, Source:3, Going:2, Size:2 In Warehouse: 2
Shipment 6, Source:3, Going:2, Size:2 In Warehouse: 3
Shipment 7, Source:1, Going:2, Size:2 In Warehouse: 1
Shipment 8, Source:3, Going:1, Size:1 In Warehouse: 3
Shipment 9, Source:2, Going:3, Size:1, In Truck: 3
Shipment 10, Source:1, Going:3, Size:2 In Warehouse: 3
Shipment 11, Source:2, Going:3, Size:2 In Warehouse: 2
Shipment 12, Source:1, Going:3, Size:1 In Warehouse: 1
Shipment 13, Source:3, Going:1, Size:2 In Warehouse: 1
Shipment 14, Source:1, Going:2, Size:3 In Warehouse: 1
Shipment 15, Source:2, Going:1, Size:3 In Warehouse: 2
Shipment 16, Source:1, Going:2, Size:3 In Warehouse: 1
Shipment 17, Source:3, Going:2, Size:1 In Warehouse: 3
Shipment 18, Source:1, Going:2, Size:1, In Truck: 7
Shipment 19, Source:1, Going:2, Size:3 In Warehouse: 2
Shipment 20, Source:1, Going:2, Size:2, In Truck: 9
Shipment 21, Source:2, Going:1, Size:1, In Truck: 9
Shipment 22, Source:3, Going:1, Size:3 In Warehouse: 3
Shipment 23, Source:2, Going:3, Size:1 In Warehouse: 3
Shipment 24, Source:2, Going:3, Size:1 In Warehouse: 3
Shipment 25, Source:1, Going:2, Size:3 In Warehouse: 1
Shipment 26, Source:2, Going:1, Size:2 In Warehouse: 1
Shipment 27, Source:3, Going:2, Size:2 In Warehouse: 2
Cycle: 49
Truck 1, [62,52] , Cargo:2/4, Speed:2
 (Id 2 Source: 2, Going: 3, Size:2)
Truck 3, [42,52] , Cargo:1/4, Speed:2
 (Id 9 Source: 2, Going: 3, Size:1)
Truck 5, [56,22] , Cargo:0/5, Speed:1
Truck 7, [74,40] , Cargo:1/5, Speed:1
 (Id 18 Source: 1, Going: 2, Size:1)
Truck 9, [74,52] , Cargo:0/3, Speed:3
WareHouse 1, [82, 34], Docks:1, [Shipment16(3,false), Shipment18(1,true), Shipment19(3,true), Shipment20(2,true), Shipment25(3,false), Shipment3(1,true), Shipment21(1,true), Shipment13(2,true), Shipment26(2,true)]
WareHouse 2, [74, 52], Docks:1, [Shipment24(1,true), Shipment26(2,true), Shipment19(3,true), Shipment27(2,true), Shipment5(2,true), Shipment20(2,true)]
WareHouse 3, [38, 14], Docks:1, [Shipment6(2,false), Shipment8(1,false), Shipment13(2,true), Shipment17(1,false), Shipment22(3,false), Shipment27(2,true), Shipment23(1,true), Shipment24(1,true), Shipment10(2,true)]
Shipment 1, Source:3, Going:2, Size:3 In Warehouse: 3
Shipment 2, Source:2, Going:3, Size:2, In Truck: 1
Shipment 3, Source:2, Going:1, Size:1, In Truck: 1
Shipment 4, Source:3, Going:2, Size:3 In Warehouse: 3
Shipment 5, Source:3, Going:2, Size:2 In Warehouse: 2
Shipment 6, Source:3, Going:2, Size:2 In Warehouse: 3
Shipment 7, Source:1, Going:2, Size:2 In Warehouse: 1
Shipment 8, Source:3, Going:1, Size:1 In Warehouse: 3
Shipment 9, Source:2, Going:3, Size:1, In Truck: 3
Shipment 10, Source:1, Going:3, Size:2 In Warehouse: 3
Shipment 11, Source:2, Going:3, Size:2 In Warehouse: 2
Shipment 12, Source:1, Going:3, Size:1 In Warehouse: 1
Shipment 13, Source:3, Going:1, Size:2 In Warehouse: 1
Shipment 14, Source:1, Going:2, Size:3 In Warehouse: 1
Shipment 15, Source:2, Going:1, Size:3 In Warehouse: 2
Shipment 16, Source:1, Going:2, Size:3 In Warehouse: 1
Shipment 17, Source:3, Going:2, Size:1 In Warehouse: 3
Shipment 18, Source:1, Going:2, Size:1, In Truck: 7
Shipment 19, Source:1, Going:2, Size:3 In Warehouse: 2
Shipment 20, Source:1, Going:2, Size:2, In Truck: 9
Shipment 21, Source:2, Going:1, Size:1, In Truck: 9
Shipment 22, Source:3, Going:1, Size:3 In Warehouse: 3
Shipment 23, Source:2, Going:3, Size:1 In Warehouse: 3
Shipment 24, Source:2, Going:3, Size:1 In Warehouse: 3
Shipment 25, Source:1, Going:2, Size:3 In Warehouse: 1
Shipment 26, Source:2, Going:1, Size:2 In Warehouse: 1
Shipment 27, Source:3, Going:2, Size:2 In Warehouse: 2
Cycle: 50
Truck 1, [60,52] , Cargo:2/4, Speed:2
 (Id 2 Source: 2, Going: 3, Size:2)
Truck 3, [40,52] , Cargo:1/4, Speed:2
 (Id 9 Source: 2, Going: 3, Size:1)
Truck 5, [57,22] , Cargo:0/5, Speed:1
Truck 7, [74,41] , Cargo:1/5, Speed:1
 (Id 18 Source: 1, Going: 2, Size:1)
Truck 9, [71,52] , Cargo:0/3, Speed:3
WareHouse 1, [82, 34], Docks:1, [Shipment16(3,false), Shipment18(1,true), Shipment19(3,true), Shipment20(2,true), Shipment25(3,false), Shipment3(1,true), Shipment21(1,true), Shipment13(2,true), Shipment26(2,true)]
WareHouse 2, [74, 52], Docks:1, [Shipment24(1,true), Shipment26(2,true), Shipment19(3,true), Shipment27(2,true), Shipment5(2,true), Shipment20(2,true)]
WareHouse 3, [38, 14], Docks:1, [Shipment6(2,false), Shipment8(1,false), Shipment13(2,true), Shipment17(1,false), Shipment22(3,false), Shipment27(2,true), Shipment23(1,true), Shipment24(1,true), Shipment10(2,true)]
Shipment 1, Source:3, Going:2, Size:3 In Warehouse: 3
Shipment 2, Source:2, Going:3, Size:2, In Truck: 1
Shipment 3, Source:2, Going:1, Size:1, In Truck: 1
Shipment 4, Source:3, Going:2, Size:3 In Warehouse: 3
Shipment 5, Source:3, Going:2, Size:2 In Warehouse: 2
Shipment 6, Source:3, Going:2, Size:2 In Warehouse: 3
Shipment 7, Source:1, Going:2, Size:2 In Warehouse: 1
Shipment 8, Source:3, Going:1, Size:1 In Warehouse: 3
Shipment 9, Source:2, Going:3, Size:1, In Truck: 3
Shipment 10, Source:1, Going:3, Size:2 In Warehouse: 3
Shipment 11, Source:2, Going:3, Size:2 In Warehouse: 2
Shipment 12, Source:1, Going:3, Size:1 In Warehouse: 1
Shipment 13, Source:3, Going:1, Size:2 In Warehouse: 1
Shipment 14, Source:1, Going:2, Size:3 In Warehouse: 1
Shipment 15, Source:2, Going:1, Size:3 In Warehouse: 2
Shipment 16, Source:1, Going:2, Size:3 In Warehouse: 1
Shipment 17, Source:3, Going:2, Size:1 In Warehouse: 3
Shipment 18, Source:1, Going:2, Size:1, In Truck: 7
Shipment 19, Source:1, Going:2, Size:3 In Warehouse: 2
Shipment 20, Source:1, Going:2, Size:2, In Truck: 9
Shipment 21, Source:2, Going:1, Size:1, In Truck: 9
Shipment 22, Source:3, Going:1, Size:3 In Warehouse: 3
Shipment 23, Source:2, Going:3, Size:1 In Warehouse: 3
Shipment 24, Source:2, Going:3, Size:1 In Warehouse: 3
Shipment 25, Source:1, Going:2, Size:3 In Warehouse: 1
Shipment 26, Source:2, Going:1, Size:2 In Warehouse: 1
Shipment 27, Source:3, Going:2, Size:2 In Warehouse: 2
Cycle: 51
Truck 1, [58,52] , Cargo:2/4, Speed:2
 (Id 2 Source: 2, Going: 3, Size:2)
Truck 3, [38,52] , Cargo:1/4, Speed:2
 (Id 9 Source: 2, Going: 3, Size:1)
Truck 5, [58,22] , Cargo:0/5, Speed:1
Truck 7, [74,42] , Cargo:1/5, Speed:1
 (Id 18 Source: 1, Going: 2, Size:1)
Truck 9, [68,52] , Cargo:0/3, Speed:3
WareHouse 1, [82, 34], Docks:1, [Shipment16(3,false), Shipment18(1,true), Shipment19(3,true), Shipment20(2,true), Shipment25(3,false), Shipment3(1,true), Shipment21(1,true), Shipment13(2,true), Shipment26(2,true)]
WareHouse 2, [74, 52], Docks:1, [Shipment24(1,true), Shipment26(2,true), Shipment19(3,true), Shipment27(2,true), Shipment5(2,true), Shipment20(2,true)]
WareHouse 3, [38, 14], Docks:1, [Shipment6(2,false), Shipment8(1,false), Shipment13(2,true), Shipment17(1,false), Shipment22(3,false), Shipment27(2,true), Shipment23(1,true), Shipment24(1,true), Shipment10(2,true)]
Shipment 1, Source:3, Going:2, Size:3 In Warehouse: 3
Shipment 2, Source:2, Going:3, Size:2, In Truck: 1
Shipment 3, Source:2, Going:1, Size:1, In Truck: 1
Shipment 4, Source:3, Going:2, Size:3 In Warehouse: 3
Shipment 5, Source:3, Going:2, Size:2 In Warehouse: 2
Shipment 6, Source:3, Going:2, Size:2 In Warehouse: 3
Shipment 7, Source:1, Going:2, Size:2 In Warehouse: 1
Shipment 8, Source:3, Going:1, Size:1 In Warehouse: 3
Shipment 9, Source:2, Going:3, Size:1, In Truck: 3
Shipment 10, Source:1, Going:3, Size:2 In Warehouse: 3
Shipment 11, Source:2, Going:3, Size:2 In Warehouse: 2
Shipment 12, Source:1, Going:3, Size:1 In Warehouse: 1
Shipment 13, Source:3, Going:1, Size:2 In Warehouse: 1
Shipment 14, Source:1, Going:2, Size:3 In Warehouse: 1
Shipment 15, Source:2, Going:1, Size:3 In Warehouse: 2
Shipment 16, Source:1, Going:2, Size:3 In Warehouse: 1
Shipment 17, Source:3, Going:2, Size:1 In Warehouse: 3
Shipment 18, Source:1, Going:2, Size:1, In Truck: 7
Shipment 19, Source:1, Going:2, Size:3 In Warehouse: 2
Shipment 20, Source:1, Going:2, Size:2, In Truck: 9
Shipment 21, Source:2, Going:1, Size:1, In Truck: 9
Shipment 22, Source:3, Going:1, Size:3 In Warehouse: 3
Shipment 23, Source:2, Going:3, Size:1 In Warehouse: 3
Shipment 24, Source:2, Going:3, Size:1 In Warehouse: 3
Shipment 25, Source:1, Going:2, Size:3 In Warehouse: 1
Shipment 26, Source:2, Going:1, Size:2 In Warehouse: 1
Shipment 27, Source:3, Going:2, Size:2 In Warehouse: 2
Cycle: 52
Truck 1, [56,52] , Cargo:2/4, Speed:2
 (Id 2 Source: 2, Going: 3, Size:2)
Truck 3, [38,50] , Cargo:1/4, Speed:2
 (Id 9 Source: 2, Going: 3, Size:1)
Truck 5, [59,22] , Cargo:0/5, Speed:1
Truck 7, [74,43] , Cargo:1/5, Speed:1
 (Id 18 Source: 1, Going: 2, Size:1)
Truck 9, [65,52] , Cargo:0/3, Speed:3
WareHouse 1, [82, 34], Docks:1, [Shipment16(3,false), Shipment18(1,true), Shipment19(3,true), Shipment20(2,true), Shipment25(3,false), Shipment3(1,true), Shipment21(1,true), Shipment13(2,true), Shipment26(2,true)]
WareHouse 2, [74, 52], Docks:1, [Shipment24(1,true), Shipment26(2,true), Shipment19(3,true), Shipment27(2,true), Shipment5(2,true), Shipment20(2,true)]
WareHouse 3, [38, 14], Docks:1, [Shipment6(2,false), Shipment8(1,false), Shipment13(2,true), Shipment17(1,false), Shipment22(3,false), Shipment27(2,true), Shipment23(1,true), Shipment24(1,true), Shipment10(2,true)]
Shipment 1, Source:3, Going:2, Size:3 In Warehouse: 3
Shipment 2, Source:2, Going:3, Size:2, In Truck: 1
Shipment 3, Source:2, Going:1, Size:1, In Truck: 1
Shipment 4, Source:3, Going:2, Size:3 In Warehouse: 3
Shipment 5, Source:3, Going:2, Size:2 In Warehouse: 2
Shipment 6, Source:3, Going:2, Size:2 In Warehouse: 3
Shipment 7, Source:1, Going:2, Size:2 In Warehouse: 1
Shipment 8, Source:3, Going:1, Size:1 In Warehouse: 3
Shipment 9, Source:2, Going:3, Size:1, In Truck: 3
Shipment 10, Source:1, Going:3, Size:2 In Warehouse: 3
Shipment 11, Source:2, Going:3, Size:2 In Warehouse: 2
Shipment 12, Source:1, Going:3, Size:1 In Warehouse: 1
Shipment 13, Source:3, Going:1, Size:2 In Warehouse: 1
Shipment 14, Source:1, Going:2, Size:3 In Warehouse: 1
Shipment 15, Source:2, Going:1, Size:3 In Warehouse: 2
Shipment 16, Source:1, Going:2, Size:3 In Warehouse: 1
Shipment 17, Source:3, Going:2, Size:1 In Warehouse: 3
Shipment 18, Source:1, Going:2, Size:1, In Truck: 7
Shipment 19, Source:1, Going:2, Size:3 In Warehouse: 2
Shipment 20, Source:1, Going:2, Size:2, In Truck: 9
Shipment 21, Source:2, Going:1, Size:1, In Truck: 9
Shipment 22, Source:3, Going:1, Size:3 In Warehouse: 3
Shipment 23, Source:2, Going:3, Size:1 In Warehouse: 3
Shipment 24, Source:2, Going:3, Size:1 In Warehouse: 3
Shipment 25, Source:1, Going:2, Size:3 In Warehouse: 1
Shipment 26, Source:2, Going:1, Size:2 In Warehouse: 1
Shipment 27, Source:3, Going:2, Size:2 In Warehouse: 2
Cycle: 53
Truck 1, [54,52] , Cargo:2/4, Speed:2
 (Id 2 Source: 2, Going: 3, Size:2)
Truck 3, [38,48] , Cargo:1/4, Speed:2
 (Id 9 Source: 2, Going: 3, Size:1)
Truck 5, [60,22] , Cargo:0/5, Speed:1
Truck 7, [74,44] , Cargo:1/5, Speed:1
 (Id 18 Source: 1, Going: 2, Size:1)
Truck 9, [62,52] , Cargo:0/3, Speed:3
WareHouse 1, [82, 34], Docks:1, [Shipment16(3,false), Shipment18(1,true), Shipment19(3,true), Shipment20(2,true), Shipment25(3,false), Shipment3(1,true), Shipment21(1,true), Shipment13(2,true), Shipment26(2,true)]
WareHouse 2, [74, 52], Docks:1, [Shipment24(1,true), Shipment26(2,true), Shipment19(3,true), Shipment27(2,true), Shipment5(2,true), Shipment20(2,true)]
WareHouse 3, [38, 14], Docks:1, [Shipment6(2,false), Shipment8(1,false), Shipment13(2,true), Shipment17(1,false), Shipment22(3,false), Shipment27(2,true), Shipment23(1,true), Shipment24(1,true), Shipment10(2,true)]
Shipment 1, Source:3, Going:2, Size:3 In Warehouse: 3
Shipment 2, Source:2, Going:3, Size:2, In Truck: 1
Shipment 3, Source:2, Going:1, Size:1, In Truck: 1
Shipment 4, Source:3, Going:2, Size:3 In Warehouse: 3
Shipment 5, Source:3, Going:2, Size:2 In Warehouse: 2
Shipment 6, Source:3, Going:2, Size:2 In Warehouse: 3
Shipment 7, Source:1, Going:2, Size:2 In Warehouse: 1
Shipment 8, Source:3, Going:1, Size:1 In Warehouse: 3
Shipment 9, Source:2, Going:3, Size:1, In Truck: 3
Shipment 10, Source:1, Going:3, Size:2 In Warehouse: 3
Shipment 11, Source:2, Going:3, Size:2 In Warehouse: 2
Shipment 12, Source:1, Going:3, Size:1 In Warehouse: 1
Shipment 13, Source:3, Going:1, Size:2 In Warehouse: 1
Shipment 14, Source:1, Going:2, Size:3 In Warehouse: 1
Shipment 15, Source:2, Going:1, Size:3 In Warehouse: 2
Shipment 16, Source:1, Going:2, Size:3 In Warehouse: 1
Shipment 17, Source:3, Going:2, Size:1 In Warehouse: 3
Shipment 18, Source:1, Going:2, Size:1, In Truck: 7
Shipment 19, Source:1, Going:2, Size:3 In Warehouse: 2
Shipment 20, Source:1, Going:2, Size:2, In Truck: 9
Shipment 21, Source:2, Going:1, Size:1, In Truck: 9
Shipment 22, Source:3, Going:1, Size:3 In Warehouse: 3
Shipment 23, Source:2, Going:3, Size:1 In Warehouse: 3
Shipment 24, Source:2, Going:3, Size:1 In Warehouse: 3
Shipment 25, Source:1, Going:2, Size:3 In Warehouse: 1
Shipment 26, Source:2, Going:1, Size:2 In Warehouse: 1
Shipment 27, Source:3, Going:2, Size:2 In Warehouse: 2
Cycle: 54
Truck 1, [52,52] , Cargo:2/4, Speed:2
 (Id 2 Source: 2, Going: 3, Size:2)
Truck 3, [38,46] , Cargo:1/4, Speed:2
 (Id 9 Source: 2, Going: 3, Size:1)
Truck 5, [61,22] , Cargo:0/5, Speed:1
Truck 7, [74,45] , Cargo:1/5, Speed:1
 (Id 18 Source: 1, Going: 2, Size:1)
Truck 9, [59,52] , Cargo:0/3, Speed:3
WareHouse 1, [82, 34], Docks:1, [Shipment16(3,false), Shipment18(1,true), Shipment19(3,true), Shipment20(2,true), Shipment25(3,false), Shipment3(1,true), Shipment21(1,true), Shipment13(2,true), Shipment26(2,true)]
WareHouse 2, [74, 52], Docks:1, [Shipment24(1,true), Shipment26(2,true), Shipment19(3,true), Shipment27(2,true), Shipment5(2,true), Shipment20(2,true)]
WareHouse 3, [38, 14], Docks:1, [Shipment6(2,false), Shipment8(1,false), Shipment13(2,true), Shipment17(1,false), Shipment22(3,false), Shipment27(2,true), Shipment23(1,true), Shipment24(1,true), Shipment10(2,true)]
Shipment 1, Source:3, Going:2, Size:3 In Warehouse: 3
Shipment 2, Source:2, Going:3, Size:2, In Truck: 1
Shipment 3, Source:2, Going:1, Size:1, In Truck: 1
Shipment 4, Source:3, Going:2, Size:3 In Warehouse: 3
Shipment 5, Source:3, Going:2, Size:2 In Warehouse: 2
Shipment 6, Source:3, Going:2, Size:2 In Warehouse: 3
Shipment 7, Source:1, Going:2, Size:2 In Warehouse: 1
Shipment 8, Source:3, Going:1, Size:1 In Warehouse: 3
Shipment 9, Source:2, Going:3, Size:1, In Truck: 3
Shipment 10, Source:1, Going:3, Size:2 In Warehouse: 3
Shipment 11, Source:2, Going:3, Size:2 In Warehouse: 2
Shipment 12, Source:1, Going:3, Size:1 In Warehouse: 1
Shipment 13, Source:3, Going:1, Size:2 In Warehouse: 1
Shipment 14, Source:1, Going:2, Size:3 In Warehouse: 1
Shipment 15, Source:2, Going:1, Size:3 In Warehouse: 2
Shipment 16, Source:1, Going:2, Size:3 In Warehouse: 1
Shipment 17, Source:3, Going:2, Size:1 In Warehouse: 3
Shipment 18, Source:1, Going:2, Size:1, In Truck: 7
Shipment 19, Source:1, Going:2, Size:3 In Warehouse: 2
Shipment 20, Source:1, Going:2, Size:2, In Truck: 9
Shipment 21, Source:2, Going:1, Size:1, In Truck: 9
Shipment 22, Source:3, Going:1, Size:3 In Warehouse: 3
Shipment 23, Source:2, Going:3, Size:1 In Warehouse: 3
Shipment 24, Source:2, Going:3, Size:1 In Warehouse: 3
Shipment 25, Source:1, Going:2, Size:3 In Warehouse: 1
Shipment 26, Source:2, Going:1, Size:2 In Warehouse: 1
Shipment 27, Source:3, Going:2, Size:2 In Warehouse: 2
Cycle: 55
Truck 1, [50,52] , Cargo:2/4, Speed:2
 (Id 2 Source: 2, Going: 3, Size:2)
Truck 3, [38,44] , Cargo:1/4, Speed:2
 (Id 9 Source: 2, Going: 3, Size:1)
Truck 5, [62,22] , Cargo:0/5, Speed:1
Truck 7, [74,46] , Cargo:1/5, Speed:1
 (Id 18 Source: 1, Going: 2, Size:1)
Truck 9, [56,52] , Cargo:0/3, Speed:3
WareHouse 1, [82, 34], Docks:1, [Shipment16(3,false), Shipment18(1,true), Shipment19(3,true), Shipment20(2,true), Shipment25(3,false), Shipment3(1,true), Shipment21(1,true), Shipment13(2,true), Shipment26(2,true)]
WareHouse 2, [74, 52], Docks:1, [Shipment24(1,true), Shipment26(2,true), Shipment19(3,true), Shipment27(2,true), Shipment5(2,true), Shipment20(2,true)]
WareHouse 3, [38, 14], Docks:1, [Shipment6(2,false), Shipment8(1,false), Shipment13(2,true), Shipment17(1,false), Shipment22(3,false), Shipment27(2,true), Shipment23(1,true), Shipment24(1,true), Shipment10(2,true)]
Shipment 1, Source:3, Going:2, Size:3 In Warehouse: 3
Shipment 2, Source:2, Going:3, Size:2, In Truck: 1
Shipment 3, Source:2, Going:1, Size:1, In Truck: 1
Shipment 4, Source:3, Going:2, Size:3 In Warehouse: 3
Shipment 5, Source:3, Going:2, Size:2 In Warehouse: 2
Shipment 6, Source:3, Going:2, Size:2 In Warehouse: 3
Shipment 7, Source:1, Going:2, Size:2 In Warehouse: 1
Shipment 8, Source:3, Going:1, Size:1 In Warehouse: 3
Shipment 9, Source:2, Going:3, Size:1, In Truck: 3
Shipment 10, Source:1, Going:3, Size:2 In Warehouse: 3
Shipment 11, Source:2, Going:3, Size:2 In Warehouse: 2
Shipment 12, Source:1, Going:3, Size:1 In Warehouse: 1
Shipment 13, Source:3, Going:1, Size:2 In Warehouse: 1
Shipment 14, Source:1, Going:2, Size:3 In Warehouse: 1
Shipment 15, Source:2, Going:1, Size:3 In Warehouse: 2
Shipment 16, Source:1, Going:2, Size:3 In Warehouse: 1
Shipment 17, Source:3, Going:2, Size:1 In Warehouse: 3
Shipment 18, Source:1, Going:2, Size:1, In Truck: 7
Shipment 19, Source:1, Going:2, Size:3 In Warehouse: 2
Shipment 20, Source:1, Going:2, Size:2, In Truck: 9
Shipment 21, Source:2, Going:1, Size:1, In Truck: 9
Shipment 22, Source:3, Going:1, Size:3 In Warehouse: 3
Shipment 23, Source:2, Going:3, Size:1 In Warehouse: 3
Shipment 24, Source:2, Going:3, Size:1 In Warehouse: 3
Shipment 25, Source:1, Going:2, Size:3 In Warehouse: 1
Shipment 26, Source:2, Going:1, Size:2 In Warehouse: 1
Shipment 27, Source:3, Going:2, Size:2 In Warehouse: 2
Cycle: 56
Truck 1, [48,52] , Cargo:2/4, Speed:2
 (Id 2 Source: 2, Going: 3, Size:2)
Truck 3, [38,42] , Cargo:1/4, Speed:2
 (Id 9 Source: 2, Going: 3, Size:1)
Truck 5, [63,22] , Cargo:0/5, Speed:1
Truck 7, [74,47] , Cargo:1/5, Speed:1
 (Id 18 Source: 1, Going: 2, Size:1)
Truck 9, [53,52] , Cargo:0/3, Speed:3
WareHouse 1, [82, 34], Docks:1, [Shipment16(3,false), Shipment18(1,true), Shipment19(3,true), Shipment20(2,true), Shipment25(3,false), Shipment3(1,true), Shipment21(1,true), Shipment13(2,true), Shipment26(2,true)]
WareHouse 2, [74, 52], Docks:1, [Shipment24(1,true), Shipment26(2,true), Shipment19(3,true), Shipment27(2,true), Shipment5(2,true), Shipment20(2,true)]
WareHouse 3, [38, 14], Docks:1, [Shipment6(2,false), Shipment8(1,false), Shipment13(2,true), Shipment17(1,false), Shipment22(3,false), Shipment27(2,true), Shipment23(1,true), Shipment24(1,true), Shipment10(2,true)]
Shipment 1, Source:3, Going:2, Size:3 In Warehouse: 3
Shipment 2, Source:2, Going:3, Size:2, In Truck: 1
Shipment 3, Source:2, Going:1, Size:1, In Truck: 1
Shipment 4, Source:3, Going:2, Size:3 In Warehouse: 3
Shipment 5, Source:3, Going:2, Size:2 In Warehouse: 2
Shipment 6, Source:3, Going:2, Size:2 In Warehouse: 3
Shipment 7, Source:1, Going:2, Size:2 In Warehouse: 1
Shipment 8, Source:3, Going:1, Size:1 In Warehouse: 3
Shipment 9, Source:2, Going:3, Size:1, In Truck: 3
Shipment 10, Source:1, Going:3, Size:2 In Warehouse: 3
Shipment 11, Source:2, Going:3, Size:2 In Warehouse: 2
Shipment 12, Source:1, Going:3, Size:1 In Warehouse: 1
Shipment 13, Source:3, Going:1, Size:2 In Warehouse: 1
Shipment 14, Source:1, Going:2, Size:3 In Warehouse: 1
Shipment 15, Source:2, Going:1, Size:3 In Warehouse: 2
Shipment 16, Source:1, Going:2, Size:3 In Warehouse: 1
Shipment 17, Source:3, Going:2, Size:1 In Warehouse: 3
Shipment 18, Source:1, Going:2, Size:1, In Truck: 7
Shipment 19, Source:1, Going:2, Size:3 In Warehouse: 2
Shipment 20, Source:1, Going:2, Size:2, In Truck: 9
Shipment 21, Source:2, Going:1, Size:1, In Truck: 9
Shipment 22, Source:3, Going:1, Size:3 In Warehouse: 3
Shipment 23, Source:2, Going:3, Size:1 In Warehouse: 3
Shipment 24, Source:2, Going:3, Size:1 In Warehouse: 3
Shipment 25, Source:1, Going:2, Size:3 In Warehouse: 1
Shipment 26, Source:2, Going:1, Size:2 In Warehouse: 1
Shipment 27, Source:3, Going:2, Size:2 In Warehouse: 2
Cycle: 57
Truck 1, [46,52] , Cargo:2/4, Speed:2
 (Id 2 Source: 2, Going: 3, Size:2)
Truck 3, [38,40] , Cargo:1/4, Speed:2
 (Id 9 Source: 2, Going: 3, Size:1)
Truck 5, [64,22] , Cargo:0/5, Speed:1
Truck 7, [74,48] , Cargo:1/5, Speed:1
 (Id 18 Source: 1, Going: 2, Size:1)
Truck 9, [50,52] , Cargo:0/3, Speed:3
WareHouse 1, [82, 34], Docks:1, [Shipment16(3,false), Shipment18(1,true), Shipment19(3,true), Shipment20(2,true), Shipment25(3,false), Shipment3(1,true), Shipment21(1,true), Shipment13(2,true), Shipment26(2,true)]
WareHouse 2, [74, 52], Docks:1, [Shipment24(1,true), Shipment26(2,true), Shipment19(3,true), Shipment27(2,true), Shipment5(2,true), Shipment20(2,true)]
WareHouse 3, [38, 14], Docks:1, [Shipment6(2,false), Shipment8(1,false), Shipment13(2,true), Shipment17(1,false), Shipment22(3,false), Shipment27(2,true), Shipment23(1,true), Shipment24(1,true), Shipment10(2,true)]
Shipment 1, Source:3, Going:2, Size:3 In Warehouse: 3
Shipment 2, Source:2, Going:3, Size:2, In Truck: 1
Shipment 3, Source:2, Going:1, Size:1, In Truck: 1
Shipment 4, Source:3, Going:2, Size:3 In Warehouse: 3
Shipment 5, Source:3, Going:2, Size:2 In Warehouse: 2
Shipment 6, Source:3, Going:2, Size:2 In Warehouse: 3
Shipment 7, Source:1, Going:2, Size:2 In Warehouse: 1
Shipment 8, Source:3, Going:1, Size:1 In Warehouse: 3
Shipment 9, Source:2, Going:3, Size:1, In Truck: 3
Shipment 10, Source:1, Going:3, Size:2 In Warehouse: 3
Shipment 11, Source:2, Going:3, Size:2 In Warehouse: 2
Shipment 12, Source:1, Going:3, Size:1 In Warehouse: 1
Shipment 13, Source:3, Going:1, Size:2 In Warehouse: 1
Shipment 14, Source:1, Going:2, Size:3 In Warehouse: 1
Shipment 15, Source:2, Going:1, Size:3 In Warehouse: 2
Shipment 16, Source:1, Going:2, Size:3 In Warehouse: 1
Shipment 17, Source:3, Going:2, Size:1 In Warehouse: 3
Shipment 18, Source:1, Going:2, Size:1, In Truck: 7
Shipment 19, Source:1, Going:2, Size:3 In Warehouse: 2
Shipment 20, Source:1, Going:2, Size:2, In Truck: 9
Shipment 21, Source:2, Going:1, Size:1, In Truck: 9
Shipment 22, Source:3, Going:1, Size:3 In Warehouse: 3
Shipment 23, Source:2, Going:3, Size:1 In Warehouse: 3
Shipment 24, Source:2, Going:3, Size:1 In Warehouse: 3
Shipment 25, Source:1, Going:2, Size:3 In Warehouse: 1
Shipment 26, Source:2, Going:1, Size:2 In Warehouse: 1
Shipment 27, Source:3, Going:2, Size:2 In Warehouse: 2
Cycle: 58
Truck 1, [44,52] , Cargo:2/4, Speed:2
 (Id 2 Source: 2, Going: 3, Size:2)
Truck 3, [38,38] , Cargo:1/4, Speed:2
 (Id 9 Source: 2, Going: 3, Size:1)
Truck 5, [65,22] , Cargo:0/5, Speed:1
Truck 7, [74,49] , Cargo:1/5, Speed:1
 (Id 18 Source: 1, Going: 2, Size:1)
Truck 9, [47,52] , Cargo:0/3, Speed:3
WareHouse 1, [82, 34], Docks:1, [Shipment16(3,false), Shipment18(1,true), Shipment19(3,true), Shipment20(2,true), Shipment25(3,false), Shipment3(1,true), Shipment21(1,true), Shipment13(2,true), Shipment26(2,true)]
WareHouse 2, [74, 52], Docks:1, [Shipment24(1,true), Shipment26(2,true), Shipment19(3,true), Shipment27(2,true), Shipment5(2,true), Shipment20(2,true)]
WareHouse 3, [38, 14], Docks:1, [Shipment6(2,false), Shipment8(1,false), Shipment13(2,true), Shipment17(1,false), Shipment22(3,false), Shipment27(2,true), Shipment23(1,true), Shipment24(1,true), Shipment10(2,true)]
Shipment 1, Source:3, Going:2, Size:3 In Warehouse: 3
Shipment 2, Source:2, Going:3, Size:2, In Truck: 1
Shipment 3, Source:2, Going:1, Size:1, In Truck: 1
Shipment 4, Source:3, Going:2, Size:3 In Warehouse: 3
Shipment 5, Source:3, Going:2, Size:2 In Warehouse: 2
Shipment 6, Source:3, Going:2, Size:2 In Warehouse: 3
Shipment 7, Source:1, Going:2, Size:2 In Warehouse: 1
Shipment 8, Source:3, Going:1, Size:1 In Warehouse: 3
Shipment 9, Source:2, Going:3, Size:1, In Truck: 3
Shipment 10, Source:1, Going:3, Size:2 In Warehouse: 3
Shipment 11, Source:2, Going:3, Size:2 In Warehouse: 2
Shipment 12, Source:1, Going:3, Size:1 In Warehouse: 1
Shipment 13, Source:3, Going:1, Size:2 In Warehouse: 1
Shipment 14, Source:1, Going:2, Size:3 In Warehouse: 1
Shipment 15, Source:2, Going:1, Size:3 In Warehouse: 2
Shipment 16, Source:1, Going:2, Size:3 In Warehouse: 1
Shipment 17, Source:3, Going:2, Size:1 In Warehouse: 3
Shipment 18, Source:1, Going:2, Size:1, In Truck: 7
Shipment 19, Source:1, Going:2, Size:3 In Warehouse: 2
Shipment 20, Source:1, Going:2, Size:2, In Truck: 9
Shipment 21, Source:2, Going:1, Size:1, In Truck: 9
Shipment 22, Source:3, Going:1, Size:3 In Warehouse: 3
Shipment 23, Source:2, Going:3, Size:1 In Warehouse: 3
Shipment 24, Source:2, Going:3, Size:1 In Warehouse: 3
Shipment 25, Source:1, Going:2, Size:3 In Warehouse: 1
Shipment 26, Source:2, Going:1, Size:2 In Warehouse: 1
Shipment 27, Source:3, Going:2, Size:2 In Warehouse: 2
Cycle: 59
Truck 1, [42,52] , Cargo:2/4, Speed:2
 (Id 2 Source: 2, Going: 3, Size:2)
Truck 3, [38,36] , Cargo:1/4, Speed:2
 (Id 9 Source: 2, Going: 3, Size:1)
Truck 5, [66,22] , Cargo:0/5, Speed:1
Truck 7, [74,50] , Cargo:1/5, Speed:1
 (Id 18 Source: 1, Going: 2, Size:1)
Truck 9, [44,52] , Cargo:0/3, Speed:3
WareHouse 1, [82, 34], Docks:1, [Shipment16(3,false), Shipment18(1,true), Shipment19(3,true), Shipment20(2,true), Shipment25(3,false), Shipment3(1,true), Shipment21(1,true), Shipment13(2,true), Shipment26(2,true)]
WareHouse 2, [74, 52], Docks:1, [Shipment24(1,true), Shipment26(2,true), Shipment19(3,true), Shipment27(2,true), Shipment5(2,true), Shipment20(2,true)]
WareHouse 3, [38, 14], Docks:1, [Shipment6(2,false), Shipment8(1,false), Shipment13(2,true), Shipment17(1,false), Shipment22(3,false), Shipment27(2,true), Shipment23(1,true), Shipment24(1,true), Shipment10(2,true)]
Shipment 1, Source:3, Going:2, Size:3 In Warehouse: 3
Shipment 2, Source:2, Going:3, Size:2, In Truck: 1
Shipment 3, Source:2, Going:1, Size:1, In Truck: 1
Shipment 4, Source:3, Going:2, Size:3 In Warehouse: 3
Shipment 5, Source:3, Going:2, Size:2 In Warehouse: 2
Shipment 6, Source:3, Going:2, Size:2 In Warehouse: 3
Shipment 7, Source:1, Going:2, Size:2 In Warehouse: 1
Shipment 8, Source:3, Going:1, Size:1 In Warehouse: 3
Shipment 9, Source:2, Going:3, Size:1, In Truck: 3
Shipment 10, Source:1, Going:3, Size:2 In Warehouse: 3
Shipment 11, Source:2, Going:3, Size:2 In Warehouse: 2
Shipment 12, Source:1, Going:3, Size:1 In Warehouse: 1
Shipment 13, Source:3, Going:1, Size:2 In Warehouse: 1
Shipment 14, Source:1, Going:2, Size:3 In Warehouse: 1
Shipment 15, Source:2, Going:1, Size:3 In Warehouse: 2
Shipment 16, Source:1, Going:2, Size:3 In Warehouse: 1
Shipment 17, Source:3, Going:2, Size:1 In Warehouse: 3
Shipment 18, Source:1, Going:2, Size:1, In Truck: 7
Shipment 19, Source:1, Going:2, Size:3 In Warehouse: 2
Shipment 20, Source:1, Going:2, Size:2, In Truck: 9
Shipment 21, Source:2, Going:1, Size:1, In Truck: 9
Shipment 22, Source:3, Going:1, Size:3 In Warehouse: 3
Shipment 23, Source:2, Going:3, Size:1 In Warehouse: 3
Shipment 24, Source:2, Going:3, Size:1 In Warehouse: 3
Shipment 25, Source:1, Going:2, Size:3 In Warehouse: 1
Shipment 26, Source:2, Going:1, Size:2 In Warehouse: 1
Shipment 27, Source:3, Going:2, Size:2 In Warehouse: 2
Cycle: 60
Truck 1, [40,52] , Cargo:2/4, Speed:2
 (Id 2 Source: 2, Going: 3, Size:2)
Truck 3, [38,34] , Cargo:1/4, Speed:2
 (Id 9 Source: 2, Going: 3, Size:1)
Truck 5, [67,22] , Cargo:0/5, Speed:1
Truck 7, [74,51] , Cargo:1/5, Speed:1
 (Id 18 Source: 1, Going: 2, Size:1)
Truck 9, [41,52] , Cargo:0/3, Speed:3
WareHouse 1, [82, 34], Docks:1, [Shipment16(3,false), Shipment18(1,true), Shipment19(3,true), Shipment20(2,true), Shipment25(3,false), Shipment3(1,true), Shipment21(1,true), Shipment13(2,true), Shipment26(2,true)]
WareHouse 2, [74, 52], Docks:1, [Shipment24(1,true), Shipment26(2,true), Shipment19(3,true), Shipment27(2,true), Shipment5(2,true), Shipment20(2,true)]
WareHouse 3, [38, 14], Docks:1, [Shipment6(2,false), Shipment8(1,false), Shipment13(2,true), Shipment17(1,false), Shipment22(3,false), Shipment27(2,true), Shipment23(1,true), Shipment24(1,true), Shipment10(2,true)]
Shipment 1, Source:3, Going:2, Size:3 In Warehouse: 3
Shipment 2, Source:2, Going:3, Size:2, In Truck: 1
Shipment 3, Source:2, Going:1, Size:1, In Truck: 1
Shipment 4, Source:3, Going:2, Size:3 In Warehouse: 3
Shipment 5, Source:3, Going:2, Size:2 In Warehouse: 2
Shipment 6, Source:3, Going:2, Size:2 In Warehouse: 3
Shipment 7, Source:1, Going:2, Size:2 In Warehouse: 1
Shipment 8, Source:3, Going:1, Size:1 In Warehouse: 3
Shipment 9, Source:2, Going:3, Size:1, In Truck: 3
Shipment 10, Source:1, Going:3, Size:2 In Warehouse: 3
Shipment 11, Source:2, Going:3, Size:2 In Warehouse: 2
Shipment 12, Source:1, Going:3, Size:1 In Warehouse: 1
Shipment 13, Source:3, Going:1, Size:2 In Warehouse: 1
Shipment 14, Source:1, Going:2, Size:3 In Warehouse: 1
Shipment 15, Source:2, Going:1, Size:3 In Warehouse: 2
Shipment 16, Source:1, Going:2, Size:3 In Warehouse: 1
Shipment 17, Source:3, Going:2, Size:1 In Warehouse: 3
Shipment 18, Source:1, Going:2, Size:1, In Truck: 7
Shipment 19, Source:1, Going:2, Size:3 In Warehouse: 2
Shipment 20, Source:1, Going:2, Size:2, In Truck: 9
Shipment 21, Source:2, Going:1, Size:1, In Truck: 9
Shipment 22, Source:3, Going:1, Size:3 In Warehouse: 3
Shipment 23, Source:2, Going:3, Size:1 In Warehouse: 3
Shipment 24, Source:2, Going:3, Size:1 In Warehouse: 3
Shipment 25, Source:1, Going:2, Size:3 In Warehouse: 1
Shipment 26, Source:2, Going:1, Size:2 In Warehouse: 1
Shipment 27, Source:3, Going:2, Size:2 In Warehouse: 2
Cycle: 61
Truck 1, [38,52] , Cargo:2/4, Speed:2
 (Id 2 Source: 2, Going: 3, Size:2)
Truck 3, [38,32] , Cargo:1/4, Speed:2
 (Id 9 Source: 2, Going: 3, Size:1)
Truck 5, [68,22] , Cargo:0/5, Speed:1
Truck 7, [74,52] , Cargo:1/5, Speed:1
 (Id 18 Source: 1, Going: 2, Size:1)
Truck 9, [38,52] , Cargo:0/3, Speed:3
WareHouse 1, [82, 34], Docks:1, [Shipment16(3,false), Shipment18(1,true), Shipment19(3,true), Shipment20(2,true), Shipment25(3,false), Shipment3(1,true), Shipment21(1,true), Shipment13(2,true), Shipment26(2,true)]
WareHouse 2, [74, 52], Docks:1, [Shipment24(1,true), Shipment26(2,true), Shipment19(3,true), Shipment27(2,true), Shipment5(2,true), Shipment20(2,true)]
WareHouse 3, [38, 14], Docks:1, [Shipment6(2,false), Shipment8(1,false), Shipment13(2,true), Shipment17(1,false), Shipment22(3,false), Shipment27(2,true), Shipment23(1,true), Shipment24(1,true), Shipment10(2,true)]
Shipment 1, Source:3, Going:2, Size:3 In Warehouse: 3
Shipment 2, Source:2, Going:3, Size:2, In Truck: 1
Shipment 3, Source:2, Going:1, Size:1, In Truck: 1
Shipment 4, Source:3, Going:2, Size:3 In Warehouse: 3
Shipment 5, Source:3, Going:2, Size:2 In Warehouse: 2
Shipment 6, Source:3, Going:2, Size:2 In Warehouse: 3
Shipment 7, Source:1, Going:2, Size:2 In Warehouse: 1
Shipment 8, Source:3, Going:1, Size:1 In Warehouse: 3
Shipment 9, Source:2, Going:3, Size:1, In Truck: 3
Shipment 10, Source:1, Going:3, Size:2 In Warehouse: 3
Shipment 11, Source:2, Going:3, Size:2 In Warehouse: 2
Shipment 12, Source:1, Going:3, Size:1 In Warehouse: 1
Shipment 13, Source:3, Going:1, Size:2 In Warehouse: 1
Shipment 14, Source:1, Going:2, Size:3 In Warehouse: 1
Shipment 15, Source:2, Going:1, Size:3 In Warehouse: 2
Shipment 16, Source:1, Going:2, Size:3 In Warehouse: 1
Shipment 17, Source:3, Going:2, Size:1 In Warehouse: 3
Shipment 18, Source:1, Going:2, Size:1, In Truck: 7
Shipment 19, Source:1, Going:2, Size:3 In Warehouse: 2
Shipment 20, Source:1, Going:2, Size:2, In Truck: 9
Shipment 21, Source:2, Going:1, Size:1, In Truck: 9
Shipment 22, Source:3, Going:1, Size:3 In Warehouse: 3
Shipment 23, Source:2, Going:3, Size:1 In Warehouse: 3
Shipment 24, Source:2, Going:3, Size:1 In Warehouse: 3
Shipment 25, Source:1, Going:2, Size:3 In Warehouse: 1
Shipment 26, Source:2, Going:1, Size:2 In Warehouse: 1
Shipment 27, Source:3, Going:2, Size:2 In Warehouse: 2
Cycle: 62
Truck 1, [38,50] , Cargo:2/4, Speed:2
 (Id 2 Source: 2, Going: 3, Size:2)
Truck 3, [38,30] , Cargo:1/4, Speed:2
 (Id 9 Source: 2, Going: 3, Size:1)
Truck 5, [69,22] , Cargo:0/5, Speed:1
Truck 7, [74,52] , Cargo:1/5, Speed:1
 (Id 18 Source: 1, Going: 2, Size:1)
Truck 9, [38,49] , Cargo:0/3, Speed:3
WareHouse 1, [82, 34], Docks:1, [Shipment16(3,false), Shipment18(1,true), Shipment19(3,true), Shipment20(2,true), Shipment25(3,false), Shipment3(1,true), Shipment21(1,true), Shipment13(2,true), Shipment26(2,true)]
WareHouse 2, [74, 52], Docks:1, [Shipment24(1,true), Shipment26(2,true), Shipment19(3,true), Shipment27(2,true), Shipment5(2,true), Shipment20(2,true)]
WareHouse 3, [38, 14], Docks:1, [Shipment6(2,false), Shipment8(1,false), Shipment13(2,true), Shipment17(1,false), Shipment22(3,false), Shipment27(2,true), Shipment23(1,true), Shipment24(1,true), Shipment10(2,true)]
Shipment 1, Source:3, Going:2, Size:3 In Warehouse: 3
Shipment 2, Source:2, Going:3, Size:2, In Truck: 1
Shipment 3, Source:2, Going:1, Size:1, In Truck: 1
Shipment 4, Source:3, Going:2, Size:3 In Warehouse: 3
Shipment 5, Source:3, Going:2, Size:2 In Warehouse: 2
Shipment 6, Source:3, Going:2, Size:2 In Warehouse: 3
Shipment 7, Source:1, Going:2, Size:2 In Warehouse: 1
Shipment 8, Source:3, Going:1, Size:1 In Warehouse: 3
Shipment 9, Source:2, Going:3, Size:1, In Truck: 3
Shipment 10, Source:1, Going:3, Size:2 In Warehouse: 3
Shipment 11, Source:2, Going:3, Size:2 In Warehouse: 2
Shipment 12, Source:1, Going:3, Size:1 In Warehouse: 1
Shipment 13, Source:3, Going:1, Size:2 In Warehouse: 1
Shipment 14, Source:1, Going:2, Size:3 In Warehouse: 1
Shipment 15, Source:2, Going:1, Size:3 In Warehouse: 2
Shipment 16, Source:1, Going:2, Size:3 In Warehouse: 1
Shipment 17, Source:3, Going:2, Size:1 In Warehouse: 3
Shipment 18, Source:1, Going:2, Size:1, In Truck: 7
Shipment 19, Source:1, Going:2, Size:3 In Warehouse: 2
Shipment 20, Source:1, Going:2, Size:2, In Truck: 9
Shipment 21, Source:2, Going:1, Size:1, In Truck: 9
Shipment 22, Source:3, Going:1, Size:3 In Warehouse: 3
Shipment 23, Source:2, Going:3, Size:1 In Warehouse: 3
Shipment 24, Source:2, Going:3, Size:1 In Warehouse: 3
Shipment 25, Source:1, Going:2, Size:3 In Warehouse: 1
Shipment 26, Source:2, Going:1, Size:2 In Warehouse: 1
Shipment 27, Source:3, Going:2, Size:2 In Warehouse: 2
Cycle: 63
Truck 1, [38,48] , Cargo:2/4, Speed:2
 (Id 2 Source: 2, Going: 3, Size:2)
Truck 3, [38,28] , Cargo:1/4, Speed:2
 (Id 9 Source: 2, Going: 3, Size:1)
Truck 5, [70,22] , Cargo:0/5, Speed:1
Truck 7, [74,52] , Cargo:0/5, Speed:1
Truck 9, [38,46] , Cargo:0/3, Speed:3
WareHouse 1, [82, 34], Docks:1, [Shipment16(3,false), Shipment18(1,true), Shipment19(3,true), Shipment20(2,true), Shipment25(3,false), Shipment3(1,true), Shipment21(1,true), Shipment13(2,true), Shipment26(2,true)]
WareHouse 2, [74, 52], Docks:1, [Shipment24(1,true), Shipment26(2,true), Shipment19(3,true), Shipment27(2,true), Shipment5(2,true), Shipment20(2,true), Shipment18(1,true)]
WareHouse 3, [38, 14], Docks:1, [Shipment6(2,false), Shipment8(1,false), Shipment13(2,true), Shipment17(1,false), Shipment22(3,false), Shipment27(2,true), Shipment23(1,true), Shipment24(1,true), Shipment10(2,true)]
Shipment 1, Source:3, Going:2, Size:3 In Warehouse: 3
Shipment 2, Source:2, Going:3, Size:2, In Truck: 1
Shipment 3, Source:2, Going:1, Size:1, In Truck: 1
Shipment 4, Source:3, Going:2, Size:3 In Warehouse: 3
Shipment 5, Source:3, Going:2, Size:2 In Warehouse: 2
Shipment 6, Source:3, Going:2, Size:2 In Warehouse: 3
Shipment 7, Source:1, Going:2, Size:2 In Warehouse: 1
Shipment 8, Source:3, Going:1, Size:1 In Warehouse: 3
Shipment 9, Source:2, Going:3, Size:1, In Truck: 3
Shipment 10, Source:1, Going:3, Size:2 In Warehouse: 3
Shipment 11, Source:2, Going:3, Size:2 In Warehouse: 2
Shipment 12, Source:1, Going:3, Size:1 In Warehouse: 1
Shipment 13, Source:3, Going:1, Size:2 In Warehouse: 1
Shipment 14, Source:1, Going:2, Size:3 In Warehouse: 1
Shipment 15, Source:2, Going:1, Size:3 In Warehouse: 2
Shipment 16, Source:1, Going:2, Size:3 In Warehouse: 1
Shipment 17, Source:3, Going:2, Size:1 In Warehouse: 3
Shipment 18, Source:1, Going:2, Size:1, In Truck: 7
Shipment 19, Source:1, Going:2, Size:3 In Warehouse: 2
Shipment 20, Source:1, Going:2, Size:2, In Truck: 9
Shipment 21, Source:2, Going:1, Size:1, In Truck: 9
Shipment 22, Source:3, Going:1, Size:3 In Warehouse: 3
Shipment 23, Source:2, Going:3, Size:1 In Warehouse: 3
Shipment 24, Source:2, Going:3, Size:1 In Warehouse: 3
Shipment 25, Source:1, Going:2, Size:3 In Warehouse: 1
Shipment 26, Source:2, Going:1, Size:2 In Warehouse: 1
Shipment 27, Source:3, Going:2, Size:2 In Warehouse: 2
Cycle: 64
Truck 1, [38,46] , Cargo:2/4, Speed:2
 (Id 2 Source: 2, Going: 3, Size:2)
Truck 3, [38,26] , Cargo:1/4, Speed:2
 (Id 9 Source: 2, Going: 3, Size:1)
Truck 5, [71,22] , Cargo:0/5, Speed:1
Truck 7, [73,52] , Cargo:0/5, Speed:1
Truck 9, [38,43] , Cargo:0/3, Speed:3
WareHouse 1, [82, 34], Docks:1, [Shipment16(3,false), Shipment18(1,true), Shipment19(3,true), Shipment20(2,true), Shipment25(3,false), Shipment3(1,true), Shipment21(1,true), Shipment13(2,true), Shipment26(2,true)]
WareHouse 2, [74, 52], Docks:1, [Shipment24(1,true), Shipment26(2,true), Shipment19(3,true), Shipment27(2,true), Shipment5(2,true), Shipment20(2,true), Shipment18(1,true)]
WareHouse 3, [38, 14], Docks:1, [Shipment6(2,false), Shipment8(1,false), Shipment13(2,true), Shipment17(1,false), Shipment22(3,false), Shipment27(2,true), Shipment23(1,true), Shipment24(1,true), Shipment10(2,true)]
Shipment 1, Source:3, Going:2, Size:3 In Warehouse: 3
Shipment 2, Source:2, Going:3, Size:2, In Truck: 1
Shipment 3, Source:2, Going:1, Size:1, In Truck: 1
Shipment 4, Source:3, Going:2, Size:3 In Warehouse: 3
Shipment 5, Source:3, Going:2, Size:2 In Warehouse: 2
Shipment 6, Source:3, Going:2, Size:2 In Warehouse: 3
Shipment 7, Source:1, Going:2, Size:2 In Warehouse: 1
Shipment 8, Source:3, Going:1, Size:1 In Warehouse: 3
Shipment 9, Source:2, Going:3, Size:1, In Truck: 3
Shipment 10, Source:1, Going:3, Size:2 In Warehouse: 3
Shipment 11, Source:2, Going:3, Size:2 In Warehouse: 2
Shipment 12, Source:1, Going:3, Size:1 In Warehouse: 1
Shipment 13, Source:3, Going:1, Size:2 In Warehouse: 1
Shipment 14, Source:1, Going:2, Size:3 In Warehouse: 1
Shipment 15, Source:2, Going:1, Size:3 In Warehouse: 2
Shipment 16, Source:1, Going:2, Size:3 In Warehouse: 1
Shipment 17, Source:3, Going:2, Size:1 In Warehouse: 3
Shipment 18, Source:1, Going:2, Size:1, In Truck: 7
Shipment 19, Source:1, Going:2, Size:3 In Warehouse: 2
Shipment 20, Source:1, Going:2, Size:2, In Truck: 9
Shipment 21, Source:2, Going:1, Size:1, In Truck: 9
Shipment 22, Source:3, Going:1, Size:3 In Warehouse: 3
Shipment 23, Source:2, Going:3, Size:1 In Warehouse: 3
Shipment 24, Source:2, Going:3, Size:1 In Warehouse: 3
Shipment 25, Source:1, Going:2, Size:3 In Warehouse: 1
Shipment 26, Source:2, Going:1, Size:2 In Warehouse: 1
Shipment 27, Source:3, Going:2, Size:2 In Warehouse: 2
Cycle: 65
Truck 1, [38,44] , Cargo:2/4, Speed:2
 (Id 2 Source: 2, Going: 3, Size:2)
Truck 3, [38,24] , Cargo:1/4, Speed:2
 (Id 9 Source: 2, Going: 3, Size:1)
Truck 5, [72,22] , Cargo:0/5, Speed:1
Truck 7, [72,52] , Cargo:0/5, Speed:1
Truck 9, [38,40] , Cargo:0/3, Speed:3
WareHouse 1, [82, 34], Docks:1, [Shipment16(3,false), Shipment18(1,true), Shipment19(3,true), Shipment20(2,true), Shipment25(3,false), Shipment3(1,true), Shipment21(1,true), Shipment13(2,true), Shipment26(2,true)]
WareHouse 2, [74, 52], Docks:1, [Shipment24(1,true), Shipment26(2,true), Shipment19(3,true), Shipment27(2,true), Shipment5(2,true), Shipment20(2,true), Shipment18(1,true)]
WareHouse 3, [38, 14], Docks:1, [Shipment6(2,false), Shipment8(1,false), Shipment13(2,true), Shipment17(1,false), Shipment22(3,false), Shipment27(2,true), Shipment23(1,true), Shipment24(1,true), Shipment10(2,true)]
Shipment 1, Source:3, Going:2, Size:3 In Warehouse: 3
Shipment 2, Source:2, Going:3, Size:2, In Truck: 1
Shipment 3, Source:2, Going:1, Size:1, In Truck: 1
Shipment 4, Source:3, Going:2, Size:3 In Warehouse: 3
Shipment 5, Source:3, Going:2, Size:2 In Warehouse: 2
Shipment 6, Source:3, Going:2, Size:2 In Warehouse: 3
Shipment 7, Source:1, Going:2, Size:2 In Warehouse: 1
Shipment 8, Source:3, Going:1, Size:1 In Warehouse: 3
Shipment 9, Source:2, Going:3, Size:1, In Truck: 3
Shipment 10, Source:1, Going:3, Size:2 In Warehouse: 3
Shipment 11, Source:2, Going:3, Size:2 In Warehouse: 2
Shipment 12, Source:1, Going:3, Size:1 In Warehouse: 1
Shipment 13, Source:3, Going:1, Size:2 In Warehouse: 1
Shipment 14, Source:1, Going:2, Size:3 In Warehouse: 1
Shipment 15, Source:2, Going:1, Size:3 In Warehouse: 2
Shipment 16, Source:1, Going:2, Size:3 In Warehouse: 1
Shipment 17, Source:3, Going:2, Size:1 In Warehouse: 3
Shipment 18, Source:1, Going:2, Size:1, In Truck: 7
Shipment 19, Source:1, Going:2, Size:3 In Warehouse: 2
Shipment 20, Source:1, Going:2, Size:2, In Truck: 9
Shipment 21, Source:2, Going:1, Size:1, In Truck: 9
Shipment 22, Source:3, Going:1, Size:3 In Warehouse: 3
Shipment 23, Source:2, Going:3, Size:1 In Warehouse: 3
Shipment 24, Source:2, Going:3, Size:1 In Warehouse: 3
Shipment 25, Source:1, Going:2, Size:3 In Warehouse: 1
Shipment 26, Source:2, Going:1, Size:2 In Warehouse: 1
Shipment 27, Source:3, Going:2, Size:2 In Warehouse: 2
Cycle: 66
Truck 1, [38,42] , Cargo:2/4, Speed:2
 (Id 2 Source: 2, Going: 3, Size:2)
Truck 3, [38,22] , Cargo:1/4, Speed:2
 (Id 9 Source: 2, Going: 3, Size:1)
Truck 5, [73,22] , Cargo:0/5, Speed:1
Truck 7, [71,52] , Cargo:0/5, Speed:1
Truck 9, [38,37] , Cargo:0/3, Speed:3
WareHouse 1, [82, 34], Docks:1, [Shipment16(3,false), Shipment18(1,true), Shipment19(3,true), Shipment20(2,true), Shipment25(3,false), Shipment3(1,true), Shipment21(1,true), Shipment13(2,true), Shipment26(2,true)]
WareHouse 2, [74, 52], Docks:1, [Shipment24(1,true), Shipment26(2,true), Shipment19(3,true), Shipment27(2,true), Shipment5(2,true), Shipment20(2,true), Shipment18(1,true)]
WareHouse 3, [38, 14], Docks:1, [Shipment6(2,false), Shipment8(1,false), Shipment13(2,true), Shipment17(1,false), Shipment22(3,false), Shipment27(2,true), Shipment23(1,true), Shipment24(1,true), Shipment10(2,true)]
Shipment 1, Source:3, Going:2, Size:3 In Warehouse: 3
Shipment 2, Source:2, Going:3, Size:2, In Truck: 1
Shipment 3, Source:2, Going:1, Size:1, In Truck: 1
Shipment 4, Source:3, Going:2, Size:3 In Warehouse: 3
Shipment 5, Source:3, Going:2, Size:2 In Warehouse: 2
Shipment 6, Source:3, Going:2, Size:2 In Warehouse: 3
Shipment 7, Source:1, Going:2, Size:2 In Warehouse: 1
Shipment 8, Source:3, Going:1, Size:1 In Warehouse: 3
Shipment 9, Source:2, Going:3, Size:1, In Truck: 3
Shipment 10, Source:1, Going:3, Size:2 In Warehouse: 3
Shipment 11, Source:2, Going:3, Size:2 In Warehouse: 2
Shipment 12, Source:1, Going:3, Size:1 In Warehouse: 1
Shipment 13, Source:3, Going:1, Size:2 In Warehouse: 1
Shipment 14, Source:1, Going:2, Size:3 In Warehouse: 1
Shipment 15, Source:2, Going:1, Size:3 In Warehouse: 2
Shipment 16, Source:1, Going:2, Size:3 In Warehouse: 1
Shipment 17, Source:3, Going:2, Size:1 In Warehouse: 3
Shipment 18, Source:1, Going:2, Size:1, In Truck: 7
Shipment 19, Source:1, Going:2, Size:3 In Warehouse: 2
Shipment 20, Source:1, Going:2, Size:2, In Truck: 9
Shipment 21, Source:2, Going:1, Size:1, In Truck: 9
Shipment 22, Source:3, Going:1, Size:3 In Warehouse: 3
Shipment 23, Source:2, Going:3, Size:1 In Warehouse: 3
Shipment 24, Source:2, Going:3, Size:1 In Warehouse: 3
Shipment 25, Source:1, Going:2, Size:3 In Warehouse: 1
Shipment 26, Source:2, Going:1, Size:2 In Warehouse: 1
Shipment 27, Source:3, Going:2, Size:2 In Warehouse: 2
Cycle: 67
Truck 1, [38,40] , Cargo:2/4, Speed:2
 (Id 2 Source: 2, Going: 3, Size:2)
Truck 3, [38,20] , Cargo:1/4, Speed:2
 (Id 9 Source: 2, Going: 3, Size:1)
Truck 5, [74,22] , Cargo:0/5, Speed:1
Truck 7, [70,52] , Cargo:0/5, Speed:1
Truck 9, [38,34] , Cargo:0/3, Speed:3
WareHouse 1, [82, 34], Docks:1, [Shipment16(3,false), Shipment18(1,true), Shipment19(3,true), Shipment20(2,true), Shipment25(3,false), Shipment3(1,true), Shipment21(1,true), Shipment13(2,true), Shipment26(2,true)]
WareHouse 2, [74, 52], Docks:1, [Shipment24(1,true), Shipment26(2,true), Shipment19(3,true), Shipment27(2,true), Shipment5(2,true), Shipment20(2,true), Shipment18(1,true)]
WareHouse 3, [38, 14], Docks:1, [Shipment6(2,false), Shipment8(1,false), Shipment13(2,true), Shipment17(1,false), Shipment22(3,false), Shipment27(2,true), Shipment23(1,true), Shipment24(1,true), Shipment10(2,true)]
Shipment 1, Source:3, Going:2, Size:3 In Warehouse: 3
Shipment 2, Source:2, Going:3, Size:2, In Truck: 1
Shipment 3, Source:2, Going:1, Size:1, In Truck: 1
Shipment 4, Source:3, Going:2, Size:3 In Warehouse: 3
Shipment 5, Source:3, Going:2, Size:2 In Warehouse: 2
Shipment 6, Source:3, Going:2, Size:2 In Warehouse: 3
Shipment 7, Source:1, Going:2, Size:2 In Warehouse: 1
Shipment 8, Source:3, Going:1, Size:1 In Warehouse: 3
Shipment 9, Source:2, Going:3, Size:1, In Truck: 3
Shipment 10, Source:1, Going:3, Size:2 In Warehouse: 3
Shipment 11, Source:2, Going:3, Size:2 In Warehouse: 2
Shipment 12, Source:1, Going:3, Size:1 In Warehouse: 1
Shipment 13, Source:3, Going:1, Size:2 In Warehouse: 1
Shipment 14, Source:1, Going:2, Size:3 In Warehouse: 1
Shipment 15, Source:2, Going:1, Size:3 In Warehouse: 2
Shipment 16, Source:1, Going:2, Size:3 In Warehouse: 1
Shipment 17, Source:3, Going:2, Size:1 In Warehouse: 3
Shipment 18, Source:1, Going:2, Size:1, In Truck: 7
Shipment 19, Source:1, Going:2, Size:3 In Warehouse: 2
Shipment 20, Source:1, Going:2, Size:2, In Truck: 9
Shipment 21, Source:2, Going:1, Size:1, In Truck: 9
Shipment 22, Source:3, Going:1, Size:3 In Warehouse: 3
Shipment 23, Source:2, Going:3, Size:1 In Warehouse: 3
Shipment 24, Source:2, Going:3, Size:1 In Warehouse: 3
Shipment 25, Source:1, Going:2, Size:3 In Warehouse: 1
Shipment 26, Source:2, Going:1, Size:2 In Warehouse: 1
Shipment 27, Source:3, Going:2, Size:2 In Warehouse: 2
Cycle: 68
Truck 1, [38,38] , Cargo:2/4, Speed:2
 (Id 2 Source: 2, Going: 3, Size:2)
Truck 3, [38,18] , Cargo:1/4, Speed:2
 (Id 9 Source: 2, Going: 3, Size:1)
Truck 5, [74,23] , Cargo:0/5, Speed:1
Truck 7, [69,52] , Cargo:0/5, Speed:1
Truck 9, [38,31] , Cargo:0/3, Speed:3
WareHouse 1, [82, 34], Docks:1, [Shipment16(3,false), Shipment18(1,true), Shipment19(3,true), Shipment20(2,true), Shipment25(3,false), Shipment3(1,true), Shipment21(1,true), Shipment13(2,true), Shipment26(2,true)]
WareHouse 2, [74, 52], Docks:1, [Shipment24(1,true), Shipment26(2,true), Shipment19(3,true), Shipment27(2,true), Shipment5(2,true), Shipment20(2,true), Shipment18(1,true)]
WareHouse 3, [38, 14], Docks:1, [Shipment6(2,false), Shipment8(1,false), Shipment13(2,true), Shipment17(1,false), Shipment22(3,false), Shipment27(2,true), Shipment23(1,true), Shipment24(1,true), Shipment10(2,true)]
Shipment 1, Source:3, Going:2, Size:3 In Warehouse: 3
Shipment 2, Source:2, Going:3, Size:2, In Truck: 1
Shipment 3, Source:2, Going:1, Size:1, In Truck: 1
Shipment 4, Source:3, Going:2, Size:3 In Warehouse: 3
Shipment 5, Source:3, Going:2, Size:2 In Warehouse: 2
Shipment 6, Source:3, Going:2, Size:2 In Warehouse: 3
Shipment 7, Source:1, Going:2, Size:2 In Warehouse: 1
Shipment 8, Source:3, Going:1, Size:1 In Warehouse: 3
Shipment 9, Source:2, Going:3, Size:1, In Truck: 3
Shipment 10, Source:1, Going:3, Size:2 In Warehouse: 3
Shipment 11, Source:2, Going:3, Size:2 In Warehouse: 2
Shipment 12, Source:1, Going:3, Size:1 In Warehouse: 1
Shipment 13, Source:3, Going:1, Size:2 In Warehouse: 1
Shipment 14, Source:1, Going:2, Size:3 In Warehouse: 1
Shipment 15, Source:2, Going:1, Size:3 In Warehouse: 2
Shipment 16, Source:1, Going:2, Size:3 In Warehouse: 1
Shipment 17, Source:3, Going:2, Size:1 In Warehouse: 3
Shipment 18, Source:1, Going:2, Size:1, In Truck: 7
Shipment 19, Source:1, Going:2, Size:3 In Warehouse: 2
Shipment 20, Source:1, Going:2, Size:2, In Truck: 9
Shipment 21, Source:2, Going:1, Size:1, In Truck: 9
Shipment 22, Source:3, Going:1, Size:3 In Warehouse: 3
Shipment 23, Source:2, Going:3, Size:1 In Warehouse: 3
Shipment 24, Source:2, Going:3, Size:1 In Warehouse: 3
Shipment 25, Source:1, Going:2, Size:3 In Warehouse: 1
Shipment 26, Source:2, Going:1, Size:2 In Warehouse: 1
Shipment 27, Source:3, Going:2, Size:2 In Warehouse: 2
Cycle: 69
Truck 1, [38,36] , Cargo:2/4, Speed:2
 (Id 2 Source: 2, Going: 3, Size:2)
Truck 3, [38,16] , Cargo:1/4, Speed:2
 (Id 9 Source: 2, Going: 3, Size:1)
Truck 5, [74,24] , Cargo:0/5, Speed:1
Truck 7, [68,52] , Cargo:0/5, Speed:1
Truck 9, [38,28] , Cargo:0/3, Speed:3
WareHouse 1, [82, 34], Docks:1, [Shipment16(3,false), Shipment18(1,true), Shipment19(3,true), Shipment20(2,true), Shipment25(3,false), Shipment3(1,true), Shipment21(1,true), Shipment13(2,true), Shipment26(2,true)]
WareHouse 2, [74, 52], Docks:1, [Shipment24(1,true), Shipment26(2,true), Shipment19(3,true), Shipment27(2,true), Shipment5(2,true), Shipment20(2,true), Shipment18(1,true)]
WareHouse 3, [38, 14], Docks:1, [Shipment6(2,false), Shipment8(1,false), Shipment13(2,true), Shipment17(1,false), Shipment22(3,false), Shipment27(2,true), Shipment23(1,true), Shipment24(1,true), Shipment10(2,true)]
Shipment 1, Source:3, Going:2, Size:3 In Warehouse: 3
Shipment 2, Source:2, Going:3, Size:2, In Truck: 1
Shipment 3, Source:2, Going:1, Size:1, In Truck: 1
Shipment 4, Source:3, Going:2, Size:3 In Warehouse: 3
Shipment 5, Source:3, Going:2, Size:2 In Warehouse: 2
Shipment 6, Source:3, Going:2, Size:2 In Warehouse: 3
Shipment 7, Source:1, Going:2, Size:2 In Warehouse: 1
Shipment 8, Source:3, Going:1, Size:1 In Warehouse: 3
Shipment 9, Source:2, Going:3, Size:1, In Truck: 3
Shipment 10, Source:1, Going:3, Size:2 In Warehouse: 3
Shipment 11, Source:2, Going:3, Size:2 In Warehouse: 2
Shipment 12, Source:1, Going:3, Size:1 In Warehouse: 1
Shipment 13, Source:3, Going:1, Size:2 In Warehouse: 1
Shipment 14, Source:1, Going:2, Size:3 In Warehouse: 1
Shipment 15, Source:2, Going:1, Size:3 In Warehouse: 2
Shipment 16, Source:1, Going:2, Size:3 In Warehouse: 1
Shipment 17, Source:3, Going:2, Size:1 In Warehouse: 3
Shipment 18, Source:1, Going:2, Size:1, In Truck: 7
Shipment 19, Source:1, Going:2, Size:3 In Warehouse: 2
Shipment 20, Source:1, Going:2, Size:2, In Truck: 9
Shipment 21, Source:2, Going:1, Size:1, In Truck: 9
Shipment 22, Source:3, Going:1, Size:3 In Warehouse: 3
Shipment 23, Source:2, Going:3, Size:1 In Warehouse: 3
Shipment 24, Source:2, Going:3, Size:1 In Warehouse: 3
Shipment 25, Source:1, Going:2, Size:3 In Warehouse: 1
Shipment 26, Source:2, Going:1, Size:2 In Warehouse: 1
Shipment 27, Source:3, Going:2, Size:2 In Warehouse: 2
Cycle: 70
Truck 1, [38,34] , Cargo:2/4, Speed:2
 (Id 2 Source: 2, Going: 3, Size:2)
Truck 3, [38,14] , Cargo:1/4, Speed:2
 (Id 9 Source: 2, Going: 3, Size:1)
Truck 5, [74,25] , Cargo:0/5, Speed:1
Truck 7, [67,52] , Cargo:0/5, Speed:1
Truck 9, [38,25] , Cargo:0/3, Speed:3
WareHouse 1, [82, 34], Docks:1, [Shipment16(3,false), Shipment18(1,true), Shipment19(3,true), Shipment20(2,true), Shipment25(3,false), Shipment3(1,true), Shipment21(1,true), Shipment13(2,true), Shipment26(2,true)]
WareHouse 2, [74, 52], Docks:1, [Shipment24(1,true), Shipment26(2,true), Shipment19(3,true), Shipment27(2,true), Shipment5(2,true), Shipment20(2,true), Shipment18(1,true)]
WareHouse 3, [38, 14], Docks:1, [Shipment6(2,false), Shipment8(1,false), Shipment13(2,true), Shipment17(1,false), Shipment22(3,false), Shipment27(2,true), Shipment23(1,true), Shipment24(1,true), Shipment10(2,true)]
Shipment 1, Source:3, Going:2, Size:3 In Warehouse: 3
Shipment 2, Source:2, Going:3, Size:2, In Truck: 1
Shipment 3, Source:2, Going:1, Size:1, In Truck: 1
Shipment 4, Source:3, Going:2, Size:3 In Warehouse: 3
Shipment 5, Source:3, Going:2, Size:2 In Warehouse: 2
Shipment 6, Source:3, Going:2, Size:2 In Warehouse: 3
Shipment 7, Source:1, Going:2, Size:2 In Warehouse: 1
Shipment 8, Source:3, Going:1, Size:1 In Warehouse: 3
Shipment 9, Source:2, Going:3, Size:1, In Truck: 3
Shipment 10, Source:1, Going:3, Size:2 In Warehouse: 3
Shipment 11, Source:2, Going:3, Size:2 In Warehouse: 2
Shipment 12, Source:1, Going:3, Size:1 In Warehouse: 1
Shipment 13, Source:3, Going:1, Size:2 In Warehouse: 1
Shipment 14, Source:1, Going:2, Size:3 In Warehouse: 1
Shipment 15, Source:2, Going:1, Size:3 In Warehouse: 2
Shipment 16, Source:1, Going:2, Size:3 In Warehouse: 1
Shipment 17, Source:3, Going:2, Size:1 In Warehouse: 3
Shipment 18, Source:1, Going:2, Size:1, In Truck: 7
Shipment 19, Source:1, Going:2, Size:3 In Warehouse: 2
Shipment 20, Source:1, Going:2, Size:2, In Truck: 9
Shipment 21, Source:2, Going:1, Size:1, In Truck: 9
Shipment 22, Source:3, Going:1, Size:3 In Warehouse: 3
Shipment 23, Source:2, Going:3, Size:1 In Warehouse: 3
Shipment 24, Source:2, Going:3, Size:1 In Warehouse: 3
Shipment 25, Source:1, Going:2, Size:3 In Warehouse: 1
Shipment 26, Source:2, Going:1, Size:2 In Warehouse: 1
Shipment 27, Source:3, Going:2, Size:2 In Warehouse: 2
Cycle: 71
Truck 1, [38,32] , Cargo:2/4, Speed:2
 (Id 2 Source: 2, Going: 3, Size:2)
Truck 3, [38,14] , Cargo:1/4, Speed:2
 (Id 9 Source: 2, Going: 3, Size:1)
Truck 5, [74,26] , Cargo:0/5, Speed:1
Truck 7, [66,52] , Cargo:0/5, Speed:1
Truck 9, [38,22] , Cargo:0/3, Speed:3
WareHouse 1, [82, 34], Docks:1, [Shipment16(3,false), Shipment18(1,true), Shipment19(3,true), Shipment20(2,true), Shipment25(3,false), Shipment3(1,true), Shipment21(1,true), Shipment13(2,true), Shipment26(2,true)]
WareHouse 2, [74, 52], Docks:1, [Shipment24(1,true), Shipment26(2,true), Shipment19(3,true), Shipment27(2,true), Shipment5(2,true), Shipment20(2,true), Shipment18(1,true)]
WareHouse 3, [38, 14], Docks:1, [Shipment6(2,false), Shipment8(1,false), Shipment13(2,true), Shipment17(1,false), Shipment22(3,false), Shipment27(2,true), Shipment23(1,true), Shipment24(1,true), Shipment10(2,true)]
Shipment 1, Source:3, Going:2, Size:3 In Warehouse: 3
Shipment 2, Source:2, Going:3, Size:2, In Truck: 1
Shipment 3, Source:2, Going:1, Size:1, In Truck: 1
Shipment 4, Source:3, Going:2, Size:3 In Warehouse: 3
Shipment 5, Source:3, Going:2, Size:2 In Warehouse: 2
Shipment 6, Source:3, Going:2, Size:2 In Warehouse: 3
Shipment 7, Source:1, Going:2, Size:2 In Warehouse: 1
Shipment 8, Source:3, Going:1, Size:1 In Warehouse: 3
Shipment 9, Source:2, Going:3, Size:1, In Truck: 3
Shipment 10, Source:1, Going:3, Size:2 In Warehouse: 3
Shipment 11, Source:2, Going:3, Size:2 In Warehouse: 2
Shipment 12, Source:1, Going:3, Size:1 In Warehouse: 1
Shipment 13, Source:3, Going:1, Size:2 In Warehouse: 1
Shipment 14, Source:1, Going:2, Size:3 In Warehouse: 1
Shipment 15, Source:2, Going:1, Size:3 In Warehouse: 2
Shipment 16, Source:1, Going:2, Size:3 In Warehouse: 1
Shipment 17, Source:3, Going:2, Size:1 In Warehouse: 3
Shipment 18, Source:1, Going:2, Size:1, In Truck: 7
Shipment 19, Source:1, Going:2, Size:3 In Warehouse: 2
Shipment 20, Source:1, Going:2, Size:2, In Truck: 9
Shipment 21, Source:2, Going:1, Size:1, In Truck: 9
Shipment 22, Source:3, Going:1, Size:3 In Warehouse: 3
Shipment 23, Source:2, Going:3, Size:1 In Warehouse: 3
Shipment 24, Source:2, Going:3, Size:1 In Warehouse: 3
Shipment 25, Source:1, Going:2, Size:3 In Warehouse: 1
Shipment 26, Source:2, Going:1, Size:2 In Warehouse: 1
Shipment 27, Source:3, Going:2, Size:2 In Warehouse: 2
Cycle: 72
Truck 1, [38,30] , Cargo:2/4, Speed:2
 (Id 2 Source: 2, Going: 3, Size:2)
Truck 3, [38,14] , Cargo:0/4, Speed:2
Truck 5, [74,27] , Cargo:0/5, Speed:1
Truck 7, [65,52] , Cargo:0/5, Speed:1
Truck 9, [38,19] , Cargo:0/3, Speed:3
WareHouse 1, [82, 34], Docks:1, [Shipment16(3,false), Shipment18(1,true), Shipment19(3,true), Shipment20(2,true), Shipment25(3,false), Shipment3(1,true), Shipment21(1,true), Shipment13(2,true), Shipment26(2,true)]
WareHouse 2, [74, 52], Docks:1, [Shipment24(1,true), Shipment26(2,true), Shipment19(3,true), Shipment27(2,true), Shipment5(2,true), Shipment20(2,true), Shipment18(1,true)]
WareHouse 3, [38, 14], Docks:1, [Shipment6(2,false), Shipment8(1,false), Shipment13(2,true), Shipment17(1,false), Shipment22(3,false), Shipment27(2,true), Shipment23(1,true), Shipment24(1,true), Shipment10(2,true), Shipment9(1,true)]
Shipment 1, Source:3, Going:2, Size:3 In Warehouse: 3
Shipment 2, Source:2, Going:3, Size:2, In Truck: 1
Shipment 3, Source:2, Going:1, Size:1, In Truck: 1
Shipment 4, Source:3, Going:2, Size:3 In Warehouse: 3
Shipment 5, Source:3, Going:2, Size:2 In Warehouse: 2
Shipment 6, Source:3, Going:2, Size:2 In Warehouse: 3
Shipment 7, Source:1, Going:2, Size:2 In Warehouse: 1
Shipment 8, Source:3, Going:1, Size:1 In Warehouse: 3
Shipment 9, Source:2, Going:3, Size:1, In Truck: 3
Shipment 10, Source:1, Going:3, Size:2 In Warehouse: 3
Shipment 11, Source:2, Going:3, Size:2 In Warehouse: 2
Shipment 12, Source:1, Going:3, Size:1 In Warehouse: 1
Shipment 13, Source:3, Going:1, Size:2 In Warehouse: 1
Shipment 14, Source:1, Going:2, Size:3 In Warehouse: 1
Shipment 15, Source:2, Going:1, Size:3 In Warehouse: 2
Shipment 16, Source:1, Going:2, Size:3 In Warehouse: 1
Shipment 17, Source:3, Going:2, Size:1 In Warehouse: 3
Shipment 18, Source:1, Going:2, Size:1, In Truck: 7
Shipment 19, Source:1, Going:2, Size:3 In Warehouse: 2
Shipment 20, Source:1, Going:2, Size:2, In Truck: 9
Shipment 21, Source:2, Going:1, Size:1, In Truck: 9
Shipment 22, Source:3, Going:1, Size:3 In Warehouse: 3
Shipment 23, Source:2, Going:3, Size:1 In Warehouse: 3
Shipment 24, Source:2, Going:3, Size:1 In Warehouse: 3
Shipment 25, Source:1, Going:2, Size:3 In Warehouse: 1
Shipment 26, Source:2, Going:1, Size:2 In Warehouse: 1
Shipment 27, Source:3, Going:2, Size:2 In Warehouse: 2
Cycle: 73
Truck 1, [38,28] , Cargo:2/4, Speed:2
 (Id 2 Source: 2, Going: 3, Size:2)
Truck 3, [38,14] , Cargo:0/4, Speed:2
Truck 5, [74,28] , Cargo:0/5, Speed:1
Truck 7, [64,52] , Cargo:0/5, Speed:1
Truck 9, [38,16] , Cargo:0/3, Speed:3
WareHouse 1, [82, 34], Docks:1, [Shipment16(3,false), Shipment18(1,true), Shipment19(3,true), Shipment20(2,true), Shipment25(3,false), Shipment3(1,true), Shipment21(1,true), Shipment13(2,true), Shipment26(2,true)]
WareHouse 2, [74, 52], Docks:1, [Shipment24(1,true), Shipment26(2,true), Shipment19(3,true), Shipment27(2,true), Shipment5(2,true), Shipment20(2,true), Shipment18(1,true)]
WareHouse 3, [38, 14], Docks:1, [Shipment6(2,false), Shipment8(1,false), Shipment13(2,true), Shipment17(1,false), Shipment22(3,false), Shipment27(2,true), Shipment23(1,true), Shipment24(1,true), Shipment10(2,true), Shipment9(1,true)]
Shipment 1, Source:3, Going:2, Size:3 In Warehouse: 3
Shipment 2, Source:2, Going:3, Size:2, In Truck: 1
Shipment 3, Source:2, Going:1, Size:1, In Truck: 1
Shipment 4, Source:3, Going:2, Size:3 In Warehouse: 3
Shipment 5, Source:3, Going:2, Size:2 In Warehouse: 2
Shipment 6, Source:3, Going:2, Size:2 In Warehouse: 3
Shipment 7, Source:1, Going:2, Size:2 In Warehouse: 1
Shipment 8, Source:3, Going:1, Size:1 In Warehouse: 3
Shipment 9, Source:2, Going:3, Size:1, In Truck: 3
Shipment 10, Source:1, Going:3, Size:2 In Warehouse: 3
Shipment 11, Source:2, Going:3, Size:2 In Warehouse: 2
Shipment 12, Source:1, Going:3, Size:1 In Warehouse: 1
Shipment 13, Source:3, Going:1, Size:2 In Warehouse: 1
Shipment 14, Source:1, Going:2, Size:3 In Warehouse: 1
Shipment 15, Source:2, Going:1, Size:3 In Warehouse: 2
Shipment 16, Source:1, Going:2, Size:3 In Warehouse: 1
Shipment 17, Source:3, Going:2, Size:1 In Warehouse: 3
Shipment 18, Source:1, Going:2, Size:1, In Truck: 7
Shipment 19, Source:1, Going:2, Size:3 In Warehouse: 2
Shipment 20, Source:1, Going:2, Size:2, In Truck: 9
Shipment 21, Source:2, Going:1, Size:1, In Truck: 9
Shipment 22, Source:3, Going:1, Size:3 In Warehouse: 3
Shipment 23, Source:2, Going:3, Size:1 In Warehouse: 3
Shipment 24, Source:2, Going:3, Size:1 In Warehouse: 3
Shipment 25, Source:1, Going:2, Size:3 In Warehouse: 1
Shipment 26, Source:2, Going:1, Size:2 In Warehouse: 1
Shipment 27, Source:3, Going:2, Size:2 In Warehouse: 2
Cycle: 74
Truck 1, [38,26] , Cargo:2/4, Speed:2
 (Id 2 Source: 2, Going: 3, Size:2)
Truck 3, [38,14] , Cargo:0/4, Speed:2
Truck 5, [74,29] , Cargo:0/5, Speed:1
Truck 7, [63,52] , Cargo:0/5, Speed:1
Truck 9, [38,14] , Cargo:0/3, Speed:3
WareHouse 1, [82, 34], Docks:1, [Shipment16(3,false), Shipment18(1,true), Shipment19(3,true), Shipment20(2,true), Shipment25(3,false), Shipment3(1,true), Shipment21(1,true), Shipment13(2,true), Shipment26(2,true)]
WareHouse 2, [74, 52], Docks:1, [Shipment24(1,true), Shipment26(2,true), Shipment19(3,true), Shipment27(2,true), Shipment5(2,true), Shipment20(2,true), Shipment18(1,true)]
WareHouse 3, [38, 14], Docks:1, [Shipment6(2,false), Shipment8(1,false), Shipment13(2,true), Shipment17(1,false), Shipment22(3,false), Shipment27(2,true), Shipment23(1,true), Shipment24(1,true), Shipment10(2,true), Shipment9(1,true)]
Shipment 1, Source:3, Going:2, Size:3 In Warehouse: 3
Shipment 2, Source:2, Going:3, Size:2, In Truck: 1
Shipment 3, Source:2, Going:1, Size:1, In Truck: 1
Shipment 4, Source:3, Going:2, Size:3 In Warehouse: 3
Shipment 5, Source:3, Going:2, Size:2 In Warehouse: 2
Shipment 6, Source:3, Going:2, Size:2 In Warehouse: 3
Shipment 7, Source:1, Going:2, Size:2 In Warehouse: 1
Shipment 8, Source:3, Going:1, Size:1 In Warehouse: 3
Shipment 9, Source:2, Going:3, Size:1, In Truck: 3
Shipment 10, Source:1, Going:3, Size:2 In Warehouse: 3
Shipment 11, Source:2, Going:3, Size:2 In Warehouse: 2
Shipment 12, Source:1, Going:3, Size:1 In Warehouse: 1
Shipment 13, Source:3, Going:1, Size:2 In Warehouse: 1
Shipment 14, Source:1, Going:2, Size:3 In Warehouse: 1
Shipment 15, Source:2, Going:1, Size:3 In Warehouse: 2
Shipment 16, Source:1, Going:2, Size:3 In Warehouse: 1
Shipment 17, Source:3, Going:2, Size:1 In Warehouse: 3
Shipment 18, Source:1, Going:2, Size:1, In Truck: 7
Shipment 19, Source:1, Going:2, Size:3 In Warehouse: 2
Shipment 20, Source:1, Going:2, Size:2, In Truck: 9
Shipment 21, Source:2, Going:1, Size:1, In Truck: 9
Shipment 22, Source:3, Going:1, Size:3 In Warehouse: 3
Shipment 23, Source:2, Going:3, Size:1 In Warehouse: 3
Shipment 24, Source:2, Going:3, Size:1 In Warehouse: 3
Shipment 25, Source:1, Going:2, Size:3 In Warehouse: 1
Shipment 26, Source:2, Going:1, Size:2 In Warehouse: 1
Shipment 27, Source:3, Going:2, Size:2 In Warehouse: 2
Cycle: 75
Truck 1, [38,24] , Cargo:2/4, Speed:2
 (Id 2 Source: 2, Going: 3, Size:2)
Truck 3, [38,14] , Cargo:1/4, Speed:2
 (Id 8 Source: 3, Going: 1, Size:1)
Truck 5, [74,30] , Cargo:0/5, Speed:1
Truck 7, [62,52] , Cargo:0/5, Speed:1
Truck 9, [38,14] , Cargo:0/3, Speed:3
WareHouse 1, [82, 34], Docks:1, [Shipment16(3,false), Shipment18(1,true), Shipment19(3,true), Shipment20(2,true), Shipment25(3,false), Shipment3(1,true), Shipment21(1,true), Shipment13(2,true), Shipment26(2,true)]
WareHouse 2, [74, 52], Docks:1, [Shipment24(1,true), Shipment26(2,true), Shipment19(3,true), Shipment27(2,true), Shipment5(2,true), Shipment20(2,true), Shipment18(1,true)]
WareHouse 3, [38, 14], Docks:1, [Shipment8(1,true), Shipment13(2,true), Shipment17(1,false), Shipment22(3,false), Shipment27(2,true), Shipment23(1,true), Shipment24(1,true), Shipment10(2,true), Shipment9(1,true)]
Shipment 1, Source:3, Going:2, Size:3 In Warehouse: 3
Shipment 2, Source:2, Going:3, Size:2, In Truck: 1
Shipment 3, Source:2, Going:1, Size:1, In Truck: 1
Shipment 4, Source:3, Going:2, Size:3 In Warehouse: 3
Shipment 5, Source:3, Going:2, Size:2 In Warehouse: 2
Shipment 6, Source:3, Going:2, Size:2 In Warehouse: 3
Shipment 7, Source:1, Going:2, Size:2 In Warehouse: 1
Shipment 8, Source:3, Going:1, Size:1, In Truck: 3
Shipment 9, Source:2, Going:3, Size:1, In Truck: 3
Shipment 10, Source:1, Going:3, Size:2 In Warehouse: 3
Shipment 11, Source:2, Going:3, Size:2 In Warehouse: 2
Shipment 12, Source:1, Going:3, Size:1 In Warehouse: 1
Shipment 13, Source:3, Going:1, Size:2 In Warehouse: 1
Shipment 14, Source:1, Going:2, Size:3 In Warehouse: 1
Shipment 15, Source:2, Going:1, Size:3 In Warehouse: 2
Shipment 16, Source:1, Going:2, Size:3 In Warehouse: 1
Shipment 17, Source:3, Going:2, Size:1 In Warehouse: 3
Shipment 18, Source:1, Going:2, Size:1, In Truck: 7
Shipment 19, Source:1, Going:2, Size:3 In Warehouse: 2
Shipment 20, Source:1, Going:2, Size:2, In Truck: 9
Shipment 21, Source:2, Going:1, Size:1, In Truck: 9
Shipment 22, Source:3, Going:1, Size:3 In Warehouse: 3
Shipment 23, Source:2, Going:3, Size:1 In Warehouse: 3
Shipment 24, Source:2, Going:3, Size:1 In Warehouse: 3
Shipment 25, Source:1, Going:2, Size:3 In Warehouse: 1
Shipment 26, Source:2, Going:1, Size:2 In Warehouse: 1
Shipment 27, Source:3, Going:2, Size:2 In Warehouse: 2
Cycle: 76
Truck 1, [38,22] , Cargo:2/4, Speed:2
 (Id 2 Source: 2, Going: 3, Size:2)
Truck 3, [40,14] , Cargo:1/4, Speed:2
 (Id 8 Source: 3, Going: 1, Size:1)
Truck 5, [74,31] , Cargo:0/5, Speed:1
Truck 7, [61,52] , Cargo:0/5, Speed:1
Truck 9, [38,14] , Cargo:0/3, Speed:3
WareHouse 1, [82, 34], Docks:1, [Shipment16(3,false), Shipment18(1,true), Shipment19(3,true), Shipment20(2,true), Shipment25(3,false), Shipment3(1,true), Shipment21(1,true), Shipment13(2,true), Shipment26(2,true)]
WareHouse 2, [74, 52], Docks:1, [Shipment24(1,true), Shipment26(2,true), Shipment19(3,true), Shipment27(2,true), Shipment5(2,true), Shipment20(2,true), Shipment18(1,true)]
WareHouse 3, [38, 14], Docks:1, [Shipment8(1,true), Shipment13(2,true), Shipment17(1,false), Shipment22(3,false), Shipment27(2,true), Shipment23(1,true), Shipment24(1,true), Shipment10(2,true), Shipment9(1,true)]
Shipment 1, Source:3, Going:2, Size:3 In Warehouse: 3
Shipment 2, Source:2, Going:3, Size:2, In Truck: 1
Shipment 3, Source:2, Going:1, Size:1, In Truck: 1
Shipment 4, Source:3, Going:2, Size:3 In Warehouse: 3
Shipment 5, Source:3, Going:2, Size:2 In Warehouse: 2
Shipment 6, Source:3, Going:2, Size:2 In Warehouse: 3
Shipment 7, Source:1, Going:2, Size:2 In Warehouse: 1
Shipment 8, Source:3, Going:1, Size:1, In Truck: 3
Shipment 9, Source:2, Going:3, Size:1, In Truck: 3
Shipment 10, Source:1, Going:3, Size:2 In Warehouse: 3
Shipment 11, Source:2, Going:3, Size:2 In Warehouse: 2
Shipment 12, Source:1, Going:3, Size:1 In Warehouse: 1
Shipment 13, Source:3, Going:1, Size:2 In Warehouse: 1
Shipment 14, Source:1, Going:2, Size:3 In Warehouse: 1
Shipment 15, Source:2, Going:1, Size:3 In Warehouse: 2
Shipment 16, Source:1, Going:2, Size:3 In Warehouse: 1
Shipment 17, Source:3, Going:2, Size:1 In Warehouse: 3
Shipment 18, Source:1, Going:2, Size:1, In Truck: 7
Shipment 19, Source:1, Going:2, Size:3 In Warehouse: 2
Shipment 20, Source:1, Going:2, Size:2, In Truck: 9
Shipment 21, Source:2, Going:1, Size:1, In Truck: 9
Shipment 22, Source:3, Going:1, Size:3 In Warehouse: 3
Shipment 23, Source:2, Going:3, Size:1 In Warehouse: 3
Shipment 24, Source:2, Going:3, Size:1 In Warehouse: 3
Shipment 25, Source:1, Going:2, Size:3 In Warehouse: 1
Shipment 26, Source:2, Going:1, Size:2 In Warehouse: 1
Shipment 27, Source:3, Going:2, Size:2 In Warehouse: 2
Cycle: 77
Truck 1, [38,20] , Cargo:2/4, Speed:2
 (Id 2 Source: 2, Going: 3, Size:2)
Truck 3, [42,14] , Cargo:1/4, Speed:2
 (Id 8 Source: 3, Going: 1, Size:1)
Truck 5, [74,32] , Cargo:0/5, Speed:1
Truck 7, [60,52] , Cargo:0/5, Speed:1
Truck 9, [38,14] , Cargo:0/3, Speed:3
WareHouse 1, [82, 34], Docks:1, [Shipment16(3,false), Shipment18(1,true), Shipment19(3,true), Shipment20(2,true), Shipment25(3,false), Shipment3(1,true), Shipment21(1,true), Shipment13(2,true), Shipment26(2,true)]
WareHouse 2, [74, 52], Docks:1, [Shipment24(1,true), Shipment26(2,true), Shipment19(3,true), Shipment27(2,true), Shipment5(2,true), Shipment20(2,true), Shipment18(1,true)]
WareHouse 3, [38, 14], Docks:1, [Shipment8(1,true), Shipment13(2,true), Shipment17(1,false), Shipment22(3,false), Shipment27(2,true), Shipment23(1,true), Shipment24(1,true), Shipment10(2,true), Shipment9(1,true)]
Shipment 1, Source:3, Going:2, Size:3 In Warehouse: 3
Shipment 2, Source:2, Going:3, Size:2, In Truck: 1
Shipment 3, Source:2, Going:1, Size:1, In Truck: 1
Shipment 4, Source:3, Going:2, Size:3 In Warehouse: 3
Shipment 5, Source:3, Going:2, Size:2 In Warehouse: 2
Shipment 6, Source:3, Going:2, Size:2 In Warehouse: 3
Shipment 7, Source:1, Going:2, Size:2 In Warehouse: 1
Shipment 8, Source:3, Going:1, Size:1, In Truck: 3
Shipment 9, Source:2, Going:3, Size:1, In Truck: 3
Shipment 10, Source:1, Going:3, Size:2 In Warehouse: 3
Shipment 11, Source:2, Going:3, Size:2 In Warehouse: 2
Shipment 12, Source:1, Going:3, Size:1 In Warehouse: 1
Shipment 13, Source:3, Going:1, Size:2 In Warehouse: 1
Shipment 14, Source:1, Going:2, Size:3 In Warehouse: 1
Shipment 15, Source:2, Going:1, Size:3 In Warehouse: 2
Shipment 16, Source:1, Going:2, Size:3 In Warehouse: 1
Shipment 17, Source:3, Going:2, Size:1 In Warehouse: 3
Shipment 18, Source:1, Going:2, Size:1, In Truck: 7
Shipment 19, Source:1, Going:2, Size:3 In Warehouse: 2
Shipment 20, Source:1, Going:2, Size:2, In Truck: 9
Shipment 21, Source:2, Going:1, Size:1, In Truck: 9
Shipment 22, Source:3, Going:1, Size:3 In Warehouse: 3
Shipment 23, Source:2, Going:3, Size:1 In Warehouse: 3
Shipment 24, Source:2, Going:3, Size:1 In Warehouse: 3
Shipment 25, Source:1, Going:2, Size:3 In Warehouse: 1
Shipment 26, Source:2, Going:1, Size:2 In Warehouse: 1
Shipment 27, Source:3, Going:2, Size:2 In Warehouse: 2
Cycle: 78
Truck 1, [38,18] , Cargo:2/4, Speed:2
 (Id 2 Source: 2, Going: 3, Size:2)
Truck 3, [44,14] , Cargo:1/4, Speed:2
 (Id 8 Source: 3, Going: 1, Size:1)
Truck 5, [74,33] , Cargo:0/5, Speed:1
Truck 7, [59,52] , Cargo:0/5, Speed:1
Truck 9, [38,14] , Cargo:3/3, Speed:3
 (Id 22 Source: 3, Going: 1, Size:3)
WareHouse 1, [82, 34], Docks:1, [Shipment16(3,false), Shipment18(1,true), Shipment19(3,true), Shipment20(2,true), Shipment25(3,false), Shipment3(1,true), Shipment21(1,true), Shipment13(2,true), Shipment26(2,true)]
WareHouse 2, [74, 52], Docks:1, [Shipment24(1,true), Shipment26(2,true), Shipment19(3,true), Shipment27(2,true), Shipment5(2,true), Shipment20(2,true), Shipment18(1,true)]
WareHouse 3, [38, 14], Docks:1, [Shipment13(2,true), Shipment17(1,false), Shipment22(3,true), Shipment27(2,true), Shipment23(1,true), Shipment24(1,true), Shipment10(2,true), Shipment9(1,true)]
Shipment 1, Source:3, Going:2, Size:3 In Warehouse: 3
Shipment 2, Source:2, Going:3, Size:2, In Truck: 1
Shipment 3, Source:2, Going:1, Size:1, In Truck: 1
Shipment 4, Source:3, Going:2, Size:3 In Warehouse: 3
Shipment 5, Source:3, Going:2, Size:2 In Warehouse: 2
Shipment 6, Source:3, Going:2, Size:2 In Warehouse: 3
Shipment 7, Source:1, Going:2, Size:2 In Warehouse: 1
Shipment 8, Source:3, Going:1, Size:1, In Truck: 3
Shipment 9, Source:2, Going:3, Size:1, In Truck: 3
Shipment 10, Source:1, Going:3, Size:2 In Warehouse: 3
Shipment 11, Source:2, Going:3, Size:2 In Warehouse: 2
Shipment 12, Source:1, Going:3, Size:1 In Warehouse: 1
Shipment 13, Source:3, Going:1, Size:2 In Warehouse: 1
Shipment 14, Source:1, Going:2, Size:3 In Warehouse: 1
Shipment 15, Source:2, Going:1, Size:3 In Warehouse: 2
Shipment 16, Source:1, Going:2, Size:3 In Warehouse: 1
Shipment 17, Source:3, Going:2, Size:1 In Warehouse: 3
Shipment 18, Source:1, Going:2, Size:1, In Truck: 7
Shipment 19, Source:1, Going:2, Size:3 In Warehouse: 2
Shipment 20, Source:1, Going:2, Size:2, In Truck: 9
Shipment 21, Source:2, Going:1, Size:1, In Truck: 9
Shipment 22, Source:3, Going:1, Size:3, In Truck: 9
Shipment 23, Source:2, Going:3, Size:1 In Warehouse: 3
Shipment 24, Source:2, Going:3, Size:1 In Warehouse: 3
Shipment 25, Source:1, Going:2, Size:3 In Warehouse: 1
Shipment 26, Source:2, Going:1, Size:2 In Warehouse: 1
Shipment 27, Source:3, Going:2, Size:2 In Warehouse: 2
Cycle: 79
Truck 1, [38,16] , Cargo:2/4, Speed:2
 (Id 2 Source: 2, Going: 3, Size:2)
Truck 3, [46,14] , Cargo:1/4, Speed:2
 (Id 8 Source: 3, Going: 1, Size:1)
Truck 5, [74,34] , Cargo:0/5, Speed:1
Truck 7, [58,52] , Cargo:0/5, Speed:1
Truck 9, [41,14] , Cargo:3/3, Speed:3
 (Id 22 Source: 3, Going: 1, Size:3)
WareHouse 1, [82, 34], Docks:1, [Shipment16(3,false), Shipment18(1,true), Shipment19(3,true), Shipment20(2,true), Shipment25(3,false), Shipment3(1,true), Shipment21(1,true), Shipment13(2,true), Shipment26(2,true)]
WareHouse 2, [74, 52], Docks:1, [Shipment24(1,true), Shipment26(2,true), Shipment19(3,true), Shipment27(2,true), Shipment5(2,true), Shipment20(2,true), Shipment18(1,true)]
WareHouse 3, [38, 14], Docks:1, [Shipment13(2,true), Shipment17(1,false), Shipment22(3,true), Shipment27(2,true), Shipment23(1,true), Shipment24(1,true), Shipment10(2,true), Shipment9(1,true)]
Shipment 1, Source:3, Going:2, Size:3 In Warehouse: 3
Shipment 2, Source:2, Going:3, Size:2, In Truck: 1
Shipment 3, Source:2, Going:1, Size:1, In Truck: 1
Shipment 4, Source:3, Going:2, Size:3 In Warehouse: 3
Shipment 5, Source:3, Going:2, Size:2 In Warehouse: 2
Shipment 6, Source:3, Going:2, Size:2 In Warehouse: 3
Shipment 7, Source:1, Going:2, Size:2 In Warehouse: 1
Shipment 8, Source:3, Going:1, Size:1, In Truck: 3
Shipment 9, Source:2, Going:3, Size:1, In Truck: 3
Shipment 10, Source:1, Going:3, Size:2 In Warehouse: 3
Shipment 11, Source:2, Going:3, Size:2 In Warehouse: 2
Shipment 12, Source:1, Going:3, Size:1 In Warehouse: 1
Shipment 13, Source:3, Going:1, Size:2 In Warehouse: 1
Shipment 14, Source:1, Going:2, Size:3 In Warehouse: 1
Shipment 15, Source:2, Going:1, Size:3 In Warehouse: 2
Shipment 16, Source:1, Going:2, Size:3 In Warehouse: 1
Shipment 17, Source:3, Going:2, Size:1 In Warehouse: 3
Shipment 18, Source:1, Going:2, Size:1, In Truck: 7
Shipment 19, Source:1, Going:2, Size:3 In Warehouse: 2
Shipment 20, Source:1, Going:2, Size:2, In Truck: 9
Shipment 21, Source:2, Going:1, Size:1, In Truck: 9
Shipment 22, Source:3, Going:1, Size:3, In Truck: 9
Shipment 23, Source:2, Going:3, Size:1 In Warehouse: 3
Shipment 24, Source:2, Going:3, Size:1 In Warehouse: 3
Shipment 25, Source:1, Going:2, Size:3 In Warehouse: 1
Shipment 26, Source:2, Going:1, Size:2 In Warehouse: 1
Shipment 27, Source:3, Going:2, Size:2 In Warehouse: 2
Cycle: 80
Truck 1, [38,14] , Cargo:2/4, Speed:2
 (Id 2 Source: 2, Going: 3, Size:2)
Truck 3, [48,14] , Cargo:1/4, Speed:2
 (Id 8 Source: 3, Going: 1, Size:1)
Truck 5, [74,35] , Cargo:0/5, Speed:1
Truck 7, [57,52] , Cargo:0/5, Speed:1
Truck 9, [44,14] , Cargo:3/3, Speed:3
 (Id 22 Source: 3, Going: 1, Size:3)
WareHouse 1, [82, 34], Docks:1, [Shipment16(3,false), Shipment18(1,true), Shipment19(3,true), Shipment20(2,true), Shipment25(3,false), Shipment3(1,true), Shipment21(1,true), Shipment13(2,true), Shipment26(2,true)]
WareHouse 2, [74, 52], Docks:1, [Shipment24(1,true), Shipment26(2,true), Shipment19(3,true), Shipment27(2,true), Shipment5(2,true), Shipment20(2,true), Shipment18(1,true)]
WareHouse 3, [38, 14], Docks:1, [Shipment13(2,true), Shipment17(1,false), Shipment22(3,true), Shipment27(2,true), Shipment23(1,true), Shipment24(1,true), Shipment10(2,true), Shipment9(1,true)]
Shipment 1, Source:3, Going:2, Size:3 In Warehouse: 3
Shipment 2, Source:2, Going:3, Size:2, In Truck: 1
Shipment 3, Source:2, Going:1, Size:1, In Truck: 1
Shipment 4, Source:3, Going:2, Size:3 In Warehouse: 3
Shipment 5, Source:3, Going:2, Size:2 In Warehouse: 2
Shipment 6, Source:3, Going:2, Size:2 In Warehouse: 3
Shipment 7, Source:1, Going:2, Size:2 In Warehouse: 1
Shipment 8, Source:3, Going:1, Size:1, In Truck: 3
Shipment 9, Source:2, Going:3, Size:1, In Truck: 3
Shipment 10, Source:1, Going:3, Size:2 In Warehouse: 3
Shipment 11, Source:2, Going:3, Size:2 In Warehouse: 2
Shipment 12, Source:1, Going:3, Size:1 In Warehouse: 1
Shipment 13, Source:3, Going:1, Size:2 In Warehouse: 1
Shipment 14, Source:1, Going:2, Size:3 In Warehouse: 1
Shipment 15, Source:2, Going:1, Size:3 In Warehouse: 2
Shipment 16, Source:1, Going:2, Size:3 In Warehouse: 1
Shipment 17, Source:3, Going:2, Size:1 In Warehouse: 3
Shipment 18, Source:1, Going:2, Size:1, In Truck: 7
Shipment 19, Source:1, Going:2, Size:3 In Warehouse: 2
Shipment 20, Source:1, Going:2, Size:2, In Truck: 9
Shipment 21, Source:2, Going:1, Size:1, In Truck: 9
Shipment 22, Source:3, Going:1, Size:3, In Truck: 9
Shipment 23, Source:2, Going:3, Size:1 In Warehouse: 3
Shipment 24, Source:2, Going:3, Size:1 In Warehouse: 3
Shipment 25, Source:1, Going:2, Size:3 In Warehouse: 1
Shipment 26, Source:2, Going:1, Size:2 In Warehouse: 1
Shipment 27, Source:3, Going:2, Size:2 In Warehouse: 2
Cycle: 81
Truck 1, [38,14] , Cargo:2/4, Speed:2
 (Id 2 Source: 2, Going: 3, Size:2)
Truck 3, [50,14] , Cargo:1/4, Speed:2
 (Id 8 Source: 3, Going: 1, Size:1)
Truck 5, [74,36] , Cargo:0/5, Speed:1
Truck 7, [56,52] , Cargo:0/5, Speed:1
Truck 9, [47,14] , Cargo:3/3, Speed:3
 (Id 22 Source: 3, Going: 1, Size:3)
WareHouse 1, [82, 34], Docks:1, [Shipment16(3,false), Shipment18(1,true), Shipment19(3,true), Shipment20(2,true), Shipment25(3,false), Shipment3(1,true), Shipment21(1,true), Shipment13(2,true), Shipment26(2,true)]
WareHouse 2, [74, 52], Docks:1, [Shipment24(1,true), Shipment26(2,true), Shipment19(3,true), Shipment27(2,true), Shipment5(2,true), Shipment20(2,true), Shipment18(1,true)]
WareHouse 3, [38, 14], Docks:1, [Shipment13(2,true), Shipment17(1,false), Shipment22(3,true), Shipment27(2,true), Shipment23(1,true), Shipment24(1,true), Shipment10(2,true), Shipment9(1,true)]
Shipment 1, Source:3, Going:2, Size:3 In Warehouse: 3
Shipment 2, Source:2, Going:3, Size:2, In Truck: 1
Shipment 3, Source:2, Going:1, Size:1, In Truck: 1
Shipment 4, Source:3, Going:2, Size:3 In Warehouse: 3
Shipment 5, Source:3, Going:2, Size:2 In Warehouse: 2
Shipment 6, Source:3, Going:2, Size:2 In Warehouse: 3
Shipment 7, Source:1, Going:2, Size:2 In Warehouse: 1
Shipment 8, Source:3, Going:1, Size:1, In Truck: 3
Shipment 9, Source:2, Going:3, Size:1, In Truck: 3
Shipment 10, Source:1, Going:3, Size:2 In Warehouse: 3
Shipment 11, Source:2, Going:3, Size:2 In Warehouse: 2
Shipment 12, Source:1, Going:3, Size:1 In Warehouse: 1
Shipment 13, Source:3, Going:1, Size:2 In Warehouse: 1
Shipment 14, Source:1, Going:2, Size:3 In Warehouse: 1
Shipment 15, Source:2, Going:1, Size:3 In Warehouse: 2
Shipment 16, Source:1, Going:2, Size:3 In Warehouse: 1
Shipment 17, Source:3, Going:2, Size:1 In Warehouse: 3
Shipment 18, Source:1, Going:2, Size:1, In Truck: 7
Shipment 19, Source:1, Going:2, Size:3 In Warehouse: 2
Shipment 20, Source:1, Going:2, Size:2, In Truck: 9
Shipment 21, Source:2, Going:1, Size:1, In Truck: 9
Shipment 22, Source:3, Going:1, Size:3, In Truck: 9
Shipment 23, Source:2, Going:3, Size:1 In Warehouse: 3
Shipment 24, Source:2, Going:3, Size:1 In Warehouse: 3
Shipment 25, Source:1, Going:2, Size:3 In Warehouse: 1
Shipment 26, Source:2, Going:1, Size:2 In Warehouse: 1
Shipment 27, Source:3, Going:2, Size:2 In Warehouse: 2
Cycle: 82
Truck 1, [38,14] , Cargo:2/4, Speed:2
 (Id 2 Source: 2, Going: 3, Size:2)
Truck 3, [52,14] , Cargo:1/4, Speed:2
 (Id 8 Source: 3, Going: 1, Size:1)
Truck 5, [74,37] , Cargo:0/5, Speed:1
Truck 7, [55,52] , Cargo:0/5, Speed:1
Truck 9, [50,14] , Cargo:3/3, Speed:3
 (Id 22 Source: 3, Going: 1, Size:3)
WareHouse 1, [82, 34], Docks:1, [Shipment16(3,false), Shipment18(1,true), Shipment19(3,true), Shipment20(2,true), Shipment25(3,false), Shipment3(1,true), Shipment21(1,true), Shipment13(2,true), Shipment26(2,true)]
WareHouse 2, [74, 52], Docks:1, [Shipment24(1,true), Shipment26(2,true), Shipment19(3,true), Shipment27(2,true), Shipment5(2,true), Shipment20(2,true), Shipment18(1,true)]
WareHouse 3, [38, 14], Docks:1, [Shipment13(2,true), Shipment17(1,false), Shipment22(3,true), Shipment27(2,true), Shipment23(1,true), Shipment24(1,true), Shipment10(2,true), Shipment9(1,true)]
Shipment 1, Source:3, Going:2, Size:3 In Warehouse: 3
Shipment 2, Source:2, Going:3, Size:2, In Truck: 1
Shipment 3, Source:2, Going:1, Size:1, In Truck: 1
Shipment 4, Source:3, Going:2, Size:3 In Warehouse: 3
Shipment 5, Source:3, Going:2, Size:2 In Warehouse: 2
Shipment 6, Source:3, Going:2, Size:2 In Warehouse: 3
Shipment 7, Source:1, Going:2, Size:2 In Warehouse: 1
Shipment 8, Source:3, Going:1, Size:1, In Truck: 3
Shipment 9, Source:2, Going:3, Size:1, In Truck: 3
Shipment 10, Source:1, Going:3, Size:2 In Warehouse: 3
Shipment 11, Source:2, Going:3, Size:2 In Warehouse: 2
Shipment 12, Source:1, Going:3, Size:1 In Warehouse: 1
Shipment 13, Source:3, Going:1, Size:2 In Warehouse: 1
Shipment 14, Source:1, Going:2, Size:3 In Warehouse: 1
Shipment 15, Source:2, Going:1, Size:3 In Warehouse: 2
Shipment 16, Source:1, Going:2, Size:3 In Warehouse: 1
Shipment 17, Source:3, Going:2, Size:1 In Warehouse: 3
Shipment 18, Source:1, Going:2, Size:1, In Truck: 7
Shipment 19, Source:1, Going:2, Size:3 In Warehouse: 2
Shipment 20, Source:1, Going:2, Size:2, In Truck: 9
Shipment 21, Source:2, Going:1, Size:1, In Truck: 9
Shipment 22, Source:3, Going:1, Size:3, In Truck: 9
Shipment 23, Source:2, Going:3, Size:1 In Warehouse: 3
Shipment 24, Source:2, Going:3, Size:1 In Warehouse: 3
Shipment 25, Source:1, Going:2, Size:3 In Warehouse: 1
Shipment 26, Source:2, Going:1, Size:2 In Warehouse: 1
Shipment 27, Source:3, Going:2, Size:2 In Warehouse: 2
Cycle: 83
Truck 1, [38,14] , Cargo:0/4, Speed:2
Truck 3, [54,14] , Cargo:1/4, Speed:2
 (Id 8 Source: 3, Going: 1, Size:1)
Truck 5, [74,38] , Cargo:0/5, Speed:1
Truck 7, [54,52] , Cargo:0/5, Speed:1
Truck 9, [53,14] , Cargo:3/3, Speed:3
 (Id 22 Source: 3, Going: 1, Size:3)
WareHouse 1, [82, 34], Docks:1, [Shipment16(3,false), Shipment18(1,true), Shipment19(3,true), Shipment20(2,true), Shipment25(3,false), Shipment3(1,true), Shipment21(1,true), Shipment13(2,true), Shipment26(2,true)]
WareHouse 2, [74, 52], Docks:1, [Shipment24(1,true), Shipment26(2,true), Shipment19(3,true), Shipment27(2,true), Shipment5(2,true), Shipment20(2,true), Shipment18(1,true)]
WareHouse 3, [38, 14], Docks:1, [Shipment13(2,true), Shipment17(1,false), Shipment22(3,true), Shipment27(2,true), Shipment23(1,true), Shipment24(1,true), Shipment10(2,true), Shipment9(1,true), Shipment2(2,true)]
Shipment 1, Source:3, Going:2, Size:3 In Warehouse: 3
Shipment 2, Source:2, Going:3, Size:2, In Truck: 1
Shipment 3, Source:2, Going:1, Size:1, In Truck: 1
Shipment 4, Source:3, Going:2, Size:3 In Warehouse: 3
Shipment 5, Source:3, Going:2, Size:2 In Warehouse: 2
Shipment 6, Source:3, Going:2, Size:2 In Warehouse: 3
Shipment 7, Source:1, Going:2, Size:2 In Warehouse: 1
Shipment 8, Source:3, Going:1, Size:1, In Truck: 3
Shipment 9, Source:2, Going:3, Size:1, In Truck: 3
Shipment 10, Source:1, Going:3, Size:2 In Warehouse: 3
Shipment 11, Source:2, Going:3, Size:2 In Warehouse: 2
Shipment 12, Source:1, Going:3, Size:1 In Warehouse: 1
Shipment 13, Source:3, Going:1, Size:2 In Warehouse: 1
Shipment 14, Source:1, Going:2, Size:3 In Warehouse: 1
Shipment 15, Source:2, Going:1, Size:3 In Warehouse: 2
Shipment 16, Source:1, Going:2, Size:3 In Warehouse: 1
Shipment 17, Source:3, Going:2, Size:1 In Warehouse: 3
Shipment 18, Source:1, Going:2, Size:1, In Truck: 7
Shipment 19, Source:1, Going:2, Size:3 In Warehouse: 2
Shipment 20, Source:1, Going:2, Size:2, In Truck: 9
Shipment 21, Source:2, Going:1, Size:1, In Truck: 9
Shipment 22, Source:3, Going:1, Size:3, In Truck: 9
Shipment 23, Source:2, Going:3, Size:1 In Warehouse: 3
Shipment 24, Source:2, Going:3, Size:1 In Warehouse: 3
Shipment 25, Source:1, Going:2, Size:3 In Warehouse: 1
Shipment 26, Source:2, Going:1, Size:2 In Warehouse: 1
Shipment 27, Source:3, Going:2, Size:2 In Warehouse: 2
Cycle: 84
Truck 1, [38,14] , Cargo:0/4, Speed:2
Truck 3, [56,14] , Cargo:1/4, Speed:2
 (Id 8 Source: 3, Going: 1, Size:1)
Truck 5, [74,39] , Cargo:0/5, Speed:1
Truck 7, [53,52] , Cargo:0/5, Speed:1
Truck 9, [56,14] , Cargo:3/3, Speed:3
 (Id 22 Source: 3, Going: 1, Size:3)
WareHouse 1, [82, 34], Docks:1, [Shipment16(3,false), Shipment18(1,true), Shipment19(3,true), Shipment20(2,true), Shipment25(3,false), Shipment3(1,true), Shipment21(1,true), Shipment13(2,true), Shipment26(2,true)]
WareHouse 2, [74, 52], Docks:1, [Shipment24(1,true), Shipment26(2,true), Shipment19(3,true), Shipment27(2,true), Shipment5(2,true), Shipment20(2,true), Shipment18(1,true)]
WareHouse 3, [38, 14], Docks:1, [Shipment13(2,true), Shipment17(1,false), Shipment22(3,true), Shipment27(2,true), Shipment23(1,true), Shipment24(1,true), Shipment10(2,true), Shipment9(1,true), Shipment2(2,true)]
Shipment 1, Source:3, Going:2, Size:3 In Warehouse: 3
Shipment 2, Source:2, Going:3, Size:2, In Truck: 1
Shipment 3, Source:2, Going:1, Size:1, In Truck: 1
Shipment 4, Source:3, Going:2, Size:3 In Warehouse: 3
Shipment 5, Source:3, Going:2, Size:2 In Warehouse: 2
Shipment 6, Source:3, Going:2, Size:2 In Warehouse: 3
Shipment 7, Source:1, Going:2, Size:2 In Warehouse: 1
Shipment 8, Source:3, Going:1, Size:1, In Truck: 3
Shipment 9, Source:2, Going:3, Size:1, In Truck: 3
Shipment 10, Source:1, Going:3, Size:2 In Warehouse: 3
Shipment 11, Source:2, Going:3, Size:2 In Warehouse: 2
Shipment 12, Source:1, Going:3, Size:1 In Warehouse: 1
Shipment 13, Source:3, Going:1, Size:2 In Warehouse: 1
Shipment 14, Source:1, Going:2, Size:3 In Warehouse: 1
Shipment 15, Source:2, Going:1, Size:3 In Warehouse: 2
Shipment 16, Source:1, Going:2, Size:3 In Warehouse: 1
Shipment 17, Source:3, Going:2, Size:1 In Warehouse: 3
Shipment 18, Source:1, Going:2, Size:1, In Truck: 7
Shipment 19, Source:1, Going:2, Size:3 In Warehouse: 2
Shipment 20, Source:1, Going:2, Size:2, In Truck: 9
Shipment 21, Source:2, Going:1, Size:1, In Truck: 9
Shipment 22, Source:3, Going:1, Size:3, In Truck: 9
Shipment 23, Source:2, Going:3, Size:1 In Warehouse: 3
Shipment 24, Source:2, Going:3, Size:1 In Warehouse: 3
Shipment 25, Source:1, Going:2, Size:3 In Warehouse: 1
Shipment 26, Source:2, Going:1, Size:2 In Warehouse: 1
Shipment 27, Source:3, Going:2, Size:2 In Warehouse: 2
Cycle: 85
Truck 1, [38,14] , Cargo:0/4, Speed:2
Truck 3, [58,14] , Cargo:1/4, Speed:2
 (Id 8 Source: 3, Going: 1, Size:1)
Truck 5, [74,40] , Cargo:0/5, Speed:1
Truck 7, [52,52] , Cargo:0/5, Speed:1
Truck 9, [59,14] , Cargo:3/3, Speed:3
 (Id 22 Source: 3, Going: 1, Size:3)
WareHouse 1, [82, 34], Docks:1, [Shipment16(3,false), Shipment18(1,true), Shipment19(3,true), Shipment20(2,true), Shipment25(3,false), Shipment3(1,true), Shipment21(1,true), Shipment13(2,true), Shipment26(2,true)]
WareHouse 2, [74, 52], Docks:1, [Shipment24(1,true), Shipment26(2,true), Shipment19(3,true), Shipment27(2,true), Shipment5(2,true), Shipment20(2,true), Shipment18(1,true)]
WareHouse 3, [38, 14], Docks:1, [Shipment13(2,true), Shipment17(1,false), Shipment22(3,true), Shipment27(2,true), Shipment23(1,true), Shipment24(1,true), Shipment10(2,true), Shipment9(1,true), Shipment2(2,true)]
Shipment 1, Source:3, Going:2, Size:3 In Warehouse: 3
Shipment 2, Source:2, Going:3, Size:2, In Truck: 1
Shipment 3, Source:2, Going:1, Size:1, In Truck: 1
Shipment 4, Source:3, Going:2, Size:3 In Warehouse: 3
Shipment 5, Source:3, Going:2, Size:2 In Warehouse: 2
Shipment 6, Source:3, Going:2, Size:2 In Warehouse: 3
Shipment 7, Source:1, Going:2, Size:2 In Warehouse: 1
Shipment 8, Source:3, Going:1, Size:1, In Truck: 3
Shipment 9, Source:2, Going:3, Size:1, In Truck: 3
Shipment 10, Source:1, Going:3, Size:2 In Warehouse: 3
Shipment 11, Source:2, Going:3, Size:2 In Warehouse: 2
Shipment 12, Source:1, Going:3, Size:1 In Warehouse: 1
Shipment 13, Source:3, Going:1, Size:2 In Warehouse: 1
Shipment 14, Source:1, Going:2, Size:3 In Warehouse: 1
Shipment 15, Source:2, Going:1, Size:3 In Warehouse: 2
Shipment 16, Source:1, Going:2, Size:3 In Warehouse: 1
Shipment 17, Source:3, Going:2, Size:1 In Warehouse: 3
Shipment 18, Source:1, Going:2, Size:1, In Truck: 7
Shipment 19, Source:1, Going:2, Size:3 In Warehouse: 2
Shipment 20, Source:1, Going:2, Size:2, In Truck: 9
Shipment 21, Source:2, Going:1, Size:1, In Truck: 9
Shipment 22, Source:3, Going:1, Size:3, In Truck: 9
Shipment 23, Source:2, Going:3, Size:1 In Warehouse: 3
Shipment 24, Source:2, Going:3, Size:1 In Warehouse: 3
Shipment 25, Source:1, Going:2, Size:3 In Warehouse: 1
Shipment 26, Source:2, Going:1, Size:2 In Warehouse: 1
Shipment 27, Source:3, Going:2, Size:2 In Warehouse: 2
Cycle: 86
Truck 1, [38,14] , Cargo:0/4, Speed:2
Truck 3, [60,14] , Cargo:1/4, Speed:2
 (Id 8 Source: 3, Going: 1, Size:1)
Truck 5, [74,41] , Cargo:0/5, Speed:1
Truck 7, [51,52] , Cargo:0/5, Speed:1
Truck 9, [62,14] , Cargo:3/3, Speed:3
 (Id 22 Source: 3, Going: 1, Size:3)
WareHouse 1, [82, 34], Docks:1, [Shipment16(3,false), Shipment18(1,true), Shipment19(3,true), Shipment20(2,true), Shipment25(3,false), Shipment3(1,true), Shipment21(1,true), Shipment13(2,true), Shipment26(2,true)]
WareHouse 2, [74, 52], Docks:1, [Shipment24(1,true), Shipment26(2,true), Shipment19(3,true), Shipment27(2,true), Shipment5(2,true), Shipment20(2,true), Shipment18(1,true)]
WareHouse 3, [38, 14], Docks:1, [Shipment13(2,true), Shipment17(1,false), Shipment22(3,true), Shipment27(2,true), Shipment23(1,true), Shipment24(1,true), Shipment10(2,true), Shipment9(1,true), Shipment2(2,true)]
Shipment 1, Source:3, Going:2, Size:3 In Warehouse: 3
Shipment 2, Source:2, Going:3, Size:2, In Truck: 1
Shipment 3, Source:2, Going:1, Size:1, In Truck: 1
Shipment 4, Source:3, Going:2, Size:3 In Warehouse: 3
Shipment 5, Source:3, Going:2, Size:2 In Warehouse: 2
Shipment 6, Source:3, Going:2, Size:2 In Warehouse: 3
Shipment 7, Source:1, Going:2, Size:2 In Warehouse: 1
Shipment 8, Source:3, Going:1, Size:1, In Truck: 3
Shipment 9, Source:2, Going:3, Size:1, In Truck: 3
Shipment 10, Source:1, Going:3, Size:2 In Warehouse: 3
Shipment 11, Source:2, Going:3, Size:2 In Warehouse: 2
Shipment 12, Source:1, Going:3, Size:1 In Warehouse: 1
Shipment 13, Source:3, Going:1, Size:2 In Warehouse: 1
Shipment 14, Source:1, Going:2, Size:3 In Warehouse: 1
Shipment 15, Source:2, Going:1, Size:3 In Warehouse: 2
Shipment 16, Source:1, Going:2, Size:3 In Warehouse: 1
Shipment 17, Source:3, Going:2, Size:1 In Warehouse: 3
Shipment 18, Source:1, Going:2, Size:1, In Truck: 7
Shipment 19, Source:1, Going:2, Size:3 In Warehouse: 2
Shipment 20, Source:1, Going:2, Size:2, In Truck: 9
Shipment 21, Source:2, Going:1, Size:1, In Truck: 9
Shipment 22, Source:3, Going:1, Size:3, In Truck: 9
Shipment 23, Source:2, Going:3, Size:1 In Warehouse: 3
Shipment 24, Source:2, Going:3, Size:1 In Warehouse: 3
Shipment 25, Source:1, Going:2, Size:3 In Warehouse: 1
Shipment 26, Source:2, Going:1, Size:2 In Warehouse: 1
Shipment 27, Source:3, Going:2, Size:2 In Warehouse: 2
Cycle: 87
Truck 1, [38,14] , Cargo:0/4, Speed:2
Truck 3, [62,14] , Cargo:1/4, Speed:2
 (Id 8 Source: 3, Going: 1, Size:1)
Truck 5, [74,42] , Cargo:0/5, Speed:1
Truck 7, [50,52] , Cargo:0/5, Speed:1
Truck 9, [65,14] , Cargo:3/3, Speed:3
 (Id 22 Source: 3, Going: 1, Size:3)
WareHouse 1, [82, 34], Docks:1, [Shipment16(3,false), Shipment18(1,true), Shipment19(3,true), Shipment20(2,true), Shipment25(3,false), Shipment3(1,true), Shipment21(1,true), Shipment13(2,true), Shipment26(2,true)]
WareHouse 2, [74, 52], Docks:1, [Shipment24(1,true), Shipment26(2,true), Shipment19(3,true), Shipment27(2,true), Shipment5(2,true), Shipment20(2,true), Shipment18(1,true)]
WareHouse 3, [38, 14], Docks:1, [Shipment13(2,true), Shipment17(1,false), Shipment22(3,true), Shipment27(2,true), Shipment23(1,true), Shipment24(1,true), Shipment10(2,true), Shipment9(1,true), Shipment2(2,true)]
Shipment 1, Source:3, Going:2, Size:3 In Warehouse: 3
Shipment 2, Source:2, Going:3, Size:2, In Truck: 1
Shipment 3, Source:2, Going:1, Size:1, In Truck: 1
Shipment 4, Source:3, Going:2, Size:3 In Warehouse: 3
Shipment 5, Source:3, Going:2, Size:2 In Warehouse: 2
Shipment 6, Source:3, Going:2, Size:2 In Warehouse: 3
Shipment 7, Source:1, Going:2, Size:2 In Warehouse: 1
Shipment 8, Source:3, Going:1, Size:1, In Truck: 3
Shipment 9, Source:2, Going:3, Size:1, In Truck: 3
Shipment 10, Source:1, Going:3, Size:2 In Warehouse: 3
Shipment 11, Source:2, Going:3, Size:2 In Warehouse: 2
Shipment 12, Source:1, Going:3, Size:1 In Warehouse: 1
Shipment 13, Source:3, Going:1, Size:2 In Warehouse: 1
Shipment 14, Source:1, Going:2, Size:3 In Warehouse: 1
Shipment 15, Source:2, Going:1, Size:3 In Warehouse: 2
Shipment 16, Source:1, Going:2, Size:3 In Warehouse: 1
Shipment 17, Source:3, Going:2, Size:1 In Warehouse: 3
Shipment 18, Source:1, Going:2, Size:1, In Truck: 7
Shipment 19, Source:1, Going:2, Size:3 In Warehouse: 2
Shipment 20, Source:1, Going:2, Size:2, In Truck: 9
Shipment 21, Source:2, Going:1, Size:1, In Truck: 9
Shipment 22, Source:3, Going:1, Size:3, In Truck: 9
Shipment 23, Source:2, Going:3, Size:1 In Warehouse: 3
Shipment 24, Source:2, Going:3, Size:1 In Warehouse: 3
Shipment 25, Source:1, Going:2, Size:3 In Warehouse: 1
Shipment 26, Source:2, Going:1, Size:2 In Warehouse: 1
Shipment 27, Source:3, Going:2, Size:2 In Warehouse: 2
Cycle: 88
Truck 1, [38,14] , Cargo:3/4, Speed:2
 (Id 4 Source: 3, Going: 2, Size:3)
Truck 3, [64,14] , Cargo:1/4, Speed:2
 (Id 8 Source: 3, Going: 1, Size:1)
Truck 5, [74,43] , Cargo:0/5, Speed:1
Truck 7, [49,52] , Cargo:0/5, Speed:1
Truck 9, [68,14] , Cargo:3/3, Speed:3
 (Id 22 Source: 3, Going: 1, Size:3)
WareHouse 1, [82, 34], Docks:1, [Shipment16(3,false), Shipment18(1,true), Shipment19(3,true), Shipment20(2,true), Shipment25(3,false), Shipment3(1,true), Shipment21(1,true), Shipment13(2,true), Shipment26(2,true)]
WareHouse 2, [74, 52], Docks:1, [Shipment24(1,true), Shipment26(2,true), Shipment19(3,true), Shipment27(2,true), Shipment5(2,true), Shipment20(2,true), Shipment18(1,true)]
WareHouse 3, [38, 14], Docks:1, [Shipment17(1,false), Shipment22(3,true), Shipment27(2,true), Shipment23(1,true), Shipment24(1,true), Shipment10(2,true), Shipment9(1,true), Shipment2(2,true)]
Shipment 1, Source:3, Going:2, Size:3 In Warehouse: 3
Shipment 2, Source:2, Going:3, Size:2, In Truck: 1
Shipment 3, Source:2, Going:1, Size:1, In Truck: 1
Shipment 4, Source:3, Going:2, Size:3, In Truck: 1
Shipment 5, Source:3, Going:2, Size:2 In Warehouse: 2
Shipment 6, Source:3, Going:2, Size:2 In Warehouse: 3
Shipment 7, Source:1, Going:2, Size:2 In Warehouse: 1
Shipment 8, Source:3, Going:1, Size:1, In Truck: 3
Shipment 9, Source:2, Going:3, Size:1, In Truck: 3
Shipment 10, Source:1, Going:3, Size:2 In Warehouse: 3
Shipment 11, Source:2, Going:3, Size:2 In Warehouse: 2
Shipment 12, Source:1, Going:3, Size:1 In Warehouse: 1
Shipment 13, Source:3, Going:1, Size:2 In Warehouse: 1
Shipment 14, Source:1, Going:2, Size:3 In Warehouse: 1
Shipment 15, Source:2, Going:1, Size:3 In Warehouse: 2
Shipment 16, Source:1, Going:2, Size:3 In Warehouse: 1
Shipment 17, Source:3, Going:2, Size:1 In Warehouse: 3
Shipment 18, Source:1, Going:2, Size:1, In Truck: 7
Shipment 19, Source:1, Going:2, Size:3 In Warehouse: 2
Shipment 20, Source:1, Going:2, Size:2, In Truck: 9
Shipment 21, Source:2, Going:1, Size:1, In Truck: 9
Shipment 22, Source:3, Going:1, Size:3, In Truck: 9
Shipment 23, Source:2, Going:3, Size:1 In Warehouse: 3
Shipment 24, Source:2, Going:3, Size:1 In Warehouse: 3
Shipment 25, Source:1, Going:2, Size:3 In Warehouse: 1
Shipment 26, Source:2, Going:1, Size:2 In Warehouse: 1
Shipment 27, Source:3, Going:2, Size:2 In Warehouse: 2
Cycle: 89
Truck 1, [40,14] , Cargo:3/4, Speed:2
 (Id 4 Source: 3, Going: 2, Size:3)
Truck 3, [66,14] , Cargo:1/4, Speed:2
 (Id 8 Source: 3, Going: 1, Size:1)
Truck 5, [74,44] , Cargo:0/5, Speed:1
Truck 7, [48,52] , Cargo:0/5, Speed:1
Truck 9, [71,14] , Cargo:3/3, Speed:3
 (Id 22 Source: 3, Going: 1, Size:3)
WareHouse 1, [82, 34], Docks:1, [Shipment16(3,false), Shipment18(1,true), Shipment19(3,true), Shipment20(2,true), Shipment25(3,false), Shipment3(1,true), Shipment21(1,true), Shipment13(2,true), Shipment26(2,true)]
WareHouse 2, [74, 52], Docks:1, [Shipment24(1,true), Shipment26(2,true), Shipment19(3,true), Shipment27(2,true), Shipment5(2,true), Shipment20(2,true), Shipment18(1,true)]
WareHouse 3, [38, 14], Docks:1, [Shipment17(1,false), Shipment22(3,true), Shipment27(2,true), Shipment23(1,true), Shipment24(1,true), Shipment10(2,true), Shipment9(1,true), Shipment2(2,true)]
Shipment 1, Source:3, Going:2, Size:3 In Warehouse: 3
Shipment 2, Source:2, Going:3, Size:2, In Truck: 1
Shipment 3, Source:2, Going:1, Size:1, In Truck: 1
Shipment 4, Source:3, Going:2, Size:3, In Truck: 1
Shipment 5, Source:3, Going:2, Size:2 In Warehouse: 2
Shipment 6, Source:3, Going:2, Size:2 In Warehouse: 3
Shipment 7, Source:1, Going:2, Size:2 In Warehouse: 1
Shipment 8, Source:3, Going:1, Size:1, In Truck: 3
Shipment 9, Source:2, Going:3, Size:1, In Truck: 3
Shipment 10, Source:1, Going:3, Size:2 In Warehouse: 3
Shipment 11, Source:2, Going:3, Size:2 In Warehouse: 2
Shipment 12, Source:1, Going:3, Size:1 In Warehouse: 1
Shipment 13, Source:3, Going:1, Size:2 In Warehouse: 1
Shipment 14, Source:1, Going:2, Size:3 In Warehouse: 1
Shipment 15, Source:2, Going:1, Size:3 In Warehouse: 2
Shipment 16, Source:1, Going:2, Size:3 In Warehouse: 1
Shipment 17, Source:3, Going:2, Size:1 In Warehouse: 3
Shipment 18, Source:1, Going:2, Size:1, In Truck: 7
Shipment 19, Source:1, Going:2, Size:3 In Warehouse: 2
Shipment 20, Source:1, Going:2, Size:2, In Truck: 9
Shipment 21, Source:2, Going:1, Size:1, In Truck: 9
Shipment 22, Source:3, Going:1, Size:3, In Truck: 9
Shipment 23, Source:2, Going:3, Size:1 In Warehouse: 3
Shipment 24, Source:2, Going:3, Size:1 In Warehouse: 3
Shipment 25, Source:1, Going:2, Size:3 In Warehouse: 1
Shipment 26, Source:2, Going:1, Size:2 In Warehouse: 1
Shipment 27, Source:3, Going:2, Size:2 In Warehouse: 2
Cycle: 90
Truck 1, [42,14] , Cargo:3/4, Speed:2
 (Id 4 Source: 3, Going: 2, Size:3)
Truck 3, [68,14] , Cargo:1/4, Speed:2
 (Id 8 Source: 3, Going: 1, Size:1)
Truck 5, [74,45] , Cargo:0/5, Speed:1
Truck 7, [47,52] , Cargo:0/5, Speed:1
Truck 9, [74,14] , Cargo:3/3, Speed:3
 (Id 22 Source: 3, Going: 1, Size:3)
WareHouse 1, [82, 34], Docks:1, [Shipment16(3,false), Shipment18(1,true), Shipment19(3,true), Shipment20(2,true), Shipment25(3,false), Shipment3(1,true), Shipment21(1,true), Shipment13(2,true), Shipment26(2,true)]
WareHouse 2, [74, 52], Docks:1, [Shipment24(1,true), Shipment26(2,true), Shipment19(3,true), Shipment27(2,true), Shipment5(2,true), Shipment20(2,true), Shipment18(1,true)]
WareHouse 3, [38, 14], Docks:1, [Shipment17(1,false), Shipment22(3,true), Shipment27(2,true), Shipment23(1,true), Shipment24(1,true), Shipment10(2,true), Shipment9(1,true), Shipment2(2,true)]
Shipment 1, Source:3, Going:2, Size:3 In Warehouse: 3
Shipment 2, Source:2, Going:3, Size:2, In Truck: 1
Shipment 3, Source:2, Going:1, Size:1, In Truck: 1
Shipment 4, Source:3, Going:2, Size:3, In Truck: 1
Shipment 5, Source:3, Going:2, Size:2 In Warehouse: 2
Shipment 6, Source:3, Going:2, Size:2 In Warehouse: 3
Shipment 7, Source:1, Going:2, Size:2 In Warehouse: 1
Shipment 8, Source:3, Going:1, Size:1, In Truck: 3
Shipment 9, Source:2, Going:3, Size:1, In Truck: 3
Shipment 10, Source:1, Going:3, Size:2 In Warehouse: 3
Shipment 11, Source:2, Going:3, Size:2 In Warehouse: 2
Shipment 12, Source:1, Going:3, Size:1 In Warehouse: 1
Shipment 13, Source:3, Going:1, Size:2 In Warehouse: 1
Shipment 14, Source:1, Going:2, Size:3 In Warehouse: 1
Shipment 15, Source:2, Going:1, Size:3 In Warehouse: 2
Shipment 16, Source:1, Going:2, Size:3 In Warehouse: 1
Shipment 17, Source:3, Going:2, Size:1 In Warehouse: 3
Shipment 18, Source:1, Going:2, Size:1, In Truck: 7
Shipment 19, Source:1, Going:2, Size:3 In Warehouse: 2
Shipment 20, Source:1, Going:2, Size:2, In Truck: 9
Shipment 21, Source:2, Going:1, Size:1, In Truck: 9
Shipment 22, Source:3, Going:1, Size:3, In Truck: 9
Shipment 23, Source:2, Going:3, Size:1 In Warehouse: 3
Shipment 24, Source:2, Going:3, Size:1 In Warehouse: 3
Shipment 25, Source:1, Going:2, Size:3 In Warehouse: 1
Shipment 26, Source:2, Going:1, Size:2 In Warehouse: 1
Shipment 27, Source:3, Going:2, Size:2 In Warehouse: 2
Cycle: 91
Truck 1, [44,14] , Cargo:3/4, Speed:2
 (Id 4 Source: 3, Going: 2, Size:3)
Truck 3, [70,14] , Cargo:1/4, Speed:2
 (Id 8 Source: 3, Going: 1, Size:1)
Truck 5, [74,46] , Cargo:0/5, Speed:1
Truck 7, [46,52] , Cargo:0/5, Speed:1
Truck 9, [77,14] , Cargo:3/3, Speed:3
 (Id 22 Source: 3, Going: 1, Size:3)
WareHouse 1, [82, 34], Docks:1, [Shipment16(3,false), Shipment18(1,true), Shipment19(3,true), Shipment20(2,true), Shipment25(3,false), Shipment3(1,true), Shipment21(1,true), Shipment13(2,true), Shipment26(2,true)]
WareHouse 2, [74, 52], Docks:1, [Shipment24(1,true), Shipment26(2,true), Shipment19(3,true), Shipment27(2,true), Shipment5(2,true), Shipment20(2,true), Shipment18(1,true)]
WareHouse 3, [38, 14], Docks:1, [Shipment17(1,false), Shipment22(3,true), Shipment27(2,true), Shipment23(1,true), Shipment24(1,true), Shipment10(2,true), Shipment9(1,true), Shipment2(2,true)]
Shipment 1, Source:3, Going:2, Size:3 In Warehouse: 3
Shipment 2, Source:2, Going:3, Size:2, In Truck: 1
Shipment 3, Source:2, Going:1, Size:1, In Truck: 1
Shipment 4, Source:3, Going:2, Size:3, In Truck: 1
Shipment 5, Source:3, Going:2, Size:2 In Warehouse: 2
Shipment 6, Source:3, Going:2, Size:2 In Warehouse: 3
Shipment 7, Source:1, Going:2, Size:2 In Warehouse: 1
Shipment 8, Source:3, Going:1, Size:1, In Truck: 3
Shipment 9, Source:2, Going:3, Size:1, In Truck: 3
Shipment 10, Source:1, Going:3, Size:2 In Warehouse: 3
Shipment 11, Source:2, Going:3, Size:2 In Warehouse: 2
Shipment 12, Source:1, Going:3, Size:1 In Warehouse: 1
Shipment 13, Source:3, Going:1, Size:2 In Warehouse: 1
Shipment 14, Source:1, Going:2, Size:3 In Warehouse: 1
Shipment 15, Source:2, Going:1, Size:3 In Warehouse: 2
Shipment 16, Source:1, Going:2, Size:3 In Warehouse: 1
Shipment 17, Source:3, Going:2, Size:1 In Warehouse: 3
Shipment 18, Source:1, Going:2, Size:1, In Truck: 7
Shipment 19, Source:1, Going:2, Size:3 In Warehouse: 2
Shipment 20, Source:1, Going:2, Size:2, In Truck: 9
Shipment 21, Source:2, Going:1, Size:1, In Truck: 9
Shipment 22, Source:3, Going:1, Size:3, In Truck: 9
Shipment 23, Source:2, Going:3, Size:1 In Warehouse: 3
Shipment 24, Source:2, Going:3, Size:1 In Warehouse: 3
Shipment 25, Source:1, Going:2, Size:3 In Warehouse: 1
Shipment 26, Source:2, Going:1, Size:2 In Warehouse: 1
Shipment 27, Source:3, Going:2, Size:2 In Warehouse: 2
Cycle: 92
Truck 1, [46,14] , Cargo:3/4, Speed:2
 (Id 4 Source: 3, Going: 2, Size:3)
Truck 3, [72,14] , Cargo:1/4, Speed:2
 (Id 8 Source: 3, Going: 1, Size:1)
Truck 5, [74,47] , Cargo:0/5, Speed:1
Truck 7, [45,52] , Cargo:0/5, Speed:1
Truck 9, [80,14] , Cargo:3/3, Speed:3
 (Id 22 Source: 3, Going: 1, Size:3)
WareHouse 1, [82, 34], Docks:1, [Shipment16(3,false), Shipment18(1,true), Shipment19(3,true), Shipment20(2,true), Shipment25(3,false), Shipment3(1,true), Shipment21(1,true), Shipment13(2,true), Shipment26(2,true)]
WareHouse 2, [74, 52], Docks:1, [Shipment24(1,true), Shipment26(2,true), Shipment19(3,true), Shipment27(2,true), Shipment5(2,true), Shipment20(2,true), Shipment18(1,true)]
WareHouse 3, [38, 14], Docks:1, [Shipment17(1,false), Shipment22(3,true), Shipment27(2,true), Shipment23(1,true), Shipment24(1,true), Shipment10(2,true), Shipment9(1,true), Shipment2(2,true)]
Shipment 1, Source:3, Going:2, Size:3 In Warehouse: 3
Shipment 2, Source:2, Going:3, Size:2, In Truck: 1
Shipment 3, Source:2, Going:1, Size:1, In Truck: 1
Shipment 4, Source:3, Going:2, Size:3, In Truck: 1
Shipment 5, Source:3, Going:2, Size:2 In Warehouse: 2
Shipment 6, Source:3, Going:2, Size:2 In Warehouse: 3
Shipment 7, Source:1, Going:2, Size:2 In Warehouse: 1
Shipment 8, Source:3, Going:1, Size:1, In Truck: 3
Shipment 9, Source:2, Going:3, Size:1, In Truck: 3
Shipment 10, Source:1, Going:3, Size:2 In Warehouse: 3
Shipment 11, Source:2, Going:3, Size:2 In Warehouse: 2
Shipment 12, Source:1, Going:3, Size:1 In Warehouse: 1
Shipment 13, Source:3, Going:1, Size:2 In Warehouse: 1
Shipment 14, Source:1, Going:2, Size:3 In Warehouse: 1
Shipment 15, Source:2, Going:1, Size:3 In Warehouse: 2
Shipment 16, Source:1, Going:2, Size:3 In Warehouse: 1
Shipment 17, Source:3, Going:2, Size:1 In Warehouse: 3
Shipment 18, Source:1, Going:2, Size:1, In Truck: 7
Shipment 19, Source:1, Going:2, Size:3 In Warehouse: 2
Shipment 20, Source:1, Going:2, Size:2, In Truck: 9
Shipment 21, Source:2, Going:1, Size:1, In Truck: 9
Shipment 22, Source:3, Going:1, Size:3, In Truck: 9
Shipment 23, Source:2, Going:3, Size:1 In Warehouse: 3
Shipment 24, Source:2, Going:3, Size:1 In Warehouse: 3
Shipment 25, Source:1, Going:2, Size:3 In Warehouse: 1
Shipment 26, Source:2, Going:1, Size:2 In Warehouse: 1
Shipment 27, Source:3, Going:2, Size:2 In Warehouse: 2
Cycle: 93
Truck 1, [48,14] , Cargo:3/4, Speed:2
 (Id 4 Source: 3, Going: 2, Size:3)
Truck 3, [74,14] , Cargo:1/4, Speed:2
 (Id 8 Source: 3, Going: 1, Size:1)
Truck 5, [74,48] , Cargo:0/5, Speed:1
Truck 7, [44,52] , Cargo:0/5, Speed:1
Truck 9, [82,14] , Cargo:3/3, Speed:3
 (Id 22 Source: 3, Going: 1, Size:3)
WareHouse 1, [82, 34], Docks:1, [Shipment16(3,false), Shipment18(1,true), Shipment19(3,true), Shipment20(2,true), Shipment25(3,false), Shipment3(1,true), Shipment21(1,true), Shipment13(2,true), Shipment26(2,true)]
WareHouse 2, [74, 52], Docks:1, [Shipment24(1,true), Shipment26(2,true), Shipment19(3,true), Shipment27(2,true), Shipment5(2,true), Shipment20(2,true), Shipment18(1,true)]
WareHouse 3, [38, 14], Docks:1, [Shipment17(1,false), Shipment22(3,true), Shipment27(2,true), Shipment23(1,true), Shipment24(1,true), Shipment10(2,true), Shipment9(1,true), Shipment2(2,true)]
Shipment 1, Source:3, Going:2, Size:3 In Warehouse: 3
Shipment 2, Source:2, Going:3, Size:2, In Truck: 1
Shipment 3, Source:2, Going:1, Size:1, In Truck: 1
Shipment 4, Source:3, Going:2, Size:3, In Truck: 1
Shipment 5, Source:3, Going:2, Size:2 In Warehouse: 2
Shipment 6, Source:3, Going:2, Size:2 In Warehouse: 3
Shipment 7, Source:1, Going:2, Size:2 In Warehouse: 1
Shipment 8, Source:3, Going:1, Size:1, In Truck: 3
Shipment 9, Source:2, Going:3, Size:1, In Truck: 3
Shipment 10, Source:1, Going:3, Size:2 In Warehouse: 3
Shipment 11, Source:2, Going:3, Size:2 In Warehouse: 2
Shipment 12, Source:1, Going:3, Size:1 In Warehouse: 1
Shipment 13, Source:3, Going:1, Size:2 In Warehouse: 1
Shipment 14, Source:1, Going:2, Size:3 In Warehouse: 1
Shipment 15, Source:2, Going:1, Size:3 In Warehouse: 2
Shipment 16, Source:1, Going:2, Size:3 In Warehouse: 1
Shipment 17, Source:3, Going:2, Size:1 In Warehouse: 3
Shipment 18, Source:1, Going:2, Size:1, In Truck: 7
Shipment 19, Source:1, Going:2, Size:3 In Warehouse: 2
Shipment 20, Source:1, Going:2, Size:2, In Truck: 9
Shipment 21, Source:2, Going:1, Size:1, In Truck: 9
Shipment 22, Source:3, Going:1, Size:3, In Truck: 9
Shipment 23, Source:2, Going:3, Size:1 In Warehouse: 3
Shipment 24, Source:2, Going:3, Size:1 In Warehouse: 3
Shipment 25, Source:1, Going:2, Size:3 In Warehouse: 1
Shipment 26, Source:2, Going:1, Size:2 In Warehouse: 1
Shipment 27, Source:3, Going:2, Size:2 In Warehouse: 2
Cycle: 94
Truck 1, [50,14] , Cargo:3/4, Speed:2
 (Id 4 Source: 3, Going: 2, Size:3)
Truck 3, [76,14] , Cargo:1/4, Speed:2
 (Id 8 Source: 3, Going: 1, Size:1)
Truck 5, [74,49] , Cargo:0/5, Speed:1
Truck 7, [43,52] , Cargo:0/5, Speed:1
Truck 9, [82,17] , Cargo:3/3, Speed:3
 (Id 22 Source: 3, Going: 1, Size:3)
WareHouse 1, [82, 34], Docks:1, [Shipment16(3,false), Shipment18(1,true), Shipment19(3,true), Shipment20(2,true), Shipment25(3,false), Shipment3(1,true), Shipment21(1,true), Shipment13(2,true), Shipment26(2,true)]
WareHouse 2, [74, 52], Docks:1, [Shipment24(1,true), Shipment26(2,true), Shipment19(3,true), Shipment27(2,true), Shipment5(2,true), Shipment20(2,true), Shipment18(1,true)]
WareHouse 3, [38, 14], Docks:1, [Shipment17(1,false), Shipment22(3,true), Shipment27(2,true), Shipment23(1,true), Shipment24(1,true), Shipment10(2,true), Shipment9(1,true), Shipment2(2,true)]
Shipment 1, Source:3, Going:2, Size:3 In Warehouse: 3
Shipment 2, Source:2, Going:3, Size:2, In Truck: 1
Shipment 3, Source:2, Going:1, Size:1, In Truck: 1
Shipment 4, Source:3, Going:2, Size:3, In Truck: 1
Shipment 5, Source:3, Going:2, Size:2 In Warehouse: 2
Shipment 6, Source:3, Going:2, Size:2 In Warehouse: 3
Shipment 7, Source:1, Going:2, Size:2 In Warehouse: 1
Shipment 8, Source:3, Going:1, Size:1, In Truck: 3
Shipment 9, Source:2, Going:3, Size:1, In Truck: 3
Shipment 10, Source:1, Going:3, Size:2 In Warehouse: 3
Shipment 11, Source:2, Going:3, Size:2 In Warehouse: 2
Shipment 12, Source:1, Going:3, Size:1 In Warehouse: 1
Shipment 13, Source:3, Going:1, Size:2 In Warehouse: 1
Shipment 14, Source:1, Going:2, Size:3 In Warehouse: 1
Shipment 15, Source:2, Going:1, Size:3 In Warehouse: 2
Shipment 16, Source:1, Going:2, Size:3 In Warehouse: 1
Shipment 17, Source:3, Going:2, Size:1 In Warehouse: 3
Shipment 18, Source:1, Going:2, Size:1, In Truck: 7
Shipment 19, Source:1, Going:2, Size:3 In Warehouse: 2
Shipment 20, Source:1, Going:2, Size:2, In Truck: 9
Shipment 21, Source:2, Going:1, Size:1, In Truck: 9
Shipment 22, Source:3, Going:1, Size:3, In Truck: 9
Shipment 23, Source:2, Going:3, Size:1 In Warehouse: 3
Shipment 24, Source:2, Going:3, Size:1 In Warehouse: 3
Shipment 25, Source:1, Going:2, Size:3 In Warehouse: 1
Shipment 26, Source:2, Going:1, Size:2 In Warehouse: 1
Shipment 27, Source:3, Going:2, Size:2 In Warehouse: 2
Cycle: 95
Truck 1, [52,14] , Cargo:3/4, Speed:2
 (Id 4 Source: 3, Going: 2, Size:3)
Truck 3, [78,14] , Cargo:1/4, Speed:2
 (Id 8 Source: 3, Going: 1, Size:1)
Truck 5, [74,50] , Cargo:0/5, Speed:1
Truck 7, [42,52] , Cargo:0/5, Speed:1
Truck 9, [82,20] , Cargo:3/3, Speed:3
 (Id 22 Source: 3, Going: 1, Size:3)
WareHouse 1, [82, 34], Docks:1, [Shipment16(3,false), Shipment18(1,true), Shipment19(3,true), Shipment20(2,true), Shipment25(3,false), Shipment3(1,true), Shipment21(1,true), Shipment13(2,true), Shipment26(2,true)]
WareHouse 2, [74, 52], Docks:1, [Shipment24(1,true), Shipment26(2,true), Shipment19(3,true), Shipment27(2,true), Shipment5(2,true), Shipment20(2,true), Shipment18(1,true)]
WareHouse 3, [38, 14], Docks:1, [Shipment17(1,false), Shipment22(3,true), Shipment27(2,true), Shipment23(1,true), Shipment24(1,true), Shipment10(2,true), Shipment9(1,true), Shipment2(2,true)]
Shipment 1, Source:3, Going:2, Size:3 In Warehouse: 3
Shipment 2, Source:2, Going:3, Size:2, In Truck: 1
Shipment 3, Source:2, Going:1, Size:1, In Truck: 1
Shipment 4, Source:3, Going:2, Size:3, In Truck: 1
Shipment 5, Source:3, Going:2, Size:2 In Warehouse: 2
Shipment 6, Source:3, Going:2, Size:2 In Warehouse: 3
Shipment 7, Source:1, Going:2, Size:2 In Warehouse: 1
Shipment 8, Source:3, Going:1, Size:1, In Truck: 3
Shipment 9, Source:2, Going:3, Size:1, In Truck: 3
Shipment 10, Source:1, Going:3, Size:2 In Warehouse: 3
Shipment 11, Source:2, Going:3, Size:2 In Warehouse: 2
Shipment 12, Source:1, Going:3, Size:1 In Warehouse: 1
Shipment 13, Source:3, Going:1, Size:2 In Warehouse: 1
Shipment 14, Source:1, Going:2, Size:3 In Warehouse: 1
Shipment 15, Source:2, Going:1, Size:3 In Warehouse: 2
Shipment 16, Source:1, Going:2, Size:3 In Warehouse: 1
Shipment 17, Source:3, Going:2, Size:1 In Warehouse: 3
Shipment 18, Source:1, Going:2, Size:1, In Truck: 7
Shipment 19, Source:1, Going:2, Size:3 In Warehouse: 2
Shipment 20, Source:1, Going:2, Size:2, In Truck: 9
Shipment 21, Source:2, Going:1, Size:1, In Truck: 9
Shipment 22, Source:3, Going:1, Size:3, In Truck: 9
Shipment 23, Source:2, Going:3, Size:1 In Warehouse: 3
Shipment 24, Source:2, Going:3, Size:1 In Warehouse: 3
Shipment 25, Source:1, Going:2, Size:3 In Warehouse: 1
Shipment 26, Source:2, Going:1, Size:2 In Warehouse: 1
Shipment 27, Source:3, Going:2, Size:2 In Warehouse: 2
Cycle: 96
Truck 1, [54,14] , Cargo:3/4, Speed:2
 (Id 4 Source: 3, Going: 2, Size:3)
Truck 3, [80,14] , Cargo:1/4, Speed:2
 (Id 8 Source: 3, Going: 1, Size:1)
Truck 5, [74,51] , Cargo:0/5, Speed:1
Truck 7, [41,52] , Cargo:0/5, Speed:1
Truck 9, [82,23] , Cargo:3/3, Speed:3
 (Id 22 Source: 3, Going: 1, Size:3)
WareHouse 1, [82, 34], Docks:1, [Shipment16(3,false), Shipment18(1,true), Shipment19(3,true), Shipment20(2,true), Shipment25(3,false), Shipment3(1,true), Shipment21(1,true), Shipment13(2,true), Shipment26(2,true)]
WareHouse 2, [74, 52], Docks:1, [Shipment24(1,true), Shipment26(2,true), Shipment19(3,true), Shipment27(2,true), Shipment5(2,true), Shipment20(2,true), Shipment18(1,true)]
WareHouse 3, [38, 14], Docks:1, [Shipment17(1,false), Shipment22(3,true), Shipment27(2,true), Shipment23(1,true), Shipment24(1,true), Shipment10(2,true), Shipment9(1,true), Shipment2(2,true)]
Shipment 1, Source:3, Going:2, Size:3 In Warehouse: 3
Shipment 2, Source:2, Going:3, Size:2, In Truck: 1
Shipment 3, Source:2, Going:1, Size:1, In Truck: 1
Shipment 4, Source:3, Going:2, Size:3, In Truck: 1
Shipment 5, Source:3, Going:2, Size:2 In Warehouse: 2
Shipment 6, Source:3, Going:2, Size:2 In Warehouse: 3
Shipment 7, Source:1, Going:2, Size:2 In Warehouse: 1
Shipment 8, Source:3, Going:1, Size:1, In Truck: 3
Shipment 9, Source:2, Going:3, Size:1, In Truck: 3
Shipment 10, Source:1, Going:3, Size:2 In Warehouse: 3
Shipment 11, Source:2, Going:3, Size:2 In Warehouse: 2
Shipment 12, Source:1, Going:3, Size:1 In Warehouse: 1
Shipment 13, Source:3, Going:1, Size:2 In Warehouse: 1
Shipment 14, Source:1, Going:2, Size:3 In Warehouse: 1
Shipment 15, Source:2, Going:1, Size:3 In Warehouse: 2
Shipment 16, Source:1, Going:2, Size:3 In Warehouse: 1
Shipment 17, Source:3, Going:2, Size:1 In Warehouse: 3
Shipment 18, Source:1, Going:2, Size:1, In Truck: 7
Shipment 19, Source:1, Going:2, Size:3 In Warehouse: 2
Shipment 20, Source:1, Going:2, Size:2, In Truck: 9
Shipment 21, Source:2, Going:1, Size:1, In Truck: 9
Shipment 22, Source:3, Going:1, Size:3, In Truck: 9
Shipment 23, Source:2, Going:3, Size:1 In Warehouse: 3
Shipment 24, Source:2, Going:3, Size:1 In Warehouse: 3
Shipment 25, Source:1, Going:2, Size:3 In Warehouse: 1
Shipment 26, Source:2, Going:1, Size:2 In Warehouse: 1
Shipment 27, Source:3, Going:2, Size:2 In Warehouse: 2
Cycle: 97
Truck 1, [56,14] , Cargo:3/4, Speed:2
 (Id 4 Source: 3, Going: 2, Size:3)
Truck 3, [82,14] , Cargo:1/4, Speed:2
 (Id 8 Source: 3, Going: 1, Size:1)
Truck 5, [74,52] , Cargo:0/5, Speed:1
Truck 7, [40,52] , Cargo:0/5, Speed:1
Truck 9, [82,26] , Cargo:3/3, Speed:3
 (Id 22 Source: 3, Going: 1, Size:3)
WareHouse 1, [82, 34], Docks:1, [Shipment16(3,false), Shipment18(1,true), Shipment19(3,true), Shipment20(2,true), Shipment25(3,false), Shipment3(1,true), Shipment21(1,true), Shipment13(2,true), Shipment26(2,true)]
WareHouse 2, [74, 52], Docks:1, [Shipment24(1,true), Shipment26(2,true), Shipment19(3,true), Shipment27(2,true), Shipment5(2,true), Shipment20(2,true), Shipment18(1,true)]
WareHouse 3, [38, 14], Docks:1, [Shipment17(1,false), Shipment22(3,true), Shipment27(2,true), Shipment23(1,true), Shipment24(1,true), Shipment10(2,true), Shipment9(1,true), Shipment2(2,true)]
Shipment 1, Source:3, Going:2, Size:3 In Warehouse: 3
Shipment 2, Source:2, Going:3, Size:2, In Truck: 1
Shipment 3, Source:2, Going:1, Size:1, In Truck: 1
Shipment 4, Source:3, Going:2, Size:3, In Truck: 1
Shipment 5, Source:3, Going:2, Size:2 In Warehouse: 2
Shipment 6, Source:3, Going:2, Size:2 In Warehouse: 3
Shipment 7, Source:1, Going:2, Size:2 In Warehouse: 1
Shipment 8, Source:3, Going:1, Size:1, In Truck: 3
Shipment 9, Source:2, Going:3, Size:1, In Truck: 3
Shipment 10, Source:1, Going:3, Size:2 In Warehouse: 3
Shipment 11, Source:2, Going:3, Size:2 In Warehouse: 2
Shipment 12, Source:1, Going:3, Size:1 In Warehouse: 1
Shipment 13, Source:3, Going:1, Size:2 In Warehouse: 1
Shipment 14, Source:1, Going:2, Size:3 In Warehouse: 1
Shipment 15, Source:2, Going:1, Size:3 In Warehouse: 2
Shipment 16, Source:1, Going:2, Size:3 In Warehouse: 1
Shipment 17, Source:3, Going:2, Size:1 In Warehouse: 3
Shipment 18, Source:1, Going:2, Size:1, In Truck: 7
Shipment 19, Source:1, Going:2, Size:3 In Warehouse: 2
Shipment 20, Source:1, Going:2, Size:2, In Truck: 9
Shipment 21, Source:2, Going:1, Size:1, In Truck: 9
Shipment 22, Source:3, Going:1, Size:3, In Truck: 9
Shipment 23, Source:2, Going:3, Size:1 In Warehouse: 3
Shipment 24, Source:2, Going:3, Size:1 In Warehouse: 3
Shipment 25, Source:1, Going:2, Size:3 In Warehouse: 1
Shipment 26, Source:2, Going:1, Size:2 In Warehouse: 1
Shipment 27, Source:3, Going:2, Size:2 In Warehouse: 2
Cycle: 98
Truck 1, [58,14] , Cargo:3/4, Speed:2
 (Id 4 Source: 3, Going: 2, Size:3)
Truck 3, [82,16] , Cargo:1/4, Speed:2
 (Id 8 Source: 3, Going: 1, Size:1)
Truck 5, [74,52] , Cargo:0/5, Speed:1
Truck 7, [39,52] , Cargo:0/5, Speed:1
Truck 9, [82,29] , Cargo:3/3, Speed:3
 (Id 22 Source: 3, Going: 1, Size:3)
WareHouse 1, [82, 34], Docks:1, [Shipment16(3,false), Shipment18(1,true), Shipment19(3,true), Shipment20(2,true), Shipment25(3,false), Shipment3(1,true), Shipment21(1,true), Shipment13(2,true), Shipment26(2,true)]
WareHouse 2, [74, 52], Docks:1, [Shipment24(1,true), Shipment26(2,true), Shipment19(3,true), Shipment27(2,true), Shipment5(2,true), Shipment20(2,true), Shipment18(1,true)]
WareHouse 3, [38, 14], Docks:1, [Shipment17(1,false), Shipment22(3,true), Shipment27(2,true), Shipment23(1,true), Shipment24(1,true), Shipment10(2,true), Shipment9(1,true), Shipment2(2,true)]
Shipment 1, Source:3, Going:2, Size:3 In Warehouse: 3
Shipment 2, Source:2, Going:3, Size:2, In Truck: 1
Shipment 3, Source:2, Going:1, Size:1, In Truck: 1
Shipment 4, Source:3, Going:2, Size:3, In Truck: 1
Shipment 5, Source:3, Going:2, Size:2 In Warehouse: 2
Shipment 6, Source:3, Going:2, Size:2 In Warehouse: 3
Shipment 7, Source:1, Going:2, Size:2 In Warehouse: 1
Shipment 8, Source:3, Going:1, Size:1, In Truck: 3
Shipment 9, Source:2, Going:3, Size:1, In Truck: 3
Shipment 10, Source:1, Going:3, Size:2 In Warehouse: 3
Shipment 11, Source:2, Going:3, Size:2 In Warehouse: 2
Shipment 12, Source:1, Going:3, Size:1 In Warehouse: 1
Shipment 13, Source:3, Going:1, Size:2 In Warehouse: 1
Shipment 14, Source:1, Going:2, Size:3 In Warehouse: 1
Shipment 15, Source:2, Going:1, Size:3 In Warehouse: 2
Shipment 16, Source:1, Going:2, Size:3 In Warehouse: 1
Shipment 17, Source:3, Going:2, Size:1 In Warehouse: 3
Shipment 18, Source:1, Going:2, Size:1, In Truck: 7
Shipment 19, Source:1, Going:2, Size:3 In Warehouse: 2
Shipment 20, Source:1, Going:2, Size:2, In Truck: 9
Shipment 21, Source:2, Going:1, Size:1, In Truck: 9
Shipment 22, Source:3, Going:1, Size:3, In Truck: 9
Shipment 23, Source:2, Going:3, Size:1 In Warehouse: 3
Shipment 24, Source:2, Going:3, Size:1 In Warehouse: 3
Shipment 25, Source:1, Going:2, Size:3 In Warehouse: 1
Shipment 26, Source:2, Going:1, Size:2 In Warehouse: 1
Shipment 27, Source:3, Going:2, Size:2 In Warehouse: 2
Cycle: 99
Truck 1, [60,14] , Cargo:3/4, Speed:2
 (Id 4 Source: 3, Going: 2, Size:3)
Truck 3, [82,18] , Cargo:1/4, Speed:2
 (Id 8 Source: 3, Going: 1, Size:1)
Truck 5, [74,52] , Cargo:0/5, Speed:1
Truck 7, [38,52] , Cargo:0/5, Speed:1
Truck 9, [82,32] , Cargo:3/3, Speed:3
 (Id 22 Source: 3, Going: 1, Size:3)
WareHouse 1, [82, 34], Docks:1, [Shipment16(3,false), Shipment18(1,true), Shipment19(3,true), Shipment20(2,true), Shipment25(3,false), Shipment3(1,true), Shipment21(1,true), Shipment13(2,true), Shipment26(2,true)]
WareHouse 2, [74, 52], Docks:1, [Shipment24(1,true), Shipment26(2,true), Shipment19(3,true), Shipment27(2,true), Shipment5(2,true), Shipment20(2,true), Shipment18(1,true)]
WareHouse 3, [38, 14], Docks:1, [Shipment17(1,false), Shipment22(3,true), Shipment27(2,true), Shipment23(1,true), Shipment24(1,true), Shipment10(2,true), Shipment9(1,true), Shipment2(2,true)]
Shipment 1, Source:3, Going:2, Size:3 In Warehouse: 3
Shipment 2, Source:2, Going:3, Size:2, In Truck: 1
Shipment 3, Source:2, Going:1, Size:1, In Truck: 1
Shipment 4, Source:3, Going:2, Size:3, In Truck: 1
Shipment 5, Source:3, Going:2, Size:2 In Warehouse: 2
Shipment 6, Source:3, Going:2, Size:2 In Warehouse: 3
Shipment 7, Source:1, Going:2, Size:2 In Warehouse: 1
Shipment 8, Source:3, Going:1, Size:1, In Truck: 3
Shipment 9, Source:2, Going:3, Size:1, In Truck: 3
Shipment 10, Source:1, Going:3, Size:2 In Warehouse: 3
Shipment 11, Source:2, Going:3, Size:2 In Warehouse: 2
Shipment 12, Source:1, Going:3, Size:1 In Warehouse: 1
Shipment 13, Source:3, Going:1, Size:2 In Warehouse: 1
Shipment 14, Source:1, Going:2, Size:3 In Warehouse: 1
Shipment 15, Source:2, Going:1, Size:3 In Warehouse: 2
Shipment 16, Source:1, Going:2, Size:3 In Warehouse: 1
Shipment 17, Source:3, Going:2, Size:1 In Warehouse: 3
Shipment 18, Source:1, Going:2, Size:1, In Truck: 7
Shipment 19, Source:1, Going:2, Size:3 In Warehouse: 2
Shipment 20, Source:1, Going:2, Size:2, In Truck: 9
Shipment 21, Source:2, Going:1, Size:1, In Truck: 9
Shipment 22, Source:3, Going:1, Size:3, In Truck: 9
Shipment 23, Source:2, Going:3, Size:1 In Warehouse: 3
Shipment 24, Source:2, Going:3, Size:1 In Warehouse: 3
Shipment 25, Source:1, Going:2, Size:3 In Warehouse: 1
Shipment 26, Source:2, Going:1, Size:2 In Warehouse: 1
Shipment 27, Source:3, Going:2, Size:2 In Warehouse: 2
Cycle: 100
Truck 1, [62,14] , Cargo:3/4, Speed:2
 (Id 4 Source: 3, Going: 2, Size:3)
Truck 3, [82,20] , Cargo:1/4, Speed:2
 (Id 8 Source: 3, Going: 1, Size:1)
Truck 5, [74,52] , Cargo:2/5, Speed:1
 (Id 11 Source: 2, Going: 3, Size:2)
Truck 7, [38,51] , Cargo:0/5, Speed:1
Truck 9, [82,34] , Cargo:3/3, Speed:3
 (Id 22 Source: 3, Going: 1, Size:3)
WareHouse 1, [82, 34], Docks:1, [Shipment16(3,false), Shipment18(1,true), Shipment19(3,true), Shipment20(2,true), Shipment25(3,false), Shipment3(1,true), Shipment21(1,true), Shipment13(2,true), Shipment26(2,true)]
WareHouse 2, [74, 52], Docks:1, [Shipment26(2,true), Shipment19(3,true), Shipment27(2,true), Shipment5(2,true), Shipment20(2,true), Shipment18(1,true)]
WareHouse 3, [38, 14], Docks:1, [Shipment17(1,false), Shipment22(3,true), Shipment27(2,true), Shipment23(1,true), Shipment24(1,true), Shipment10(2,true), Shipment9(1,true), Shipment2(2,true)]
Shipment 1, Source:3, Going:2, Size:3 In Warehouse: 3
Shipment 2, Source:2, Going:3, Size:2, In Truck: 1
Shipment 3, Source:2, Going:1, Size:1, In Truck: 1
Shipment 4, Source:3, Going:2, Size:3, In Truck: 1
Shipment 5, Source:3, Going:2, Size:2 In Warehouse: 2
Shipment 6, Source:3, Going:2, Size:2 In Warehouse: 3
Shipment 7, Source:1, Going:2, Size:2 In Warehouse: 1
Shipment 8, Source:3, Going:1, Size:1, In Truck: 3
Shipment 9, Source:2, Going:3, Size:1, In Truck: 3
Shipment 10, Source:1, Going:3, Size:2 In Warehouse: 3
Shipment 11, Source:2, Going:3, Size:2, In Truck: 5
Shipment 12, Source:1, Going:3, Size:1 In Warehouse: 1
Shipment 13, Source:3, Going:1, Size:2 In Warehouse: 1
Shipment 14, Source:1, Going:2, Size:3 In Warehouse: 1
Shipment 15, Source:2, Going:1, Size:3 In Warehouse: 2
Shipment 16, Source:1, Going:2, Size:3 In Warehouse: 1
Shipment 17, Source:3, Going:2, Size:1 In Warehouse: 3
Shipment 18, Source:1, Going:2, Size:1, In Truck: 7
Shipment 19, Source:1, Going:2, Size:3 In Warehouse: 2
Shipment 20, Source:1, Going:2, Size:2, In Truck: 9
Shipment 21, Source:2, Going:1, Size:1, In Truck: 9
Shipment 22, Source:3, Going:1, Size:3, In Truck: 9
Shipment 23, Source:2, Going:3, Size:1 In Warehouse: 3
Shipment 24, Source:2, Going:3, Size:1 In Warehouse: 3
Shipment 25, Source:1, Going:2, Size:3 In Warehouse: 1
Shipment 26, Source:2, Going:1, Size:2 In Warehouse: 1
Shipment 27, Source:3, Going:2, Size:2 In Warehouse: 2
Cycle: 101
Truck 1, [64,14] , Cargo:3/4, Speed:2
 (Id 4 Source: 3, Going: 2, Size:3)
Truck 3, [82,22] , Cargo:1/4, Speed:2
 (Id 8 Source: 3, Going: 1, Size:1)
Truck 5, [73,52] , Cargo:2/5, Speed:1
 (Id 11 Source: 2, Going: 3, Size:2)
Truck 7, [38,50] , Cargo:0/5, Speed:1
Truck 9, [82,34] , Cargo:3/3, Speed:3
 (Id 22 Source: 3, Going: 1, Size:3)
WareHouse 1, [82, 34], Docks:1, [Shipment16(3,false), Shipment18(1,true), Shipment19(3,true), Shipment20(2,true), Shipment25(3,false), Shipment3(1,true), Shipment21(1,true), Shipment13(2,true), Shipment26(2,true)]
WareHouse 2, [74, 52], Docks:1, [Shipment26(2,true), Shipment19(3,true), Shipment27(2,true), Shipment5(2,true), Shipment20(2,true), Shipment18(1,true)]
WareHouse 3, [38, 14], Docks:1, [Shipment17(1,false), Shipment22(3,true), Shipment27(2,true), Shipment23(1,true), Shipment24(1,true), Shipment10(2,true), Shipment9(1,true), Shipment2(2,true)]
Shipment 1, Source:3, Going:2, Size:3 In Warehouse: 3
Shipment 2, Source:2, Going:3, Size:2, In Truck: 1
Shipment 3, Source:2, Going:1, Size:1, In Truck: 1
Shipment 4, Source:3, Going:2, Size:3, In Truck: 1
Shipment 5, Source:3, Going:2, Size:2 In Warehouse: 2
Shipment 6, Source:3, Going:2, Size:2 In Warehouse: 3
Shipment 7, Source:1, Going:2, Size:2 In Warehouse: 1
Shipment 8, Source:3, Going:1, Size:1, In Truck: 3
Shipment 9, Source:2, Going:3, Size:1, In Truck: 3
Shipment 10, Source:1, Going:3, Size:2 In Warehouse: 3
Shipment 11, Source:2, Going:3, Size:2, In Truck: 5
Shipment 12, Source:1, Going:3, Size:1 In Warehouse: 1
Shipment 13, Source:3, Going:1, Size:2 In Warehouse: 1
Shipment 14, Source:1, Going:2, Size:3 In Warehouse: 1
Shipment 15, Source:2, Going:1, Size:3 In Warehouse: 2
Shipment 16, Source:1, Going:2, Size:3 In Warehouse: 1
Shipment 17, Source:3, Going:2, Size:1 In Warehouse: 3
Shipment 18, Source:1, Going:2, Size:1, In Truck: 7
Shipment 19, Source:1, Going:2, Size:3 In Warehouse: 2
Shipment 20, Source:1, Going:2, Size:2, In Truck: 9
Shipment 21, Source:2, Going:1, Size:1, In Truck: 9
Shipment 22, Source:3, Going:1, Size:3, In Truck: 9
Shipment 23, Source:2, Going:3, Size:1 In Warehouse: 3
Shipment 24, Source:2, Going:3, Size:1 In Warehouse: 3
Shipment 25, Source:1, Going:2, Size:3 In Warehouse: 1
Shipment 26, Source:2, Going:1, Size:2 In Warehouse: 1
Shipment 27, Source:3, Going:2, Size:2 In Warehouse: 2
Cycle: 102
Truck 1, [66,14] , Cargo:3/4, Speed:2
 (Id 4 Source: 3, Going: 2, Size:3)
Truck 3, [82,24] , Cargo:1/4, Speed:2
 (Id 8 Source: 3, Going: 1, Size:1)
Truck 5, [72,52] , Cargo:2/5, Speed:1
 (Id 11 Source: 2, Going: 3, Size:2)
Truck 7, [38,49] , Cargo:0/5, Speed:1
Truck 9, [82,34] , Cargo:3/3, Speed:3
 (Id 22 Source: 3, Going: 1, Size:3)
WareHouse 1, [82, 34], Docks:1, [Shipment16(3,false), Shipment18(1,true), Shipment19(3,true), Shipment20(2,true), Shipment25(3,false), Shipment3(1,true), Shipment21(1,true), Shipment13(2,true), Shipment26(2,true)]
WareHouse 2, [74, 52], Docks:1, [Shipment26(2,true), Shipment19(3,true), Shipment27(2,true), Shipment5(2,true), Shipment20(2,true), Shipment18(1,true)]
WareHouse 3, [38, 14], Docks:1, [Shipment17(1,false), Shipment22(3,true), Shipment27(2,true), Shipment23(1,true), Shipment24(1,true), Shipment10(2,true), Shipment9(1,true), Shipment2(2,true)]
Shipment 1, Source:3, Going:2, Size:3 In Warehouse: 3
Shipment 2, Source:2, Going:3, Size:2, In Truck: 1
Shipment 3, Source:2, Going:1, Size:1, In Truck: 1
Shipment 4, Source:3, Going:2, Size:3, In Truck: 1
Shipment 5, Source:3, Going:2, Size:2 In Warehouse: 2
Shipment 6, Source:3, Going:2, Size:2 In Warehouse: 3
Shipment 7, Source:1, Going:2, Size:2 In Warehouse: 1
Shipment 8, Source:3, Going:1, Size:1, In Truck: 3
Shipment 9, Source:2, Going:3, Size:1, In Truck: 3
Shipment 10, Source:1, Going:3, Size:2 In Warehouse: 3
Shipment 11, Source:2, Going:3, Size:2, In Truck: 5
Shipment 12, Source:1, Going:3, Size:1 In Warehouse: 1
Shipment 13, Source:3, Going:1, Size:2 In Warehouse: 1
Shipment 14, Source:1, Going:2, Size:3 In Warehouse: 1
Shipment 15, Source:2, Going:1, Size:3 In Warehouse: 2
Shipment 16, Source:1, Going:2, Size:3 In Warehouse: 1
Shipment 17, Source:3, Going:2, Size:1 In Warehouse: 3
Shipment 18, Source:1, Going:2, Size:1, In Truck: 7
Shipment 19, Source:1, Going:2, Size:3 In Warehouse: 2
Shipment 20, Source:1, Going:2, Size:2, In Truck: 9
Shipment 21, Source:2, Going:1, Size:1, In Truck: 9
Shipment 22, Source:3, Going:1, Size:3, In Truck: 9
Shipment 23, Source:2, Going:3, Size:1 In Warehouse: 3
Shipment 24, Source:2, Going:3, Size:1 In Warehouse: 3
Shipment 25, Source:1, Going:2, Size:3 In Warehouse: 1
Shipment 26, Source:2, Going:1, Size:2 In Warehouse: 1
Shipment 27, Source:3, Going:2, Size:2 In Warehouse: 2
Cycle: 103
Truck 1, [68,14] , Cargo:3/4, Speed:2
 (Id 4 Source: 3, Going: 2, Size:3)
Truck 3, [82,26] , Cargo:1/4, Speed:2
 (Id 8 Source: 3, Going: 1, Size:1)
Truck 5, [71,52] , Cargo:2/5, Speed:1
 (Id 11 Source: 2, Going: 3, Size:2)
Truck 7, [38,48] , Cargo:0/5, Speed:1
Truck 9, [82,34] , Cargo:3/3, Speed:3
 (Id 22 Source: 3, Going: 1, Size:3)
WareHouse 1, [82, 34], Docks:1, [Shipment16(3,false), Shipment18(1,true), Shipment19(3,true), Shipment20(2,true), Shipment25(3,false), Shipment3(1,true), Shipment21(1,true), Shipment13(2,true), Shipment26(2,true)]
WareHouse 2, [74, 52], Docks:1, [Shipment26(2,true), Shipment19(3,true), Shipment27(2,true), Shipment5(2,true), Shipment20(2,true), Shipment18(1,true)]
WareHouse 3, [38, 14], Docks:1, [Shipment17(1,false), Shipment22(3,true), Shipment27(2,true), Shipment23(1,true), Shipment24(1,true), Shipment10(2,true), Shipment9(1,true), Shipment2(2,true)]
Shipment 1, Source:3, Going:2, Size:3 In Warehouse: 3
Shipment 2, Source:2, Going:3, Size:2, In Truck: 1
Shipment 3, Source:2, Going:1, Size:1, In Truck: 1
Shipment 4, Source:3, Going:2, Size:3, In Truck: 1
Shipment 5, Source:3, Going:2, Size:2 In Warehouse: 2
Shipment 6, Source:3, Going:2, Size:2 In Warehouse: 3
Shipment 7, Source:1, Going:2, Size:2 In Warehouse: 1
Shipment 8, Source:3, Going:1, Size:1, In Truck: 3
Shipment 9, Source:2, Going:3, Size:1, In Truck: 3
Shipment 10, Source:1, Going:3, Size:2 In Warehouse: 3
Shipment 11, Source:2, Going:3, Size:2, In Truck: 5
Shipment 12, Source:1, Going:3, Size:1 In Warehouse: 1
Shipment 13, Source:3, Going:1, Size:2 In Warehouse: 1
Shipment 14, Source:1, Going:2, Size:3 In Warehouse: 1
Shipment 15, Source:2, Going:1, Size:3 In Warehouse: 2
Shipment 16, Source:1, Going:2, Size:3 In Warehouse: 1
Shipment 17, Source:3, Going:2, Size:1 In Warehouse: 3
Shipment 18, Source:1, Going:2, Size:1, In Truck: 7
Shipment 19, Source:1, Going:2, Size:3 In Warehouse: 2
Shipment 20, Source:1, Going:2, Size:2, In Truck: 9
Shipment 21, Source:2, Going:1, Size:1, In Truck: 9
Shipment 22, Source:3, Going:1, Size:3, In Truck: 9
Shipment 23, Source:2, Going:3, Size:1 In Warehouse: 3
Shipment 24, Source:2, Going:3, Size:1 In Warehouse: 3
Shipment 25, Source:1, Going:2, Size:3 In Warehouse: 1
Shipment 26, Source:2, Going:1, Size:2 In Warehouse: 1
Shipment 27, Source:3, Going:2, Size:2 In Warehouse: 2
Cycle: 104
Truck 1, [70,14] , Cargo:3/4, Speed:2
 (Id 4 Source: 3, Going: 2, Size:3)
Truck 3, [82,28] , Cargo:1/4, Speed:2
 (Id 8 Source: 3, Going: 1, Size:1)
Truck 5, [70,52] , Cargo:2/5, Speed:1
 (Id 11 Source: 2, Going: 3, Size:2)
Truck 7, [38,47] , Cargo:0/5, Speed:1
WareHouse 1, [82, 34], Docks:1, [Shipment16(3,false), Shipment18(1,true), Shipment19(3,true), Shipment20(2,true), Shipment25(3,false), Shipment3(1,true), Shipment21(1,true), Shipment13(2,true), Shipment26(2,true), Shipment22(3,true)]
WareHouse 2, [74, 52], Docks:1, [Shipment26(2,true), Shipment19(3,true), Shipment27(2,true), Shipment5(2,true), Shipment20(2,true), Shipment18(1,true)]
WareHouse 3, [38, 14], Docks:1, [Shipment17(1,false), Shipment22(3,true), Shipment27(2,true), Shipment23(1,true), Shipment24(1,true), Shipment10(2,true), Shipment9(1,true), Shipment2(2,true)]
Shipment 1, Source:3, Going:2, Size:3 In Warehouse: 3
Shipment 2, Source:2, Going:3, Size:2, In Truck: 1
Shipment 3, Source:2, Going:1, Size:1, In Truck: 1
Shipment 4, Source:3, Going:2, Size:3, In Truck: 1
Shipment 5, Source:3, Going:2, Size:2 In Warehouse: 2
Shipment 6, Source:3, Going:2, Size:2 In Warehouse: 3
Shipment 7, Source:1, Going:2, Size:2 In Warehouse: 1
Shipment 8, Source:3, Going:1, Size:1, In Truck: 3
Shipment 9, Source:2, Going:3, Size:1, In Truck: 3
Shipment 10, Source:1, Going:3, Size:2 In Warehouse: 3
Shipment 11, Source:2, Going:3, Size:2, In Truck: 5
Shipment 12, Source:1, Going:3, Size:1 In Warehouse: 1
Shipment 13, Source:3, Going:1, Size:2 In Warehouse: 1
Shipment 14, Source:1, Going:2, Size:3 In Warehouse: 1
Shipment 15, Source:2, Going:1, Size:3 In Warehouse: 2
Shipment 16, Source:1, Going:2, Size:3 In Warehouse: 1
Shipment 17, Source:3, Going:2, Size:1 In Warehouse: 3
Shipment 18, Source:1, Going:2, Size:1, In Truck: 7
Shipment 19, Source:1, Going:2, Size:3 In Warehouse: 2
Shipment 20, Source:1, Going:2, Size:2 In Warehouse: 2
Shipment 21, Source:2, Going:1, Size:1 In Warehouse: 1
Shipment 22, Source:3, Going:1, Size:3 In Warehouse: 1
Shipment 23, Source:2, Going:3, Size:1 In Warehouse: 3
Shipment 24, Source:2, Going:3, Size:1 In Warehouse: 3
Shipment 25, Source:1, Going:2, Size:3 In Warehouse: 1
Shipment 26, Source:2, Going:1, Size:2 In Warehouse: 1
Shipment 27, Source:3, Going:2, Size:2 In Warehouse: 2
Cycle: 105
Truck 1, [72,14] , Cargo:3/4, Speed:2
 (Id 4 Source: 3, Going: 2, Size:3)
Truck 3, [82,30] , Cargo:1/4, Speed:2
 (Id 8 Source: 3, Going: 1, Size:1)
Truck 5, [69,52] , Cargo:2/5, Speed:1
 (Id 11 Source: 2, Going: 3, Size:2)
Truck 7, [38,46] , Cargo:0/5, Speed:1
WareHouse 1, [82, 34], Docks:1, [Shipment16(3,false), Shipment18(1,true), Shipment19(3,true), Shipment20(2,true), Shipment25(3,false), Shipment3(1,true), Shipment21(1,true), Shipment13(2,true), Shipment26(2,true), Shipment22(3,true)]
WareHouse 2, [74, 52], Docks:1, [Shipment26(2,true), Shipment19(3,true), Shipment27(2,true), Shipment5(2,true), Shipment20(2,true), Shipment18(1,true)]
WareHouse 3, [38, 14], Docks:1, [Shipment17(1,false), Shipment22(3,true), Shipment27(2,true), Shipment23(1,true), Shipment24(1,true), Shipment10(2,true), Shipment9(1,true), Shipment2(2,true)]
Shipment 1, Source:3, Going:2, Size:3 In Warehouse: 3
Shipment 2, Source:2, Going:3, Size:2, In Truck: 1
Shipment 3, Source:2, Going:1, Size:1, In Truck: 1
Shipment 4, Source:3, Going:2, Size:3, In Truck: 1
Shipment 5, Source:3, Going:2, Size:2 In Warehouse: 2
Shipment 6, Source:3, Going:2, Size:2 In Warehouse: 3
Shipment 7, Source:1, Going:2, Size:2 In Warehouse: 1
Shipment 8, Source:3, Going:1, Size:1, In Truck: 3
Shipment 9, Source:2, Going:3, Size:1, In Truck: 3
Shipment 10, Source:1, Going:3, Size:2 In Warehouse: 3
Shipment 11, Source:2, Going:3, Size:2, In Truck: 5
Shipment 12, Source:1, Going:3, Size:1 In Warehouse: 1
Shipment 13, Source:3, Going:1, Size:2 In Warehouse: 1
Shipment 14, Source:1, Going:2, Size:3 In Warehouse: 1
Shipment 15, Source:2, Going:1, Size:3 In Warehouse: 2
Shipment 16, Source:1, Going:2, Size:3 In Warehouse: 1
Shipment 17, Source:3, Going:2, Size:1 In Warehouse: 3
Shipment 18, Source:1, Going:2, Size:1, In Truck: 7
Shipment 19, Source:1, Going:2, Size:3 In Warehouse: 2
Shipment 20, Source:1, Going:2, Size:2 In Warehouse: 2
Shipment 21, Source:2, Going:1, Size:1 In Warehouse: 1
Shipment 22, Source:3, Going:1, Size:3 In Warehouse: 1
Shipment 23, Source:2, Going:3, Size:1 In Warehouse: 3
Shipment 24, Source:2, Going:3, Size:1 In Warehouse: 3
Shipment 25, Source:1, Going:2, Size:3 In Warehouse: 1
Shipment 26, Source:2, Going:1, Size:2 In Warehouse: 1
Shipment 27, Source:3, Going:2, Size:2 In Warehouse: 2
Cycle: 106
Truck 1, [74,14] , Cargo:3/4, Speed:2
 (Id 4 Source: 3, Going: 2, Size:3)
Truck 3, [82,32] , Cargo:1/4, Speed:2
 (Id 8 Source: 3, Going: 1, Size:1)
Truck 5, [68,52] , Cargo:2/5, Speed:1
 (Id 11 Source: 2, Going: 3, Size:2)
Truck 7, [38,45] , Cargo:0/5, Speed:1
WareHouse 1, [82, 34], Docks:1, [Shipment16(3,false), Shipment18(1,true), Shipment19(3,true), Shipment20(2,true), Shipment25(3,false), Shipment3(1,true), Shipment21(1,true), Shipment13(2,true), Shipment26(2,true), Shipment22(3,true)]
WareHouse 2, [74, 52], Docks:1, [Shipment26(2,true), Shipment19(3,true), Shipment27(2,true), Shipment5(2,true), Shipment20(2,true), Shipment18(1,true)]
WareHouse 3, [38, 14], Docks:1, [Shipment17(1,false), Shipment22(3,true), Shipment27(2,true), Shipment23(1,true), Shipment24(1,true), Shipment10(2,true), Shipment9(1,true), Shipment2(2,true)]
Shipment 1, Source:3, Going:2, Size:3 In Warehouse: 3
Shipment 2, Source:2, Going:3, Size:2, In Truck: 1
Shipment 3, Source:2, Going:1, Size:1, In Truck: 1
Shipment 4, Source:3, Going:2, Size:3, In Truck: 1
Shipment 5, Source:3, Going:2, Size:2 In Warehouse: 2
Shipment 6, Source:3, Going:2, Size:2 In Warehouse: 3
Shipment 7, Source:1, Going:2, Size:2 In Warehouse: 1
Shipment 8, Source:3, Going:1, Size:1, In Truck: 3
Shipment 9, Source:2, Going:3, Size:1, In Truck: 3
Shipment 10, Source:1, Going:3, Size:2 In Warehouse: 3
Shipment 11, Source:2, Going:3, Size:2, In Truck: 5
Shipment 12, Source:1, Going:3, Size:1 In Warehouse: 1
Shipment 13, Source:3, Going:1, Size:2 In Warehouse: 1
Shipment 14, Source:1, Going:2, Size:3 In Warehouse: 1
Shipment 15, Source:2, Going:1, Size:3 In Warehouse: 2
Shipment 16, Source:1, Going:2, Size:3 In Warehouse: 1
Shipment 17, Source:3, Going:2, Size:1 In Warehouse: 3
Shipment 18, Source:1, Going:2, Size:1, In Truck: 7
Shipment 19, Source:1, Going:2, Size:3 In Warehouse: 2
Shipment 20, Source:1, Going:2, Size:2 In Warehouse: 2
Shipment 21, Source:2, Going:1, Size:1 In Warehouse: 1
Shipment 22, Source:3, Going:1, Size:3 In Warehouse: 1
Shipment 23, Source:2, Going:3, Size:1 In Warehouse: 3
Shipment 24, Source:2, Going:3, Size:1 In Warehouse: 3
Shipment 25, Source:1, Going:2, Size:3 In Warehouse: 1
Shipment 26, Source:2, Going:1, Size:2 In Warehouse: 1
Shipment 27, Source:3, Going:2, Size:2 In Warehouse: 2
Cycle: 107
Truck 1, [74,16] , Cargo:3/4, Speed:2
 (Id 4 Source: 3, Going: 2, Size:3)
Truck 3, [82,34] , Cargo:1/4, Speed:2
 (Id 8 Source: 3, Going: 1, Size:1)
Truck 5, [67,52] , Cargo:2/5, Speed:1
 (Id 11 Source: 2, Going: 3, Size:2)
Truck 7, [38,44] , Cargo:0/5, Speed:1
WareHouse 1, [82, 34], Docks:1, [Shipment16(3,false), Shipment18(1,true), Shipment19(3,true), Shipment20(2,true), Shipment25(3,false), Shipment3(1,true), Shipment21(1,true), Shipment13(2,true), Shipment26(2,true), Shipment22(3,true)]
WareHouse 2, [74, 52], Docks:1, [Shipment26(2,true), Shipment19(3,true), Shipment27(2,true), Shipment5(2,true), Shipment20(2,true), Shipment18(1,true)]
WareHouse 3, [38, 14], Docks:1, [Shipment17(1,false), Shipment22(3,true), Shipment27(2,true), Shipment23(1,true), Shipment24(1,true), Shipment10(2,true), Shipment9(1,true), Shipment2(2,true)]
Shipment 1, Source:3, Going:2, Size:3 In Warehouse: 3
Shipment 2, Source:2, Going:3, Size:2, In Truck: 1
Shipment 3, Source:2, Going:1, Size:1, In Truck: 1
Shipment 4, Source:3, Going:2, Size:3, In Truck: 1
Shipment 5, Source:3, Going:2, Size:2 In Warehouse: 2
Shipment 6, Source:3, Going:2, Size:2 In Warehouse: 3
Shipment 7, Source:1, Going:2, Size:2 In Warehouse: 1
Shipment 8, Source:3, Going:1, Size:1, In Truck: 3
Shipment 9, Source:2, Going:3, Size:1, In Truck: 3
Shipment 10, Source:1, Going:3, Size:2 In Warehouse: 3
Shipment 11, Source:2, Going:3, Size:2, In Truck: 5
Shipment 12, Source:1, Going:3, Size:1 In Warehouse: 1
Shipment 13, Source:3, Going:1, Size:2 In Warehouse: 1
Shipment 14, Source:1, Going:2, Size:3 In Warehouse: 1
Shipment 15, Source:2, Going:1, Size:3 In Warehouse: 2
Shipment 16, Source:1, Going:2, Size:3 In Warehouse: 1
Shipment 17, Source:3, Going:2, Size:1 In Warehouse: 3
Shipment 18, Source:1, Going:2, Size:1, In Truck: 7
Shipment 19, Source:1, Going:2, Size:3 In Warehouse: 2
Shipment 20, Source:1, Going:2, Size:2 In Warehouse: 2
Shipment 21, Source:2, Going:1, Size:1 In Warehouse: 1
Shipment 22, Source:3, Going:1, Size:3 In Warehouse: 1
Shipment 23, Source:2, Going:3, Size:1 In Warehouse: 3
Shipment 24, Source:2, Going:3, Size:1 In Warehouse: 3
Shipment 25, Source:1, Going:2, Size:3 In Warehouse: 1
Shipment 26, Source:2, Going:1, Size:2 In Warehouse: 1
Shipment 27, Source:3, Going:2, Size:2 In Warehouse: 2
Cycle: 108
Truck 1, [74,18] , Cargo:3/4, Speed:2
 (Id 4 Source: 3, Going: 2, Size:3)
Truck 3, [82,34] , Cargo:1/4, Speed:2
 (Id 8 Source: 3, Going: 1, Size:1)
Truck 5, [66,52] , Cargo:2/5, Speed:1
 (Id 11 Source: 2, Going: 3, Size:2)
Truck 7, [38,43] , Cargo:0/5, Speed:1
WareHouse 1, [82, 34], Docks:1, [Shipment16(3,false), Shipment18(1,true), Shipment19(3,true), Shipment20(2,true), Shipment25(3,false), Shipment3(1,true), Shipment21(1,true), Shipment13(2,true), Shipment26(2,true), Shipment22(3,true)]
WareHouse 2, [74, 52], Docks:1, [Shipment26(2,true), Shipment19(3,true), Shipment27(2,true), Shipment5(2,true), Shipment20(2,true), Shipment18(1,true)]
WareHouse 3, [38, 14], Docks:1, [Shipment17(1,false), Shipment22(3,true), Shipment27(2,true), Shipment23(1,true), Shipment24(1,true), Shipment10(2,true), Shipment9(1,true), Shipment2(2,true)]
Shipment 1, Source:3, Going:2, Size:3 In Warehouse: 3
Shipment 2, Source:2, Going:3, Size:2, In Truck: 1
Shipment 3, Source:2, Going:1, Size:1, In Truck: 1
Shipment 4, Source:3, Going:2, Size:3, In Truck: 1
Shipment 5, Source:3, Going:2, Size:2 In Warehouse: 2
Shipment 6, Source:3, Going:2, Size:2 In Warehouse: 3
Shipment 7, Source:1, Going:2, Size:2 In Warehouse: 1
Shipment 8, Source:3, Going:1, Size:1, In Truck: 3
Shipment 9, Source:2, Going:3, Size:1, In Truck: 3
Shipment 10, Source:1, Going:3, Size:2 In Warehouse: 3
Shipment 11, Source:2, Going:3, Size:2, In Truck: 5
Shipment 12, Source:1, Going:3, Size:1 In Warehouse: 1
Shipment 13, Source:3, Going:1, Size:2 In Warehouse: 1
Shipment 14, Source:1, Going:2, Size:3 In Warehouse: 1
Shipment 15, Source:2, Going:1, Size:3 In Warehouse: 2
Shipment 16, Source:1, Going:2, Size:3 In Warehouse: 1
Shipment 17, Source:3, Going:2, Size:1 In Warehouse: 3
Shipment 18, Source:1, Going:2, Size:1, In Truck: 7
Shipment 19, Source:1, Going:2, Size:3 In Warehouse: 2
Shipment 20, Source:1, Going:2, Size:2 In Warehouse: 2
Shipment 21, Source:2, Going:1, Size:1 In Warehouse: 1
Shipment 22, Source:3, Going:1, Size:3 In Warehouse: 1
Shipment 23, Source:2, Going:3, Size:1 In Warehouse: 3
Shipment 24, Source:2, Going:3, Size:1 In Warehouse: 3
Shipment 25, Source:1, Going:2, Size:3 In Warehouse: 1
Shipment 26, Source:2, Going:1, Size:2 In Warehouse: 1
Shipment 27, Source:3, Going:2, Size:2 In Warehouse: 2
Cycle: 109
Truck 1, [74,20] , Cargo:3/4, Speed:2
 (Id 4 Source: 3, Going: 2, Size:3)
Truck 3, [82,34] , Cargo:0/4, Speed:2
Truck 5, [65,52] , Cargo:2/5, Speed:1
 (Id 11 Source: 2, Going: 3, Size:2)
Truck 7, [38,42] , Cargo:0/5, Speed:1
WareHouse 1, [82, 34], Docks:1, [Shipment16(3,false), Shipment18(1,true), Shipment19(3,true), Shipment20(2,true), Shipment25(3,false), Shipment3(1,true), Shipment21(1,true), Shipment13(2,true), Shipment26(2,true), Shipment22(3,true), Shipment8(1,true)]
WareHouse 2, [74, 52], Docks:1, [Shipment26(2,true), Shipment19(3,true), Shipment27(2,true), Shipment5(2,true), Shipment20(2,true), Shipment18(1,true)]
WareHouse 3, [38, 14], Docks:1, [Shipment17(1,false), Shipment22(3,true), Shipment27(2,true), Shipment23(1,true), Shipment24(1,true), Shipment10(2,true), Shipment9(1,true), Shipment2(2,true)]
Shipment 1, Source:3, Going:2, Size:3 In Warehouse: 3
Shipment 2, Source:2, Going:3, Size:2, In Truck: 1
Shipment 3, Source:2, Going:1, Size:1, In Truck: 1
Shipment 4, Source:3, Going:2, Size:3, In Truck: 1
Shipment 5, Source:3, Going:2, Size:2 In Warehouse: 2
Shipment 6, Source:3, Going:2, Size:2 In Warehouse: 3
Shipment 7, Source:1, Going:2, Size:2 In Warehouse: 1
Shipment 8, Source:3, Going:1, Size:1, In Truck: 3
Shipment 9, Source:2, Going:3, Size:1, In Truck: 3
Shipment 10, Source:1, Going:3, Size:2 In Warehouse: 3
Shipment 11, Source:2, Going:3, Size:2, In Truck: 5
Shipment 12, Source:1, Going:3, Size:1 In Warehouse: 1
Shipment 13, Source:3, Going:1, Size:2 In Warehouse: 1
Shipment 14, Source:1, Going:2, Size:3 In Warehouse: 1
Shipment 15, Source:2, Going:1, Size:3 In Warehouse: 2
Shipment 16, Source:1, Going:2, Size:3 In Warehouse: 1
Shipment 17, Source:3, Going:2, Size:1 In Warehouse: 3
Shipment 18, Source:1, Going:2, Size:1, In Truck: 7
Shipment 19, Source:1, Going:2, Size:3 In Warehouse: 2
Shipment 20, Source:1, Going:2, Size:2 In Warehouse: 2
Shipment 21, Source:2, Going:1, Size:1 In Warehouse: 1
Shipment 22, Source:3, Going:1, Size:3 In Warehouse: 1
Shipment 23, Source:2, Going:3, Size:1 In Warehouse: 3
Shipment 24, Source:2, Going:3, Size:1 In Warehouse: 3
Shipment 25, Source:1, Going:2, Size:3 In Warehouse: 1
Shipment 26, Source:2, Going:1, Size:2 In Warehouse: 1
Shipment 27, Source:3, Going:2, Size:2 In Warehouse: 2
Cycle: 110
Truck 1, [74,22] , Cargo:3/4, Speed:2
 (Id 4 Source: 3, Going: 2, Size:3)
Truck 3, [82,34] , Cargo:0/4, Speed:2
Truck 5, [64,52] , Cargo:2/5, Speed:1
 (Id 11 Source: 2, Going: 3, Size:2)
Truck 7, [38,41] , Cargo:0/5, Speed:1
WareHouse 1, [82, 34], Docks:1, [Shipment16(3,false), Shipment18(1,true), Shipment19(3,true), Shipment20(2,true), Shipment25(3,false), Shipment3(1,true), Shipment21(1,true), Shipment13(2,true), Shipment26(2,true), Shipment22(3,true), Shipment8(1,true)]
WareHouse 2, [74, 52], Docks:1, [Shipment26(2,true), Shipment19(3,true), Shipment27(2,true), Shipment5(2,true), Shipment20(2,true), Shipment18(1,true)]
WareHouse 3, [38, 14], Docks:1, [Shipment17(1,false), Shipment22(3,true), Shipment27(2,true), Shipment23(1,true), Shipment24(1,true), Shipment10(2,true), Shipment9(1,true), Shipment2(2,true)]
Shipment 1, Source:3, Going:2, Size:3 In Warehouse: 3
Shipment 2, Source:2, Going:3, Size:2, In Truck: 1
Shipment 3, Source:2, Going:1, Size:1, In Truck: 1
Shipment 4, Source:3, Going:2, Size:3, In Truck: 1
Shipment 5, Source:3, Going:2, Size:2 In Warehouse: 2
Shipment 6, Source:3, Going:2, Size:2 In Warehouse: 3
Shipment 7, Source:1, Going:2, Size:2 In Warehouse: 1
Shipment 8, Source:3, Going:1, Size:1, In Truck: 3
Shipment 9, Source:2, Going:3, Size:1, In Truck: 3
Shipment 10, Source:1, Going:3, Size:2 In Warehouse: 3
Shipment 11, Source:2, Going:3, Size:2, In Truck: 5
Shipment 12, Source:1, Going:3, Size:1 In Warehouse: 1
Shipment 13, Source:3, Going:1, Size:2 In Warehouse: 1
Shipment 14, Source:1, Going:2, Size:3 In Warehouse: 1
Shipment 15, Source:2, Going:1, Size:3 In Warehouse: 2
Shipment 16, Source:1, Going:2, Size:3 In Warehouse: 1
Shipment 17, Source:3, Going:2, Size:1 In Warehouse: 3
Shipment 18, Source:1, Going:2, Size:1, In Truck: 7
Shipment 19, Source:1, Going:2, Size:3 In Warehouse: 2
Shipment 20, Source:1, Going:2, Size:2 In Warehouse: 2
Shipment 21, Source:2, Going:1, Size:1 In Warehouse: 1
Shipment 22, Source:3, Going:1, Size:3 In Warehouse: 1
Shipment 23, Source:2, Going:3, Size:1 In Warehouse: 3
Shipment 24, Source:2, Going:3, Size:1 In Warehouse: 3
Shipment 25, Source:1, Going:2, Size:3 In Warehouse: 1
Shipment 26, Source:2, Going:1, Size:2 In Warehouse: 1
Shipment 27, Source:3, Going:2, Size:2 In Warehouse: 2
Cycle: 111
Truck 1, [74,24] , Cargo:3/4, Speed:2
 (Id 4 Source: 3, Going: 2, Size:3)
Truck 3, [82,34] , Cargo:0/4, Speed:2
Truck 5, [63,52] , Cargo:2/5, Speed:1
 (Id 11 Source: 2, Going: 3, Size:2)
Truck 7, [38,40] , Cargo:0/5, Speed:1
WareHouse 1, [82, 34], Docks:1, [Shipment16(3,false), Shipment18(1,true), Shipment19(3,true), Shipment20(2,true), Shipment25(3,false), Shipment3(1,true), Shipment21(1,true), Shipment13(2,true), Shipment26(2,true), Shipment22(3,true), Shipment8(1,true)]
WareHouse 2, [74, 52], Docks:1, [Shipment26(2,true), Shipment19(3,true), Shipment27(2,true), Shipment5(2,true), Shipment20(2,true), Shipment18(1,true)]
WareHouse 3, [38, 14], Docks:1, [Shipment17(1,false), Shipment22(3,true), Shipment27(2,true), Shipment23(1,true), Shipment24(1,true), Shipment10(2,true), Shipment9(1,true), Shipment2(2,true)]
Shipment 1, Source:3, Going:2, Size:3 In Warehouse: 3
Shipment 2, Source:2, Going:3, Size:2, In Truck: 1
Shipment 3, Source:2, Going:1, Size:1, In Truck: 1
Shipment 4, Source:3, Going:2, Size:3, In Truck: 1
Shipment 5, Source:3, Going:2, Size:2 In Warehouse: 2
Shipment 6, Source:3, Going:2, Size:2 In Warehouse: 3
Shipment 7, Source:1, Going:2, Size:2 In Warehouse: 1
Shipment 8, Source:3, Going:1, Size:1, In Truck: 3
Shipment 9, Source:2, Going:3, Size:1, In Truck: 3
Shipment 10, Source:1, Going:3, Size:2 In Warehouse: 3
Shipment 11, Source:2, Going:3, Size:2, In Truck: 5
Shipment 12, Source:1, Going:3, Size:1 In Warehouse: 1
Shipment 13, Source:3, Going:1, Size:2 In Warehouse: 1
Shipment 14, Source:1, Going:2, Size:3 In Warehouse: 1
Shipment 15, Source:2, Going:1, Size:3 In Warehouse: 2
Shipment 16, Source:1, Going:2, Size:3 In Warehouse: 1
Shipment 17, Source:3, Going:2, Size:1 In Warehouse: 3
Shipment 18, Source:1, Going:2, Size:1, In Truck: 7
Shipment 19, Source:1, Going:2, Size:3 In Warehouse: 2
Shipment 20, Source:1, Going:2, Size:2 In Warehouse: 2
Shipment 21, Source:2, Going:1, Size:1 In Warehouse: 1
Shipment 22, Source:3, Going:1, Size:3 In Warehouse: 1
Shipment 23, Source:2, Going:3, Size:1 In Warehouse: 3
Shipment 24, Source:2, Going:3, Size:1 In Warehouse: 3
Shipment 25, Source:1, Going:2, Size:3 In Warehouse: 1
Shipment 26, Source:2, Going:1, Size:2 In Warehouse: 1
Shipment 27, Source:3, Going:2, Size:2 In Warehouse: 2
Cycle: 112
Truck 1, [74,26] , Cargo:3/4, Speed:2
 (Id 4 Source: 3, Going: 2, Size:3)
Truck 3, [82,34] , Cargo:0/4, Speed:2
Truck 5, [62,52] , Cargo:2/5, Speed:1
 (Id 11 Source: 2, Going: 3, Size:2)
Truck 7, [38,39] , Cargo:0/5, Speed:1
WareHouse 1, [82, 34], Docks:1, [Shipment16(3,false), Shipment18(1,true), Shipment19(3,true), Shipment20(2,true), Shipment25(3,false), Shipment3(1,true), Shipment21(1,true), Shipment13(2,true), Shipment26(2,true), Shipment22(3,true), Shipment8(1,true)]
WareHouse 2, [74, 52], Docks:1, [Shipment26(2,true), Shipment19(3,true), Shipment27(2,true), Shipment5(2,true), Shipment20(2,true), Shipment18(1,true)]
WareHouse 3, [38, 14], Docks:1, [Shipment17(1,false), Shipment22(3,true), Shipment27(2,true), Shipment23(1,true), Shipment24(1,true), Shipment10(2,true), Shipment9(1,true), Shipment2(2,true)]
Shipment 1, Source:3, Going:2, Size:3 In Warehouse: 3
Shipment 2, Source:2, Going:3, Size:2, In Truck: 1
Shipment 3, Source:2, Going:1, Size:1, In Truck: 1
Shipment 4, Source:3, Going:2, Size:3, In Truck: 1
Shipment 5, Source:3, Going:2, Size:2 In Warehouse: 2
Shipment 6, Source:3, Going:2, Size:2 In Warehouse: 3
Shipment 7, Source:1, Going:2, Size:2 In Warehouse: 1
Shipment 8, Source:3, Going:1, Size:1, In Truck: 3
Shipment 9, Source:2, Going:3, Size:1, In Truck: 3
Shipment 10, Source:1, Going:3, Size:2 In Warehouse: 3
Shipment 11, Source:2, Going:3, Size:2, In Truck: 5
Shipment 12, Source:1, Going:3, Size:1 In Warehouse: 1
Shipment 13, Source:3, Going:1, Size:2 In Warehouse: 1
Shipment 14, Source:1, Going:2, Size:3 In Warehouse: 1
Shipment 15, Source:2, Going:1, Size:3 In Warehouse: 2
Shipment 16, Source:1, Going:2, Size:3 In Warehouse: 1
Shipment 17, Source:3, Going:2, Size:1 In Warehouse: 3
Shipment 18, Source:1, Going:2, Size:1, In Truck: 7
Shipment 19, Source:1, Going:2, Size:3 In Warehouse: 2
Shipment 20, Source:1, Going:2, Size:2 In Warehouse: 2
Shipment 21, Source:2, Going:1, Size:1 In Warehouse: 1
Shipment 22, Source:3, Going:1, Size:3 In Warehouse: 1
Shipment 23, Source:2, Going:3, Size:1 In Warehouse: 3
Shipment 24, Source:2, Going:3, Size:1 In Warehouse: 3
Shipment 25, Source:1, Going:2, Size:3 In Warehouse: 1
Shipment 26, Source:2, Going:1, Size:2 In Warehouse: 1
Shipment 27, Source:3, Going:2, Size:2 In Warehouse: 2
Cycle: 113
Truck 1, [74,28] , Cargo:3/4, Speed:2
 (Id 4 Source: 3, Going: 2, Size:3)
Truck 3, [82,34] , Cargo:2/4, Speed:2
 (Id 7 Source: 1, Going: 2, Size:2)
Truck 5, [61,52] , Cargo:2/5, Speed:1
 (Id 11 Source: 2, Going: 3, Size:2)
Truck 7, [38,38] , Cargo:0/5, Speed:1
WareHouse 1, [82, 34], Docks:1, [Shipment18(1,true), Shipment19(3,true), Shipment20(2,true), Shipment25(3,false), Shipment3(1,true), Shipment21(1,true), Shipment13(2,true), Shipment26(2,true), Shipment22(3,true), Shipment8(1,true)]
WareHouse 2, [74, 52], Docks:1, [Shipment26(2,true), Shipment19(3,true), Shipment27(2,true), Shipment5(2,true), Shipment20(2,true), Shipment18(1,true)]
WareHouse 3, [38, 14], Docks:1, [Shipment17(1,false), Shipment22(3,true), Shipment27(2,true), Shipment23(1,true), Shipment24(1,true), Shipment10(2,true), Shipment9(1,true), Shipment2(2,true)]
Shipment 1, Source:3, Going:2, Size:3 In Warehouse: 3
Shipment 2, Source:2, Going:3, Size:2, In Truck: 1
Shipment 3, Source:2, Going:1, Size:1, In Truck: 1
Shipment 4, Source:3, Going:2, Size:3, In Truck: 1
Shipment 5, Source:3, Going:2, Size:2 In Warehouse: 2
Shipment 6, Source:3, Going:2, Size:2 In Warehouse: 3
Shipment 7, Source:1, Going:2, Size:2, In Truck: 3
Shipment 8, Source:3, Going:1, Size:1, In Truck: 3
Shipment 9, Source:2, Going:3, Size:1, In Truck: 3
Shipment 10, Source:1, Going:3, Size:2 In Warehouse: 3
Shipment 11, Source:2, Going:3, Size:2, In Truck: 5
Shipment 12, Source:1, Going:3, Size:1 In Warehouse: 1
Shipment 13, Source:3, Going:1, Size:2 In Warehouse: 1
Shipment 14, Source:1, Going:2, Size:3 In Warehouse: 1
Shipment 15, Source:2, Going:1, Size:3 In Warehouse: 2
Shipment 16, Source:1, Going:2, Size:3 In Warehouse: 1
Shipment 17, Source:3, Going:2, Size:1 In Warehouse: 3
Shipment 18, Source:1, Going:2, Size:1, In Truck: 7
Shipment 19, Source:1, Going:2, Size:3 In Warehouse: 2
Shipment 20, Source:1, Going:2, Size:2 In Warehouse: 2
Shipment 21, Source:2, Going:1, Size:1 In Warehouse: 1
Shipment 22, Source:3, Going:1, Size:3 In Warehouse: 1
Shipment 23, Source:2, Going:3, Size:1 In Warehouse: 3
Shipment 24, Source:2, Going:3, Size:1 In Warehouse: 3
Shipment 25, Source:1, Going:2, Size:3 In Warehouse: 1
Shipment 26, Source:2, Going:1, Size:2 In Warehouse: 1
Shipment 27, Source:3, Going:2, Size:2 In Warehouse: 2
Cycle: 114
Truck 1, [74,30] , Cargo:3/4, Speed:2
 (Id 4 Source: 3, Going: 2, Size:3)
Truck 3, [80,34] , Cargo:2/4, Speed:2
 (Id 7 Source: 1, Going: 2, Size:2)
Truck 5, [60,52] , Cargo:2/5, Speed:1
 (Id 11 Source: 2, Going: 3, Size:2)
Truck 7, [38,37] , Cargo:0/5, Speed:1
WareHouse 1, [82, 34], Docks:1, [Shipment18(1,true), Shipment19(3,true), Shipment20(2,true), Shipment25(3,false), Shipment3(1,true), Shipment21(1,true), Shipment13(2,true), Shipment26(2,true), Shipment22(3,true), Shipment8(1,true)]
WareHouse 2, [74, 52], Docks:1, [Shipment26(2,true), Shipment19(3,true), Shipment27(2,true), Shipment5(2,true), Shipment20(2,true), Shipment18(1,true)]
WareHouse 3, [38, 14], Docks:1, [Shipment17(1,false), Shipment22(3,true), Shipment27(2,true), Shipment23(1,true), Shipment24(1,true), Shipment10(2,true), Shipment9(1,true), Shipment2(2,true)]
Shipment 1, Source:3, Going:2, Size:3 In Warehouse: 3
Shipment 2, Source:2, Going:3, Size:2, In Truck: 1
Shipment 3, Source:2, Going:1, Size:1, In Truck: 1
Shipment 4, Source:3, Going:2, Size:3, In Truck: 1
Shipment 5, Source:3, Going:2, Size:2 In Warehouse: 2
Shipment 6, Source:3, Going:2, Size:2 In Warehouse: 3
Shipment 7, Source:1, Going:2, Size:2, In Truck: 3
Shipment 8, Source:3, Going:1, Size:1, In Truck: 3
Shipment 9, Source:2, Going:3, Size:1, In Truck: 3
Shipment 10, Source:1, Going:3, Size:2 In Warehouse: 3
Shipment 11, Source:2, Going:3, Size:2, In Truck: 5
Shipment 12, Source:1, Going:3, Size:1 In Warehouse: 1
Shipment 13, Source:3, Going:1, Size:2 In Warehouse: 1
Shipment 14, Source:1, Going:2, Size:3 In Warehouse: 1
Shipment 15, Source:2, Going:1, Size:3 In Warehouse: 2
Shipment 16, Source:1, Going:2, Size:3 In Warehouse: 1
Shipment 17, Source:3, Going:2, Size:1 In Warehouse: 3
Shipment 18, Source:1, Going:2, Size:1, In Truck: 7
Shipment 19, Source:1, Going:2, Size:3 In Warehouse: 2
Shipment 20, Source:1, Going:2, Size:2 In Warehouse: 2
Shipment 21, Source:2, Going:1, Size:1 In Warehouse: 1
Shipment 22, Source:3, Going:1, Size:3 In Warehouse: 1
Shipment 23, Source:2, Going:3, Size:1 In Warehouse: 3
Shipment 24, Source:2, Going:3, Size:1 In Warehouse: 3
Shipment 25, Source:1, Going:2, Size:3 In Warehouse: 1
Shipment 26, Source:2, Going:1, Size:2 In Warehouse: 1
Shipment 27, Source:3, Going:2, Size:2 In Warehouse: 2
Cycle: 115
Truck 1, [74,32] , Cargo:3/4, Speed:2
 (Id 4 Source: 3, Going: 2, Size:3)
Truck 3, [78,34] , Cargo:2/4, Speed:2
 (Id 7 Source: 1, Going: 2, Size:2)
Truck 5, [59,52] , Cargo:2/5, Speed:1
 (Id 11 Source: 2, Going: 3, Size:2)
Truck 7, [38,36] , Cargo:0/5, Speed:1
WareHouse 1, [82, 34], Docks:1, [Shipment18(1,true), Shipment19(3,true), Shipment20(2,true), Shipment25(3,false), Shipment3(1,true), Shipment21(1,true), Shipment13(2,true), Shipment26(2,true), Shipment22(3,true), Shipment8(1,true)]
WareHouse 2, [74, 52], Docks:1, [Shipment26(2,true), Shipment19(3,true), Shipment27(2,true), Shipment5(2,true), Shipment20(2,true), Shipment18(1,true)]
WareHouse 3, [38, 14], Docks:1, [Shipment17(1,false), Shipment22(3,true), Shipment27(2,true), Shipment23(1,true), Shipment24(1,true), Shipment10(2,true), Shipment9(1,true), Shipment2(2,true)]
Shipment 1, Source:3, Going:2, Size:3 In Warehouse: 3
Shipment 2, Source:2, Going:3, Size:2, In Truck: 1
Shipment 3, Source:2, Going:1, Size:1, In Truck: 1
Shipment 4, Source:3, Going:2, Size:3, In Truck: 1
Shipment 5, Source:3, Going:2, Size:2 In Warehouse: 2
Shipment 6, Source:3, Going:2, Size:2 In Warehouse: 3
Shipment 7, Source:1, Going:2, Size:2, In Truck: 3
Shipment 8, Source:3, Going:1, Size:1, In Truck: 3
Shipment 9, Source:2, Going:3, Size:1, In Truck: 3
Shipment 10, Source:1, Going:3, Size:2 In Warehouse: 3
Shipment 11, Source:2, Going:3, Size:2, In Truck: 5
Shipment 12, Source:1, Going:3, Size:1 In Warehouse: 1
Shipment 13, Source:3, Going:1, Size:2 In Warehouse: 1
Shipment 14, Source:1, Going:2, Size:3 In Warehouse: 1
Shipment 15, Source:2, Going:1, Size:3 In Warehouse: 2
Shipment 16, Source:1, Going:2, Size:3 In Warehouse: 1
Shipment 17, Source:3, Going:2, Size:1 In Warehouse: 3
Shipment 18, Source:1, Going:2, Size:1, In Truck: 7
Shipment 19, Source:1, Going:2, Size:3 In Warehouse: 2
Shipment 20, Source:1, Going:2, Size:2 In Warehouse: 2
Shipment 21, Source:2, Going:1, Size:1 In Warehouse: 1
Shipment 22, Source:3, Going:1, Size:3 In Warehouse: 1
Shipment 23, Source:2, Going:3, Size:1 In Warehouse: 3
Shipment 24, Source:2, Going:3, Size:1 In Warehouse: 3
Shipment 25, Source:1, Going:2, Size:3 In Warehouse: 1
Shipment 26, Source:2, Going:1, Size:2 In Warehouse: 1
Shipment 27, Source:3, Going:2, Size:2 In Warehouse: 2
Cycle: 116
Truck 1, [74,34] , Cargo:3/4, Speed:2
 (Id 4 Source: 3, Going: 2, Size:3)
Truck 3, [76,34] , Cargo:2/4, Speed:2
 (Id 7 Source: 1, Going: 2, Size:2)
Truck 5, [58,52] , Cargo:2/5, Speed:1
 (Id 11 Source: 2, Going: 3, Size:2)
Truck 7, [38,35] , Cargo:0/5, Speed:1
WareHouse 1, [82, 34], Docks:1, [Shipment18(1,true), Shipment19(3,true), Shipment20(2,true), Shipment25(3,false), Shipment3(1,true), Shipment21(1,true), Shipment13(2,true), Shipment26(2,true), Shipment22(3,true), Shipment8(1,true)]
WareHouse 2, [74, 52], Docks:1, [Shipment26(2,true), Shipment19(3,true), Shipment27(2,true), Shipment5(2,true), Shipment20(2,true), Shipment18(1,true)]
WareHouse 3, [38, 14], Docks:1, [Shipment17(1,false), Shipment22(3,true), Shipment27(2,true), Shipment23(1,true), Shipment24(1,true), Shipment10(2,true), Shipment9(1,true), Shipment2(2,true)]
Shipment 1, Source:3, Going:2, Size:3 In Warehouse: 3
Shipment 2, Source:2, Going:3, Size:2, In Truck: 1
Shipment 3, Source:2, Going:1, Size:1, In Truck: 1
Shipment 4, Source:3, Going:2, Size:3, In Truck: 1
Shipment 5, Source:3, Going:2, Size:2 In Warehouse: 2
Shipment 6, Source:3, Going:2, Size:2 In Warehouse: 3
Shipment 7, Source:1, Going:2, Size:2, In Truck: 3
Shipment 8, Source:3, Going:1, Size:1, In Truck: 3
Shipment 9, Source:2, Going:3, Size:1, In Truck: 3
Shipment 10, Source:1, Going:3, Size:2 In Warehouse: 3
Shipment 11, Source:2, Going:3, Size:2, In Truck: 5
Shipment 12, Source:1, Going:3, Size:1 In Warehouse: 1
Shipment 13, Source:3, Going:1, Size:2 In Warehouse: 1
Shipment 14, Source:1, Going:2, Size:3 In Warehouse: 1
Shipment 15, Source:2, Going:1, Size:3 In Warehouse: 2
Shipment 16, Source:1, Going:2, Size:3 In Warehouse: 1
Shipment 17, Source:3, Going:2, Size:1 In Warehouse: 3
Shipment 18, Source:1, Going:2, Size:1, In Truck: 7
Shipment 19, Source:1, Going:2, Size:3 In Warehouse: 2
Shipment 20, Source:1, Going:2, Size:2 In Warehouse: 2
Shipment 21, Source:2, Going:1, Size:1 In Warehouse: 1
Shipment 22, Source:3, Going:1, Size:3 In Warehouse: 1
Shipment 23, Source:2, Going:3, Size:1 In Warehouse: 3
Shipment 24, Source:2, Going:3, Size:1 In Warehouse: 3
Shipment 25, Source:1, Going:2, Size:3 In Warehouse: 1
Shipment 26, Source:2, Going:1, Size:2 In Warehouse: 1
Shipment 27, Source:3, Going:2, Size:2 In Warehouse: 2
Cycle: 117
Truck 1, [74,36] , Cargo:3/4, Speed:2
 (Id 4 Source: 3, Going: 2, Size:3)
Truck 3, [74,34] , Cargo:2/4, Speed:2
 (Id 7 Source: 1, Going: 2, Size:2)
Truck 5, [57,52] , Cargo:2/5, Speed:1
 (Id 11 Source: 2, Going: 3, Size:2)
Truck 7, [38,34] , Cargo:0/5, Speed:1
WareHouse 1, [82, 34], Docks:1, [Shipment18(1,true), Shipment19(3,true), Shipment20(2,true), Shipment25(3,false), Shipment3(1,true), Shipment21(1,true), Shipment13(2,true), Shipment26(2,true), Shipment22(3,true), Shipment8(1,true)]
WareHouse 2, [74, 52], Docks:1, [Shipment26(2,true), Shipment19(3,true), Shipment27(2,true), Shipment5(2,true), Shipment20(2,true), Shipment18(1,true)]
WareHouse 3, [38, 14], Docks:1, [Shipment17(1,false), Shipment22(3,true), Shipment27(2,true), Shipment23(1,true), Shipment24(1,true), Shipment10(2,true), Shipment9(1,true), Shipment2(2,true)]
Shipment 1, Source:3, Going:2, Size:3 In Warehouse: 3
Shipment 2, Source:2, Going:3, Size:2, In Truck: 1
Shipment 3, Source:2, Going:1, Size:1, In Truck: 1
Shipment 4, Source:3, Going:2, Size:3, In Truck: 1
Shipment 5, Source:3, Going:2, Size:2 In Warehouse: 2
Shipment 6, Source:3, Going:2, Size:2 In Warehouse: 3
Shipment 7, Source:1, Going:2, Size:2, In Truck: 3
Shipment 8, Source:3, Going:1, Size:1, In Truck: 3
Shipment 9, Source:2, Going:3, Size:1, In Truck: 3
Shipment 10, Source:1, Going:3, Size:2 In Warehouse: 3
Shipment 11, Source:2, Going:3, Size:2, In Truck: 5
Shipment 12, Source:1, Going:3, Size:1 In Warehouse: 1
Shipment 13, Source:3, Going:1, Size:2 In Warehouse: 1
Shipment 14, Source:1, Going:2, Size:3 In Warehouse: 1
Shipment 15, Source:2, Going:1, Size:3 In Warehouse: 2
Shipment 16, Source:1, Going:2, Size:3 In Warehouse: 1
Shipment 17, Source:3, Going:2, Size:1 In Warehouse: 3
Shipment 18, Source:1, Going:2, Size:1, In Truck: 7
Shipment 19, Source:1, Going:2, Size:3 In Warehouse: 2
Shipment 20, Source:1, Going:2, Size:2 In Warehouse: 2
Shipment 21, Source:2, Going:1, Size:1 In Warehouse: 1
Shipment 22, Source:3, Going:1, Size:3 In Warehouse: 1
Shipment 23, Source:2, Going:3, Size:1 In Warehouse: 3
Shipment 24, Source:2, Going:3, Size:1 In Warehouse: 3
Shipment 25, Source:1, Going:2, Size:3 In Warehouse: 1
Shipment 26, Source:2, Going:1, Size:2 In Warehouse: 1
Shipment 27, Source:3, Going:2, Size:2 In Warehouse: 2
Cycle: 118
Truck 1, [74,38] , Cargo:3/4, Speed:2
 (Id 4 Source: 3, Going: 2, Size:3)
Truck 3, [74,36] , Cargo:2/4, Speed:2
 (Id 7 Source: 1, Going: 2, Size:2)
Truck 5, [56,52] , Cargo:2/5, Speed:1
 (Id 11 Source: 2, Going: 3, Size:2)
Truck 7, [38,33] , Cargo:0/5, Speed:1
WareHouse 1, [82, 34], Docks:1, [Shipment18(1,true), Shipment19(3,true), Shipment20(2,true), Shipment25(3,false), Shipment3(1,true), Shipment21(1,true), Shipment13(2,true), Shipment26(2,true), Shipment22(3,true), Shipment8(1,true)]
WareHouse 2, [74, 52], Docks:1, [Shipment26(2,true), Shipment19(3,true), Shipment27(2,true), Shipment5(2,true), Shipment20(2,true), Shipment18(1,true)]
WareHouse 3, [38, 14], Docks:1, [Shipment17(1,false), Shipment22(3,true), Shipment27(2,true), Shipment23(1,true), Shipment24(1,true), Shipment10(2,true), Shipment9(1,true), Shipment2(2,true)]
Shipment 1, Source:3, Going:2, Size:3 In Warehouse: 3
Shipment 2, Source:2, Going:3, Size:2, In Truck: 1
Shipment 3, Source:2, Going:1, Size:1, In Truck: 1
Shipment 4, Source:3, Going:2, Size:3, In Truck: 1
Shipment 5, Source:3, Going:2, Size:2 In Warehouse: 2
Shipment 6, Source:3, Going:2, Size:2 In Warehouse: 3
Shipment 7, Source:1, Going:2, Size:2, In Truck: 3
Shipment 8, Source:3, Going:1, Size:1, In Truck: 3
Shipment 9, Source:2, Going:3, Size:1, In Truck: 3
Shipment 10, Source:1, Going:3, Size:2 In Warehouse: 3
Shipment 11, Source:2, Going:3, Size:2, In Truck: 5
Shipment 12, Source:1, Going:3, Size:1 In Warehouse: 1
Shipment 13, Source:3, Going:1, Size:2 In Warehouse: 1
Shipment 14, Source:1, Going:2, Size:3 In Warehouse: 1
Shipment 15, Source:2, Going:1, Size:3 In Warehouse: 2
Shipment 16, Source:1, Going:2, Size:3 In Warehouse: 1
Shipment 17, Source:3, Going:2, Size:1 In Warehouse: 3
Shipment 18, Source:1, Going:2, Size:1, In Truck: 7
Shipment 19, Source:1, Going:2, Size:3 In Warehouse: 2
Shipment 20, Source:1, Going:2, Size:2 In Warehouse: 2
Shipment 21, Source:2, Going:1, Size:1 In Warehouse: 1
Shipment 22, Source:3, Going:1, Size:3 In Warehouse: 1
Shipment 23, Source:2, Going:3, Size:1 In Warehouse: 3
Shipment 24, Source:2, Going:3, Size:1 In Warehouse: 3
Shipment 25, Source:1, Going:2, Size:3 In Warehouse: 1
Shipment 26, Source:2, Going:1, Size:2 In Warehouse: 1
Shipment 27, Source:3, Going:2, Size:2 In Warehouse: 2
Cycle: 119
Truck 1, [74,40] , Cargo:3/4, Speed:2
 (Id 4 Source: 3, Going: 2, Size:3)
Truck 3, [74,38] , Cargo:2/4, Speed:2
 (Id 7 Source: 1, Going: 2, Size:2)
Truck 5, [55,52] , Cargo:2/5, Speed:1
 (Id 11 Source: 2, Going: 3, Size:2)
Truck 7, [38,32] , Cargo:0/5, Speed:1
WareHouse 1, [82, 34], Docks:1, [Shipment18(1,true), Shipment19(3,true), Shipment20(2,true), Shipment25(3,false), Shipment3(1,true), Shipment21(1,true), Shipment13(2,true), Shipment26(2,true), Shipment22(3,true), Shipment8(1,true)]
WareHouse 2, [74, 52], Docks:1, [Shipment26(2,true), Shipment19(3,true), Shipment27(2,true), Shipment5(2,true), Shipment20(2,true), Shipment18(1,true)]
WareHouse 3, [38, 14], Docks:1, [Shipment17(1,false), Shipment22(3,true), Shipment27(2,true), Shipment23(1,true), Shipment24(1,true), Shipment10(2,true), Shipment9(1,true), Shipment2(2,true)]
Shipment 1, Source:3, Going:2, Size:3 In Warehouse: 3
Shipment 2, Source:2, Going:3, Size:2, In Truck: 1
Shipment 3, Source:2, Going:1, Size:1, In Truck: 1
Shipment 4, Source:3, Going:2, Size:3, In Truck: 1
Shipment 5, Source:3, Going:2, Size:2 In Warehouse: 2
Shipment 6, Source:3, Going:2, Size:2 In Warehouse: 3
Shipment 7, Source:1, Going:2, Size:2, In Truck: 3
Shipment 8, Source:3, Going:1, Size:1, In Truck: 3
Shipment 9, Source:2, Going:3, Size:1, In Truck: 3
Shipment 10, Source:1, Going:3, Size:2 In Warehouse: 3
Shipment 11, Source:2, Going:3, Size:2, In Truck: 5
Shipment 12, Source:1, Going:3, Size:1 In Warehouse: 1
Shipment 13, Source:3, Going:1, Size:2 In Warehouse: 1
Shipment 14, Source:1, Going:2, Size:3 In Warehouse: 1
Shipment 15, Source:2, Going:1, Size:3 In Warehouse: 2
Shipment 16, Source:1, Going:2, Size:3 In Warehouse: 1
Shipment 17, Source:3, Going:2, Size:1 In Warehouse: 3
Shipment 18, Source:1, Going:2, Size:1, In Truck: 7
Shipment 19, Source:1, Going:2, Size:3 In Warehouse: 2
Shipment 20, Source:1, Going:2, Size:2 In Warehouse: 2
Shipment 21, Source:2, Going:1, Size:1 In Warehouse: 1
Shipment 22, Source:3, Going:1, Size:3 In Warehouse: 1
Shipment 23, Source:2, Going:3, Size:1 In Warehouse: 3
Shipment 24, Source:2, Going:3, Size:1 In Warehouse: 3
Shipment 25, Source:1, Going:2, Size:3 In Warehouse: 1
Shipment 26, Source:2, Going:1, Size:2 In Warehouse: 1
Shipment 27, Source:3, Going:2, Size:2 In Warehouse: 2
Cycle: 120
Truck 1, [74,42] , Cargo:3/4, Speed:2
 (Id 4 Source: 3, Going: 2, Size:3)
Truck 3, [74,40] , Cargo:2/4, Speed:2
 (Id 7 Source: 1, Going: 2, Size:2)
Truck 5, [54,52] , Cargo:2/5, Speed:1
 (Id 11 Source: 2, Going: 3, Size:2)
Truck 7, [38,31] , Cargo:0/5, Speed:1
WareHouse 1, [82, 34], Docks:1, [Shipment18(1,true), Shipment19(3,true), Shipment20(2,true), Shipment25(3,false), Shipment3(1,true), Shipment21(1,true), Shipment13(2,true), Shipment26(2,true), Shipment22(3,true), Shipment8(1,true)]
WareHouse 2, [74, 52], Docks:1, [Shipment26(2,true), Shipment19(3,true), Shipment27(2,true), Shipment5(2,true), Shipment20(2,true), Shipment18(1,true)]
WareHouse 3, [38, 14], Docks:1, [Shipment17(1,false), Shipment22(3,true), Shipment27(2,true), Shipment23(1,true), Shipment24(1,true), Shipment10(2,true), Shipment9(1,true), Shipment2(2,true)]
Shipment 1, Source:3, Going:2, Size:3 In Warehouse: 3
Shipment 2, Source:2, Going:3, Size:2, In Truck: 1
Shipment 3, Source:2, Going:1, Size:1, In Truck: 1
Shipment 4, Source:3, Going:2, Size:3, In Truck: 1
Shipment 5, Source:3, Going:2, Size:2 In Warehouse: 2
Shipment 6, Source:3, Going:2, Size:2 In Warehouse: 3
Shipment 7, Source:1, Going:2, Size:2, In Truck: 3
Shipment 8, Source:3, Going:1, Size:1, In Truck: 3
Shipment 9, Source:2, Going:3, Size:1, In Truck: 3
Shipment 10, Source:1, Going:3, Size:2 In Warehouse: 3
Shipment 11, Source:2, Going:3, Size:2, In Truck: 5
Shipment 12, Source:1, Going:3, Size:1 In Warehouse: 1
Shipment 13, Source:3, Going:1, Size:2 In Warehouse: 1
Shipment 14, Source:1, Going:2, Size:3 In Warehouse: 1
Shipment 15, Source:2, Going:1, Size:3 In Warehouse: 2
Shipment 16, Source:1, Going:2, Size:3 In Warehouse: 1
Shipment 17, Source:3, Going:2, Size:1 In Warehouse: 3
Shipment 18, Source:1, Going:2, Size:1, In Truck: 7
Shipment 19, Source:1, Going:2, Size:3 In Warehouse: 2
Shipment 20, Source:1, Going:2, Size:2 In Warehouse: 2
Shipment 21, Source:2, Going:1, Size:1 In Warehouse: 1
Shipment 22, Source:3, Going:1, Size:3 In Warehouse: 1
Shipment 23, Source:2, Going:3, Size:1 In Warehouse: 3
Shipment 24, Source:2, Going:3, Size:1 In Warehouse: 3
Shipment 25, Source:1, Going:2, Size:3 In Warehouse: 1
Shipment 26, Source:2, Going:1, Size:2 In Warehouse: 1
Shipment 27, Source:3, Going:2, Size:2 In Warehouse: 2
Cycle: 121
Truck 1, [74,44] , Cargo:3/4, Speed:2
 (Id 4 Source: 3, Going: 2, Size:3)
Truck 3, [74,42] , Cargo:2/4, Speed:2
 (Id 7 Source: 1, Going: 2, Size:2)
Truck 5, [53,52] , Cargo:2/5, Speed:1
 (Id 11 Source: 2, Going: 3, Size:2)
Truck 7, [38,30] , Cargo:0/5, Speed:1
WareHouse 1, [82, 34], Docks:1, [Shipment18(1,true), Shipment19(3,true), Shipment20(2,true), Shipment25(3,false), Shipment3(1,true), Shipment21(1,true), Shipment13(2,true), Shipment26(2,true), Shipment22(3,true), Shipment8(1,true)]
WareHouse 2, [74, 52], Docks:1, [Shipment26(2,true), Shipment19(3,true), Shipment27(2,true), Shipment5(2,true), Shipment20(2,true), Shipment18(1,true)]
WareHouse 3, [38, 14], Docks:1, [Shipment17(1,false), Shipment22(3,true), Shipment27(2,true), Shipment23(1,true), Shipment24(1,true), Shipment10(2,true), Shipment9(1,true), Shipment2(2,true)]
Shipment 1, Source:3, Going:2, Size:3 In Warehouse: 3
Shipment 2, Source:2, Going:3, Size:2, In Truck: 1
Shipment 3, Source:2, Going:1, Size:1, In Truck: 1
Shipment 4, Source:3, Going:2, Size:3, In Truck: 1
Shipment 5, Source:3, Going:2, Size:2 In Warehouse: 2
Shipment 6, Source:3, Going:2, Size:2 In Warehouse: 3
Shipment 7, Source:1, Going:2, Size:2, In Truck: 3
Shipment 8, Source:3, Going:1, Size:1, In Truck: 3
Shipment 9, Source:2, Going:3, Size:1, In Truck: 3
Shipment 10, Source:1, Going:3, Size:2 In Warehouse: 3
Shipment 11, Source:2, Going:3, Size:2, In Truck: 5
Shipment 12, Source:1, Going:3, Size:1 In Warehouse: 1
Shipment 13, Source:3, Going:1, Size:2 In Warehouse: 1
Shipment 14, Source:1, Going:2, Size:3 In Warehouse: 1
Shipment 15, Source:2, Going:1, Size:3 In Warehouse: 2
Shipment 16, Source:1, Going:2, Size:3 In Warehouse: 1
Shipment 17, Source:3, Going:2, Size:1 In Warehouse: 3
Shipment 18, Source:1, Going:2, Size:1, In Truck: 7
Shipment 19, Source:1, Going:2, Size:3 In Warehouse: 2
Shipment 20, Source:1, Going:2, Size:2 In Warehouse: 2
Shipment 21, Source:2, Going:1, Size:1 In Warehouse: 1
Shipment 22, Source:3, Going:1, Size:3 In Warehouse: 1
Shipment 23, Source:2, Going:3, Size:1 In Warehouse: 3
Shipment 24, Source:2, Going:3, Size:1 In Warehouse: 3
Shipment 25, Source:1, Going:2, Size:3 In Warehouse: 1
Shipment 26, Source:2, Going:1, Size:2 In Warehouse: 1
Shipment 27, Source:3, Going:2, Size:2 In Warehouse: 2
Cycle: 122
Truck 1, [74,46] , Cargo:3/4, Speed:2
 (Id 4 Source: 3, Going: 2, Size:3)
Truck 3, [74,44] , Cargo:2/4, Speed:2
 (Id 7 Source: 1, Going: 2, Size:2)
Truck 5, [52,52] , Cargo:2/5, Speed:1
 (Id 11 Source: 2, Going: 3, Size:2)
Truck 7, [38,29] , Cargo:0/5, Speed:1
WareHouse 1, [82, 34], Docks:1, [Shipment18(1,true), Shipment19(3,true), Shipment20(2,true), Shipment25(3,false), Shipment3(1,true), Shipment21(1,true), Shipment13(2,true), Shipment26(2,true), Shipment22(3,true), Shipment8(1,true)]
WareHouse 2, [74, 52], Docks:1, [Shipment26(2,true), Shipment19(3,true), Shipment27(2,true), Shipment5(2,true), Shipment20(2,true), Shipment18(1,true)]
WareHouse 3, [38, 14], Docks:1, [Shipment17(1,false), Shipment22(3,true), Shipment27(2,true), Shipment23(1,true), Shipment24(1,true), Shipment10(2,true), Shipment9(1,true), Shipment2(2,true)]
Shipment 1, Source:3, Going:2, Size:3 In Warehouse: 3
Shipment 2, Source:2, Going:3, Size:2, In Truck: 1
Shipment 3, Source:2, Going:1, Size:1, In Truck: 1
Shipment 4, Source:3, Going:2, Size:3, In Truck: 1
Shipment 5, Source:3, Going:2, Size:2 In Warehouse: 2
Shipment 6, Source:3, Going:2, Size:2 In Warehouse: 3
Shipment 7, Source:1, Going:2, Size:2, In Truck: 3
Shipment 8, Source:3, Going:1, Size:1, In Truck: 3
Shipment 9, Source:2, Going:3, Size:1, In Truck: 3
Shipment 10, Source:1, Going:3, Size:2 In Warehouse: 3
Shipment 11, Source:2, Going:3, Size:2, In Truck: 5
Shipment 12, Source:1, Going:3, Size:1 In Warehouse: 1
Shipment 13, Source:3, Going:1, Size:2 In Warehouse: 1
Shipment 14, Source:1, Going:2, Size:3 In Warehouse: 1
Shipment 15, Source:2, Going:1, Size:3 In Warehouse: 2
Shipment 16, Source:1, Going:2, Size:3 In Warehouse: 1
Shipment 17, Source:3, Going:2, Size:1 In Warehouse: 3
Shipment 18, Source:1, Going:2, Size:1, In Truck: 7
Shipment 19, Source:1, Going:2, Size:3 In Warehouse: 2
Shipment 20, Source:1, Going:2, Size:2 In Warehouse: 2
Shipment 21, Source:2, Going:1, Size:1 In Warehouse: 1
Shipment 22, Source:3, Going:1, Size:3 In Warehouse: 1
Shipment 23, Source:2, Going:3, Size:1 In Warehouse: 3
Shipment 24, Source:2, Going:3, Size:1 In Warehouse: 3
Shipment 25, Source:1, Going:2, Size:3 In Warehouse: 1
Shipment 26, Source:2, Going:1, Size:2 In Warehouse: 1
Shipment 27, Source:3, Going:2, Size:2 In Warehouse: 2
Cycle: 123
Truck 1, [74,48] , Cargo:3/4, Speed:2
 (Id 4 Source: 3, Going: 2, Size:3)
Truck 3, [74,46] , Cargo:2/4, Speed:2
 (Id 7 Source: 1, Going: 2, Size:2)
Truck 5, [51,52] , Cargo:2/5, Speed:1
 (Id 11 Source: 2, Going: 3, Size:2)
Truck 7, [38,28] , Cargo:0/5, Speed:1
WareHouse 1, [82, 34], Docks:1, [Shipment18(1,true), Shipment19(3,true), Shipment20(2,true), Shipment25(3,false), Shipment3(1,true), Shipment21(1,true), Shipment13(2,true), Shipment26(2,true), Shipment22(3,true), Shipment8(1,true)]
WareHouse 2, [74, 52], Docks:1, [Shipment26(2,true), Shipment19(3,true), Shipment27(2,true), Shipment5(2,true), Shipment20(2,true), Shipment18(1,true)]
WareHouse 3, [38, 14], Docks:1, [Shipment17(1,false), Shipment22(3,true), Shipment27(2,true), Shipment23(1,true), Shipment24(1,true), Shipment10(2,true), Shipment9(1,true), Shipment2(2,true)]
Shipment 1, Source:3, Going:2, Size:3 In Warehouse: 3
Shipment 2, Source:2, Going:3, Size:2, In Truck: 1
Shipment 3, Source:2, Going:1, Size:1, In Truck: 1
Shipment 4, Source:3, Going:2, Size:3, In Truck: 1
Shipment 5, Source:3, Going:2, Size:2 In Warehouse: 2
Shipment 6, Source:3, Going:2, Size:2 In Warehouse: 3
Shipment 7, Source:1, Going:2, Size:2, In Truck: 3
Shipment 8, Source:3, Going:1, Size:1, In Truck: 3
Shipment 9, Source:2, Going:3, Size:1, In Truck: 3
Shipment 10, Source:1, Going:3, Size:2 In Warehouse: 3
Shipment 11, Source:2, Going:3, Size:2, In Truck: 5
Shipment 12, Source:1, Going:3, Size:1 In Warehouse: 1
Shipment 13, Source:3, Going:1, Size:2 In Warehouse: 1
Shipment 14, Source:1, Going:2, Size:3 In Warehouse: 1
Shipment 15, Source:2, Going:1, Size:3 In Warehouse: 2
Shipment 16, Source:1, Going:2, Size:3 In Warehouse: 1
Shipment 17, Source:3, Going:2, Size:1 In Warehouse: 3
Shipment 18, Source:1, Going:2, Size:1, In Truck: 7
Shipment 19, Source:1, Going:2, Size:3 In Warehouse: 2
Shipment 20, Source:1, Going:2, Size:2 In Warehouse: 2
Shipment 21, Source:2, Going:1, Size:1 In Warehouse: 1
Shipment 22, Source:3, Going:1, Size:3 In Warehouse: 1
Shipment 23, Source:2, Going:3, Size:1 In Warehouse: 3
Shipment 24, Source:2, Going:3, Size:1 In Warehouse: 3
Shipment 25, Source:1, Going:2, Size:3 In Warehouse: 1
Shipment 26, Source:2, Going:1, Size:2 In Warehouse: 1
Shipment 27, Source:3, Going:2, Size:2 In Warehouse: 2
Cycle: 124
Truck 1, [74,50] , Cargo:3/4, Speed:2
 (Id 4 Source: 3, Going: 2, Size:3)
Truck 3, [74,48] , Cargo:2/4, Speed:2
 (Id 7 Source: 1, Going: 2, Size:2)
Truck 5, [50,52] , Cargo:2/5, Speed:1
 (Id 11 Source: 2, Going: 3, Size:2)
Truck 7, [38,27] , Cargo:0/5, Speed:1
WareHouse 1, [82, 34], Docks:1, [Shipment18(1,true), Shipment19(3,true), Shipment20(2,true), Shipment25(3,false), Shipment3(1,true), Shipment21(1,true), Shipment13(2,true), Shipment26(2,true), Shipment22(3,true), Shipment8(1,true)]
WareHouse 2, [74, 52], Docks:1, [Shipment26(2,true), Shipment19(3,true), Shipment27(2,true), Shipment5(2,true), Shipment20(2,true), Shipment18(1,true)]
WareHouse 3, [38, 14], Docks:1, [Shipment17(1,false), Shipment22(3,true), Shipment27(2,true), Shipment23(1,true), Shipment24(1,true), Shipment10(2,true), Shipment9(1,true), Shipment2(2,true)]
Shipment 1, Source:3, Going:2, Size:3 In Warehouse: 3
Shipment 2, Source:2, Going:3, Size:2, In Truck: 1
Shipment 3, Source:2, Going:1, Size:1, In Truck: 1
Shipment 4, Source:3, Going:2, Size:3, In Truck: 1
Shipment 5, Source:3, Going:2, Size:2 In Warehouse: 2
Shipment 6, Source:3, Going:2, Size:2 In Warehouse: 3
Shipment 7, Source:1, Going:2, Size:2, In Truck: 3
Shipment 8, Source:3, Going:1, Size:1, In Truck: 3
Shipment 9, Source:2, Going:3, Size:1, In Truck: 3
Shipment 10, Source:1, Going:3, Size:2 In Warehouse: 3
Shipment 11, Source:2, Going:3, Size:2, In Truck: 5
Shipment 12, Source:1, Going:3, Size:1 In Warehouse: 1
Shipment 13, Source:3, Going:1, Size:2 In Warehouse: 1
Shipment 14, Source:1, Going:2, Size:3 In Warehouse: 1
Shipment 15, Source:2, Going:1, Size:3 In Warehouse: 2
Shipment 16, Source:1, Going:2, Size:3 In Warehouse: 1
Shipment 17, Source:3, Going:2, Size:1 In Warehouse: 3
Shipment 18, Source:1, Going:2, Size:1, In Truck: 7
Shipment 19, Source:1, Going:2, Size:3 In Warehouse: 2
Shipment 20, Source:1, Going:2, Size:2 In Warehouse: 2
Shipment 21, Source:2, Going:1, Size:1 In Warehouse: 1
Shipment 22, Source:3, Going:1, Size:3 In Warehouse: 1
Shipment 23, Source:2, Going:3, Size:1 In Warehouse: 3
Shipment 24, Source:2, Going:3, Size:1 In Warehouse: 3
Shipment 25, Source:1, Going:2, Size:3 In Warehouse: 1
Shipment 26, Source:2, Going:1, Size:2 In Warehouse: 1
Shipment 27, Source:3, Going:2, Size:2 In Warehouse: 2
Cycle: 125
Truck 1, [74,52] , Cargo:3/4, Speed:2
 (Id 4 Source: 3, Going: 2, Size:3)
Truck 3, [74,50] , Cargo:2/4, Speed:2
 (Id 7 Source: 1, Going: 2, Size:2)
Truck 5, [49,52] , Cargo:2/5, Speed:1
 (Id 11 Source: 2, Going: 3, Size:2)
Truck 7, [38,26] , Cargo:0/5, Speed:1
WareHouse 1, [82, 34], Docks:1, [Shipment18(1,true), Shipment19(3,true), Shipment20(2,true), Shipment25(3,false), Shipment3(1,true), Shipment21(1,true), Shipment13(2,true), Shipment26(2,true), Shipment22(3,true), Shipment8(1,true)]
WareHouse 2, [74, 52], Docks:1, [Shipment26(2,true), Shipment19(3,true), Shipment27(2,true), Shipment5(2,true), Shipment20(2,true), Shipment18(1,true)]
WareHouse 3, [38, 14], Docks:1, [Shipment17(1,false), Shipment22(3,true), Shipment27(2,true), Shipment23(1,true), Shipment24(1,true), Shipment10(2,true), Shipment9(1,true), Shipment2(2,true)]
Shipment 1, Source:3, Going:2, Size:3 In Warehouse: 3
Shipment 2, Source:2, Going:3, Size:2, In Truck: 1
Shipment 3, Source:2, Going:1, Size:1, In Truck: 1
Shipment 4, Source:3, Going:2, Size:3, In Truck: 1
Shipment 5, Source:3, Going:2, Size:2 In Warehouse: 2
Shipment 6, Source:3, Going:2, Size:2 In Warehouse: 3
Shipment 7, Source:1, Going:2, Size:2, In Truck: 3
Shipment 8, Source:3, Going:1, Size:1, In Truck: 3
Shipment 9, Source:2, Going:3, Size:1, In Truck: 3
Shipment 10, Source:1, Going:3, Size:2 In Warehouse: 3
Shipment 11, Source:2, Going:3, Size:2, In Truck: 5
Shipment 12, Source:1, Going:3, Size:1 In Warehouse: 1
Shipment 13, Source:3, Going:1, Size:2 In Warehouse: 1
Shipment 14, Source:1, Going:2, Size:3 In Warehouse: 1
Shipment 15, Source:2, Going:1, Size:3 In Warehouse: 2
Shipment 16, Source:1, Going:2, Size:3 In Warehouse: 1
Shipment 17, Source:3, Going:2, Size:1 In Warehouse: 3
Shipment 18, Source:1, Going:2, Size:1, In Truck: 7
Shipment 19, Source:1, Going:2, Size:3 In Warehouse: 2
Shipment 20, Source:1, Going:2, Size:2 In Warehouse: 2
Shipment 21, Source:2, Going:1, Size:1 In Warehouse: 1
Shipment 22, Source:3, Going:1, Size:3 In Warehouse: 1
Shipment 23, Source:2, Going:3, Size:1 In Warehouse: 3
Shipment 24, Source:2, Going:3, Size:1 In Warehouse: 3
Shipment 25, Source:1, Going:2, Size:3 In Warehouse: 1
Shipment 26, Source:2, Going:1, Size:2 In Warehouse: 1
Shipment 27, Source:3, Going:2, Size:2 In Warehouse: 2
Cycle: 126
Truck 1, [74,52] , Cargo:3/4, Speed:2
 (Id 4 Source: 3, Going: 2, Size:3)
Truck 3, [74,52] , Cargo:2/4, Speed:2
 (Id 7 Source: 1, Going: 2, Size:2)
Truck 5, [48,52] , Cargo:2/5, Speed:1
 (Id 11 Source: 2, Going: 3, Size:2)
Truck 7, [38,25] , Cargo:0/5, Speed:1
WareHouse 1, [82, 34], Docks:1, [Shipment18(1,true), Shipment19(3,true), Shipment20(2,true), Shipment25(3,false), Shipment3(1,true), Shipment21(1,true), Shipment13(2,true), Shipment26(2,true), Shipment22(3,true), Shipment8(1,true)]
WareHouse 2, [74, 52], Docks:1, [Shipment26(2,true), Shipment19(3,true), Shipment27(2,true), Shipment5(2,true), Shipment20(2,true), Shipment18(1,true)]
WareHouse 3, [38, 14], Docks:1, [Shipment17(1,false), Shipment22(3,true), Shipment27(2,true), Shipment23(1,true), Shipment24(1,true), Shipment10(2,true), Shipment9(1,true), Shipment2(2,true)]
Shipment 1, Source:3, Going:2, Size:3 In Warehouse: 3
Shipment 2, Source:2, Going:3, Size:2, In Truck: 1
Shipment 3, Source:2, Going:1, Size:1, In Truck: 1
Shipment 4, Source:3, Going:2, Size:3, In Truck: 1
Shipment 5, Source:3, Going:2, Size:2 In Warehouse: 2
Shipment 6, Source:3, Going:2, Size:2 In Warehouse: 3
Shipment 7, Source:1, Going:2, Size:2, In Truck: 3
Shipment 8, Source:3, Going:1, Size:1, In Truck: 3
Shipment 9, Source:2, Going:3, Size:1, In Truck: 3
Shipment 10, Source:1, Going:3, Size:2 In Warehouse: 3
Shipment 11, Source:2, Going:3, Size:2, In Truck: 5
Shipment 12, Source:1, Going:3, Size:1 In Warehouse: 1
Shipment 13, Source:3, Going:1, Size:2 In Warehouse: 1
Shipment 14, Source:1, Going:2, Size:3 In Warehouse: 1
Shipment 15, Source:2, Going:1, Size:3 In Warehouse: 2
Shipment 16, Source:1, Going:2, Size:3 In Warehouse: 1
Shipment 17, Source:3, Going:2, Size:1 In Warehouse: 3
Shipment 18, Source:1, Going:2, Size:1, In Truck: 7
Shipment 19, Source:1, Going:2, Size:3 In Warehouse: 2
Shipment 20, Source:1, Going:2, Size:2 In Warehouse: 2
Shipment 21, Source:2, Going:1, Size:1 In Warehouse: 1
Shipment 22, Source:3, Going:1, Size:3 In Warehouse: 1
Shipment 23, Source:2, Going:3, Size:1 In Warehouse: 3
Shipment 24, Source:2, Going:3, Size:1 In Warehouse: 3
Shipment 25, Source:1, Going:2, Size:3 In Warehouse: 1
Shipment 26, Source:2, Going:1, Size:2 In Warehouse: 1
Shipment 27, Source:3, Going:2, Size:2 In Warehouse: 2
Cycle: 127
Truck 1, [74,52] , Cargo:3/4, Speed:2
 (Id 4 Source: 3, Going: 2, Size:3)
Truck 3, [74,52] , Cargo:2/4, Speed:2
 (Id 7 Source: 1, Going: 2, Size:2)
Truck 5, [47,52] , Cargo:2/5, Speed:1
 (Id 11 Source: 2, Going: 3, Size:2)
Truck 7, [38,24] , Cargo:0/5, Speed:1
WareHouse 1, [82, 34], Docks:1, [Shipment18(1,true), Shipment19(3,true), Shipment20(2,true), Shipment25(3,false), Shipment3(1,true), Shipment21(1,true), Shipment13(2,true), Shipment26(2,true), Shipment22(3,true), Shipment8(1,true)]
WareHouse 2, [74, 52], Docks:1, [Shipment26(2,true), Shipment19(3,true), Shipment27(2,true), Shipment5(2,true), Shipment20(2,true), Shipment18(1,true)]
WareHouse 3, [38, 14], Docks:1, [Shipment17(1,false), Shipment22(3,true), Shipment27(2,true), Shipment23(1,true), Shipment24(1,true), Shipment10(2,true), Shipment9(1,true), Shipment2(2,true)]
Shipment 1, Source:3, Going:2, Size:3 In Warehouse: 3
Shipment 2, Source:2, Going:3, Size:2, In Truck: 1
Shipment 3, Source:2, Going:1, Size:1, In Truck: 1
Shipment 4, Source:3, Going:2, Size:3, In Truck: 1
Shipment 5, Source:3, Going:2, Size:2 In Warehouse: 2
Shipment 6, Source:3, Going:2, Size:2 In Warehouse: 3
Shipment 7, Source:1, Going:2, Size:2, In Truck: 3
Shipment 8, Source:3, Going:1, Size:1, In Truck: 3
Shipment 9, Source:2, Going:3, Size:1, In Truck: 3
Shipment 10, Source:1, Going:3, Size:2 In Warehouse: 3
Shipment 11, Source:2, Going:3, Size:2, In Truck: 5
Shipment 12, Source:1, Going:3, Size:1 In Warehouse: 1
Shipment 13, Source:3, Going:1, Size:2 In Warehouse: 1
Shipment 14, Source:1, Going:2, Size:3 In Warehouse: 1
Shipment 15, Source:2, Going:1, Size:3 In Warehouse: 2
Shipment 16, Source:1, Going:2, Size:3 In Warehouse: 1
Shipment 17, Source:3, Going:2, Size:1 In Warehouse: 3
Shipment 18, Source:1, Going:2, Size:1, In Truck: 7
Shipment 19, Source:1, Going:2, Size:3 In Warehouse: 2
Shipment 20, Source:1, Going:2, Size:2 In Warehouse: 2
Shipment 21, Source:2, Going:1, Size:1 In Warehouse: 1
Shipment 22, Source:3, Going:1, Size:3 In Warehouse: 1
Shipment 23, Source:2, Going:3, Size:1 In Warehouse: 3
Shipment 24, Source:2, Going:3, Size:1 In Warehouse: 3
Shipment 25, Source:1, Going:2, Size:3 In Warehouse: 1
Shipment 26, Source:2, Going:1, Size:2 In Warehouse: 1
Shipment 27, Source:3, Going:2, Size:2 In Warehouse: 2
Cycle: 128
Truck 1, [74,52] , Cargo:3/4, Speed:2
 (Id 4 Source: 3, Going: 2, Size:3)
Truck 3, [74,52] , Cargo:2/4, Speed:2
 (Id 7 Source: 1, Going: 2, Size:2)
Truck 5, [46,52] , Cargo:2/5, Speed:1
 (Id 11 Source: 2, Going: 3, Size:2)
Truck 7, [38,23] , Cargo:0/5, Speed:1
WareHouse 1, [82, 34], Docks:1, [Shipment18(1,true), Shipment19(3,true), Shipment20(2,true), Shipment25(3,false), Shipment3(1,true), Shipment21(1,true), Shipment13(2,true), Shipment26(2,true), Shipment22(3,true), Shipment8(1,true)]
WareHouse 2, [74, 52], Docks:1, [Shipment26(2,true), Shipment19(3,true), Shipment27(2,true), Shipment5(2,true), Shipment20(2,true), Shipment18(1,true)]
WareHouse 3, [38, 14], Docks:1, [Shipment17(1,false), Shipment22(3,true), Shipment27(2,true), Shipment23(1,true), Shipment24(1,true), Shipment10(2,true), Shipment9(1,true), Shipment2(2,true)]
Shipment 1, Source:3, Going:2, Size:3 In Warehouse: 3
Shipment 2, Source:2, Going:3, Size:2, In Truck: 1
Shipment 3, Source:2, Going:1, Size:1, In Truck: 1
Shipment 4, Source:3, Going:2, Size:3, In Truck: 1
Shipment 5, Source:3, Going:2, Size:2 In Warehouse: 2
Shipment 6, Source:3, Going:2, Size:2 In Warehouse: 3
Shipment 7, Source:1, Going:2, Size:2, In Truck: 3
Shipment 8, Source:3, Going:1, Size:1, In Truck: 3
Shipment 9, Source:2, Going:3, Size:1, In Truck: 3
Shipment 10, Source:1, Going:3, Size:2 In Warehouse: 3
Shipment 11, Source:2, Going:3, Size:2, In Truck: 5
Shipment 12, Source:1, Going:3, Size:1 In Warehouse: 1
Shipment 13, Source:3, Going:1, Size:2 In Warehouse: 1
Shipment 14, Source:1, Going:2, Size:3 In Warehouse: 1
Shipment 15, Source:2, Going:1, Size:3 In Warehouse: 2
Shipment 16, Source:1, Going:2, Size:3 In Warehouse: 1
Shipment 17, Source:3, Going:2, Size:1 In Warehouse: 3
Shipment 18, Source:1, Going:2, Size:1, In Truck: 7
Shipment 19, Source:1, Going:2, Size:3 In Warehouse: 2
Shipment 20, Source:1, Going:2, Size:2 In Warehouse: 2
Shipment 21, Source:2, Going:1, Size:1 In Warehouse: 1
Shipment 22, Source:3, Going:1, Size:3 In Warehouse: 1
Shipment 23, Source:2, Going:3, Size:1 In Warehouse: 3
Shipment 24, Source:2, Going:3, Size:1 In Warehouse: 3
Shipment 25, Source:1, Going:2, Size:3 In Warehouse: 1
Shipment 26, Source:2, Going:1, Size:2 In Warehouse: 1
Shipment 27, Source:3, Going:2, Size:2 In Warehouse: 2
Cycle: 129
Truck 1, [74,52] , Cargo:0/4, Speed:2
Truck 3, [74,52] , Cargo:0/4, Speed:2
Truck 5, [45,52] , Cargo:2/5, Speed:1
 (Id 11 Source: 2, Going: 3, Size:2)
Truck 7, [38,22] , Cargo:0/5, Speed:1
WareHouse 1, [82, 34], Docks:1, [Shipment18(1,true), Shipment19(3,true), Shipment20(2,true), Shipment25(3,false), Shipment3(1,true), Shipment21(1,true), Shipment13(2,true), Shipment26(2,true), Shipment22(3,true), Shipment8(1,true)]
WareHouse 2, [74, 52], Docks:1, [Shipment26(2,true), Shipment19(3,true), Shipment27(2,true), Shipment5(2,true), Shipment20(2,true), Shipment18(1,true), Shipment4(3,true), Shipment7(2,true)]
WareHouse 3, [38, 14], Docks:1, [Shipment17(1,false), Shipment22(3,true), Shipment27(2,true), Shipment23(1,true), Shipment24(1,true), Shipment10(2,true), Shipment9(1,true), Shipment2(2,true)]
Shipment 1, Source:3, Going:2, Size:3 In Warehouse: 3
Shipment 2, Source:2, Going:3, Size:2, In Truck: 1
Shipment 3, Source:2, Going:1, Size:1, In Truck: 1
Shipment 4, Source:3, Going:2, Size:3, In Truck: 1
Shipment 5, Source:3, Going:2, Size:2 In Warehouse: 2
Shipment 6, Source:3, Going:2, Size:2 In Warehouse: 3
Shipment 7, Source:1, Going:2, Size:2, In Truck: 3
Shipment 8, Source:3, Going:1, Size:1, In Truck: 3
Shipment 9, Source:2, Going:3, Size:1, In Truck: 3
Shipment 10, Source:1, Going:3, Size:2 In Warehouse: 3
Shipment 11, Source:2, Going:3, Size:2, In Truck: 5
Shipment 12, Source:1, Going:3, Size:1 In Warehouse: 1
Shipment 13, Source:3, Going:1, Size:2 In Warehouse: 1
Shipment 14, Source:1, Going:2, Size:3 In Warehouse: 1
Shipment 15, Source:2, Going:1, Size:3 In Warehouse: 2
Shipment 16, Source:1, Going:2, Size:3 In Warehouse: 1
Shipment 17, Source:3, Going:2, Size:1 In Warehouse: 3
Shipment 18, Source:1, Going:2, Size:1, In Truck: 7
Shipment 19, Source:1, Going:2, Size:3 In Warehouse: 2
Shipment 20, Source:1, Going:2, Size:2 In Warehouse: 2
Shipment 21, Source:2, Going:1, Size:1 In Warehouse: 1
Shipment 22, Source:3, Going:1, Size:3 In Warehouse: 1
Shipment 23, Source:2, Going:3, Size:1 In Warehouse: 3
Shipment 24, Source:2, Going:3, Size:1 In Warehouse: 3
Shipment 25, Source:1, Going:2, Size:3 In Warehouse: 1
Shipment 26, Source:2, Going:1, Size:2 In Warehouse: 1
Shipment 27, Source:3, Going:2, Size:2 In Warehouse: 2
Cycle: 130
Truck 1, [72,52] , Cargo:0/4, Speed:2
Truck 3, [72,52] , Cargo:0/4, Speed:2
Truck 5, [44,52] , Cargo:2/5, Speed:1
 (Id 11 Source: 2, Going: 3, Size:2)
Truck 7, [38,21] , Cargo:0/5, Speed:1
WareHouse 1, [82, 34], Docks:1, [Shipment18(1,true), Shipment19(3,true), Shipment20(2,true), Shipment25(3,false), Shipment3(1,true), Shipment21(1,true), Shipment13(2,true), Shipment26(2,true), Shipment22(3,true), Shipment8(1,true)]
WareHouse 2, [74, 52], Docks:1, [Shipment26(2,true), Shipment19(3,true), Shipment27(2,true), Shipment5(2,true), Shipment20(2,true), Shipment18(1,true), Shipment4(3,true), Shipment7(2,true)]
WareHouse 3, [38, 14], Docks:1, [Shipment17(1,false), Shipment22(3,true), Shipment27(2,true), Shipment23(1,true), Shipment24(1,true), Shipment10(2,true), Shipment9(1,true), Shipment2(2,true)]
Shipment 1, Source:3, Going:2, Size:3 In Warehouse: 3
Shipment 2, Source:2, Going:3, Size:2, In Truck: 1
Shipment 3, Source:2, Going:1, Size:1, In Truck: 1
Shipment 4, Source:3, Going:2, Size:3, In Truck: 1
Shipment 5, Source:3, Going:2, Size:2 In Warehouse: 2
Shipment 6, Source:3, Going:2, Size:2 In Warehouse: 3
Shipment 7, Source:1, Going:2, Size:2, In Truck: 3
Shipment 8, Source:3, Going:1, Size:1, In Truck: 3
Shipment 9, Source:2, Going:3, Size:1, In Truck: 3
Shipment 10, Source:1, Going:3, Size:2 In Warehouse: 3
Shipment 11, Source:2, Going:3, Size:2, In Truck: 5
Shipment 12, Source:1, Going:3, Size:1 In Warehouse: 1
Shipment 13, Source:3, Going:1, Size:2 In Warehouse: 1
Shipment 14, Source:1, Going:2, Size:3 In Warehouse: 1
Shipment 15, Source:2, Going:1, Size:3 In Warehouse: 2
Shipment 16, Source:1, Going:2, Size:3 In Warehouse: 1
Shipment 17, Source:3, Going:2, Size:1 In Warehouse: 3
Shipment 18, Source:1, Going:2, Size:1, In Truck: 7
Shipment 19, Source:1, Going:2, Size:3 In Warehouse: 2
Shipment 20, Source:1, Going:2, Size:2 In Warehouse: 2
Shipment 21, Source:2, Going:1, Size:1 In Warehouse: 1
Shipment 22, Source:3, Going:1, Size:3 In Warehouse: 1
Shipment 23, Source:2, Going:3, Size:1 In Warehouse: 3
Shipment 24, Source:2, Going:3, Size:1 In Warehouse: 3
Shipment 25, Source:1, Going:2, Size:3 In Warehouse: 1
Shipment 26, Source:2, Going:1, Size:2 In Warehouse: 1
Shipment 27, Source:3, Going:2, Size:2 In Warehouse: 2
Cycle: 131
Truck 1, [70,52] , Cargo:0/4, Speed:2
Truck 3, [70,52] , Cargo:0/4, Speed:2
Truck 5, [43,52] , Cargo:2/5, Speed:1
 (Id 11 Source: 2, Going: 3, Size:2)
Truck 7, [38,20] , Cargo:0/5, Speed:1
WareHouse 1, [82, 34], Docks:1, [Shipment18(1,true), Shipment19(3,true), Shipment20(2,true), Shipment25(3,false), Shipment3(1,true), Shipment21(1,true), Shipment13(2,true), Shipment26(2,true), Shipment22(3,true), Shipment8(1,true)]
WareHouse 2, [74, 52], Docks:1, [Shipment26(2,true), Shipment19(3,true), Shipment27(2,true), Shipment5(2,true), Shipment20(2,true), Shipment18(1,true), Shipment4(3,true), Shipment7(2,true)]
WareHouse 3, [38, 14], Docks:1, [Shipment17(1,false), Shipment22(3,true), Shipment27(2,true), Shipment23(1,true), Shipment24(1,true), Shipment10(2,true), Shipment9(1,true), Shipment2(2,true)]
Shipment 1, Source:3, Going:2, Size:3 In Warehouse: 3
Shipment 2, Source:2, Going:3, Size:2, In Truck: 1
Shipment 3, Source:2, Going:1, Size:1, In Truck: 1
Shipment 4, Source:3, Going:2, Size:3, In Truck: 1
Shipment 5, Source:3, Going:2, Size:2 In Warehouse: 2
Shipment 6, Source:3, Going:2, Size:2 In Warehouse: 3
Shipment 7, Source:1, Going:2, Size:2, In Truck: 3
Shipment 8, Source:3, Going:1, Size:1, In Truck: 3
Shipment 9, Source:2, Going:3, Size:1, In Truck: 3
Shipment 10, Source:1, Going:3, Size:2 In Warehouse: 3
Shipment 11, Source:2, Going:3, Size:2, In Truck: 5
Shipment 12, Source:1, Going:3, Size:1 In Warehouse: 1
Shipment 13, Source:3, Going:1, Size:2 In Warehouse: 1
Shipment 14, Source:1, Going:2, Size:3 In Warehouse: 1
Shipment 15, Source:2, Going:1, Size:3 In Warehouse: 2
Shipment 16, Source:1, Going:2, Size:3 In Warehouse: 1
Shipment 17, Source:3, Going:2, Size:1 In Warehouse: 3
Shipment 18, Source:1, Going:2, Size:1, In Truck: 7
Shipment 19, Source:1, Going:2, Size:3 In Warehouse: 2
Shipment 20, Source:1, Going:2, Size:2 In Warehouse: 2
Shipment 21, Source:2, Going:1, Size:1 In Warehouse: 1
Shipment 22, Source:3, Going:1, Size:3 In Warehouse: 1
Shipment 23, Source:2, Going:3, Size:1 In Warehouse: 3
Shipment 24, Source:2, Going:3, Size:1 In Warehouse: 3
Shipment 25, Source:1, Going:2, Size:3 In Warehouse: 1
Shipment 26, Source:2, Going:1, Size:2 In Warehouse: 1
Shipment 27, Source:3, Going:2, Size:2 In Warehouse: 2
Cycle: 132
Truck 1, [68,52] , Cargo:0/4, Speed:2
Truck 3, [68,52] , Cargo:0/4, Speed:2
Truck 5, [42,52] , Cargo:2/5, Speed:1
 (Id 11 Source: 2, Going: 3, Size:2)
Truck 7, [38,19] , Cargo:0/5, Speed:1
WareHouse 1, [82, 34], Docks:1, [Shipment18(1,true), Shipment19(3,true), Shipment20(2,true), Shipment25(3,false), Shipment3(1,true), Shipment21(1,true), Shipment13(2,true), Shipment26(2,true), Shipment22(3,true), Shipment8(1,true)]
WareHouse 2, [74, 52], Docks:1, [Shipment26(2,true), Shipment19(3,true), Shipment27(2,true), Shipment5(2,true), Shipment20(2,true), Shipment18(1,true), Shipment4(3,true), Shipment7(2,true)]
WareHouse 3, [38, 14], Docks:1, [Shipment17(1,false), Shipment22(3,true), Shipment27(2,true), Shipment23(1,true), Shipment24(1,true), Shipment10(2,true), Shipment9(1,true), Shipment2(2,true)]
Shipment 1, Source:3, Going:2, Size:3 In Warehouse: 3
Shipment 2, Source:2, Going:3, Size:2, In Truck: 1
Shipment 3, Source:2, Going:1, Size:1, In Truck: 1
Shipment 4, Source:3, Going:2, Size:3, In Truck: 1
Shipment 5, Source:3, Going:2, Size:2 In Warehouse: 2
Shipment 6, Source:3, Going:2, Size:2 In Warehouse: 3
Shipment 7, Source:1, Going:2, Size:2, In Truck: 3
Shipment 8, Source:3, Going:1, Size:1, In Truck: 3
Shipment 9, Source:2, Going:3, Size:1, In Truck: 3
Shipment 10, Source:1, Going:3, Size:2 In Warehouse: 3
Shipment 11, Source:2, Going:3, Size:2, In Truck: 5
Shipment 12, Source:1, Going:3, Size:1 In Warehouse: 1
Shipment 13, Source:3, Going:1, Size:2 In Warehouse: 1
Shipment 14, Source:1, Going:2, Size:3 In Warehouse: 1
Shipment 15, Source:2, Going:1, Size:3 In Warehouse: 2
Shipment 16, Source:1, Going:2, Size:3 In Warehouse: 1
Shipment 17, Source:3, Going:2, Size:1 In Warehouse: 3
Shipment 18, Source:1, Going:2, Size:1, In Truck: 7
Shipment 19, Source:1, Going:2, Size:3 In Warehouse: 2
Shipment 20, Source:1, Going:2, Size:2 In Warehouse: 2
Shipment 21, Source:2, Going:1, Size:1 In Warehouse: 1
Shipment 22, Source:3, Going:1, Size:3 In Warehouse: 1
Shipment 23, Source:2, Going:3, Size:1 In Warehouse: 3
Shipment 24, Source:2, Going:3, Size:1 In Warehouse: 3
Shipment 25, Source:1, Going:2, Size:3 In Warehouse: 1
Shipment 26, Source:2, Going:1, Size:2 In Warehouse: 1
Shipment 27, Source:3, Going:2, Size:2 In Warehouse: 2
Cycle: 133
Truck 1, [66,52] , Cargo:0/4, Speed:2
Truck 3, [66,52] , Cargo:0/4, Speed:2
Truck 5, [41,52] , Cargo:2/5, Speed:1
 (Id 11 Source: 2, Going: 3, Size:2)
Truck 7, [38,18] , Cargo:0/5, Speed:1
WareHouse 1, [82, 34], Docks:1, [Shipment18(1,true), Shipment19(3,true), Shipment20(2,true), Shipment25(3,false), Shipment3(1,true), Shipment21(1,true), Shipment13(2,true), Shipment26(2,true), Shipment22(3,true), Shipment8(1,true)]
WareHouse 2, [74, 52], Docks:1, [Shipment26(2,true), Shipment19(3,true), Shipment27(2,true), Shipment5(2,true), Shipment20(2,true), Shipment18(1,true), Shipment4(3,true), Shipment7(2,true)]
WareHouse 3, [38, 14], Docks:1, [Shipment17(1,false), Shipment22(3,true), Shipment27(2,true), Shipment23(1,true), Shipment24(1,true), Shipment10(2,true), Shipment9(1,true), Shipment2(2,true)]
Shipment 1, Source:3, Going:2, Size:3 In Warehouse: 3
Shipment 2, Source:2, Going:3, Size:2, In Truck: 1
Shipment 3, Source:2, Going:1, Size:1, In Truck: 1
Shipment 4, Source:3, Going:2, Size:3, In Truck: 1
Shipment 5, Source:3, Going:2, Size:2 In Warehouse: 2
Shipment 6, Source:3, Going:2, Size:2 In Warehouse: 3
Shipment 7, Source:1, Going:2, Size:2, In Truck: 3
Shipment 8, Source:3, Going:1, Size:1, In Truck: 3
Shipment 9, Source:2, Going:3, Size:1, In Truck: 3
Shipment 10, Source:1, Going:3, Size:2 In Warehouse: 3
Shipment 11, Source:2, Going:3, Size:2, In Truck: 5
Shipment 12, Source:1, Going:3, Size:1 In Warehouse: 1
Shipment 13, Source:3, Going:1, Size:2 In Warehouse: 1
Shipment 14, Source:1, Going:2, Size:3 In Warehouse: 1
Shipment 15, Source:2, Going:1, Size:3 In Warehouse: 2
Shipment 16, Source:1, Going:2, Size:3 In Warehouse: 1
Shipment 17, Source:3, Going:2, Size:1 In Warehouse: 3
Shipment 18, Source:1, Going:2, Size:1, In Truck: 7
Shipment 19, Source:1, Going:2, Size:3 In Warehouse: 2
Shipment 20, Source:1, Going:2, Size:2 In Warehouse: 2
Shipment 21, Source:2, Going:1, Size:1 In Warehouse: 1
Shipment 22, Source:3, Going:1, Size:3 In Warehouse: 1
Shipment 23, Source:2, Going:3, Size:1 In Warehouse: 3
Shipment 24, Source:2, Going:3, Size:1 In Warehouse: 3
Shipment 25, Source:1, Going:2, Size:3 In Warehouse: 1
Shipment 26, Source:2, Going:1, Size:2 In Warehouse: 1
Shipment 27, Source:3, Going:2, Size:2 In Warehouse: 2
Cycle: 134
Truck 1, [64,52] , Cargo:0/4, Speed:2
Truck 3, [64,52] , Cargo:0/4, Speed:2
Truck 5, [40,52] , Cargo:2/5, Speed:1
 (Id 11 Source: 2, Going: 3, Size:2)
Truck 7, [38,17] , Cargo:0/5, Speed:1
WareHouse 1, [82, 34], Docks:1, [Shipment18(1,true), Shipment19(3,true), Shipment20(2,true), Shipment25(3,false), Shipment3(1,true), Shipment21(1,true), Shipment13(2,true), Shipment26(2,true), Shipment22(3,true), Shipment8(1,true)]
WareHouse 2, [74, 52], Docks:1, [Shipment26(2,true), Shipment19(3,true), Shipment27(2,true), Shipment5(2,true), Shipment20(2,true), Shipment18(1,true), Shipment4(3,true), Shipment7(2,true)]
WareHouse 3, [38, 14], Docks:1, [Shipment17(1,false), Shipment22(3,true), Shipment27(2,true), Shipment23(1,true), Shipment24(1,true), Shipment10(2,true), Shipment9(1,true), Shipment2(2,true)]
Shipment 1, Source:3, Going:2, Size:3 In Warehouse: 3
Shipment 2, Source:2, Going:3, Size:2, In Truck: 1
Shipment 3, Source:2, Going:1, Size:1, In Truck: 1
Shipment 4, Source:3, Going:2, Size:3, In Truck: 1
Shipment 5, Source:3, Going:2, Size:2 In Warehouse: 2
Shipment 6, Source:3, Going:2, Size:2 In Warehouse: 3
Shipment 7, Source:1, Going:2, Size:2, In Truck: 3
Shipment 8, Source:3, Going:1, Size:1, In Truck: 3
Shipment 9, Source:2, Going:3, Size:1, In Truck: 3
Shipment 10, Source:1, Going:3, Size:2 In Warehouse: 3
Shipment 11, Source:2, Going:3, Size:2, In Truck: 5
Shipment 12, Source:1, Going:3, Size:1 In Warehouse: 1
Shipment 13, Source:3, Going:1, Size:2 In Warehouse: 1
Shipment 14, Source:1, Going:2, Size:3 In Warehouse: 1
Shipment 15, Source:2, Going:1, Size:3 In Warehouse: 2
Shipment 16, Source:1, Going:2, Size:3 In Warehouse: 1
Shipment 17, Source:3, Going:2, Size:1 In Warehouse: 3
Shipment 18, Source:1, Going:2, Size:1, In Truck: 7
Shipment 19, Source:1, Going:2, Size:3 In Warehouse: 2
Shipment 20, Source:1, Going:2, Size:2 In Warehouse: 2
Shipment 21, Source:2, Going:1, Size:1 In Warehouse: 1
Shipment 22, Source:3, Going:1, Size:3 In Warehouse: 1
Shipment 23, Source:2, Going:3, Size:1 In Warehouse: 3
Shipment 24, Source:2, Going:3, Size:1 In Warehouse: 3
Shipment 25, Source:1, Going:2, Size:3 In Warehouse: 1
Shipment 26, Source:2, Going:1, Size:2 In Warehouse: 1
Shipment 27, Source:3, Going:2, Size:2 In Warehouse: 2
Cycle: 135
Truck 1, [62,52] , Cargo:0/4, Speed:2
Truck 3, [62,52] , Cargo:0/4, Speed:2
Truck 5, [39,52] , Cargo:2/5, Speed:1
 (Id 11 Source: 2, Going: 3, Size:2)
Truck 7, [38,16] , Cargo:0/5, Speed:1
WareHouse 1, [82, 34], Docks:1, [Shipment18(1,true), Shipment19(3,true), Shipment20(2,true), Shipment25(3,false), Shipment3(1,true), Shipment21(1,true), Shipment13(2,true), Shipment26(2,true), Shipment22(3,true), Shipment8(1,true)]
WareHouse 2, [74, 52], Docks:1, [Shipment26(2,true), Shipment19(3,true), Shipment27(2,true), Shipment5(2,true), Shipment20(2,true), Shipment18(1,true), Shipment4(3,true), Shipment7(2,true)]
WareHouse 3, [38, 14], Docks:1, [Shipment17(1,false), Shipment22(3,true), Shipment27(2,true), Shipment23(1,true), Shipment24(1,true), Shipment10(2,true), Shipment9(1,true), Shipment2(2,true)]
Shipment 1, Source:3, Going:2, Size:3 In Warehouse: 3
Shipment 2, Source:2, Going:3, Size:2, In Truck: 1
Shipment 3, Source:2, Going:1, Size:1, In Truck: 1
Shipment 4, Source:3, Going:2, Size:3, In Truck: 1
Shipment 5, Source:3, Going:2, Size:2 In Warehouse: 2
Shipment 6, Source:3, Going:2, Size:2 In Warehouse: 3
Shipment 7, Source:1, Going:2, Size:2, In Truck: 3
Shipment 8, Source:3, Going:1, Size:1, In Truck: 3
Shipment 9, Source:2, Going:3, Size:1, In Truck: 3
Shipment 10, Source:1, Going:3, Size:2 In Warehouse: 3
Shipment 11, Source:2, Going:3, Size:2, In Truck: 5
Shipment 12, Source:1, Going:3, Size:1 In Warehouse: 1
Shipment 13, Source:3, Going:1, Size:2 In Warehouse: 1
Shipment 14, Source:1, Going:2, Size:3 In Warehouse: 1
Shipment 15, Source:2, Going:1, Size:3 In Warehouse: 2
Shipment 16, Source:1, Going:2, Size:3 In Warehouse: 1
Shipment 17, Source:3, Going:2, Size:1 In Warehouse: 3
Shipment 18, Source:1, Going:2, Size:1, In Truck: 7
Shipment 19, Source:1, Going:2, Size:3 In Warehouse: 2
Shipment 20, Source:1, Going:2, Size:2 In Warehouse: 2
Shipment 21, Source:2, Going:1, Size:1 In Warehouse: 1
Shipment 22, Source:3, Going:1, Size:3 In Warehouse: 1
Shipment 23, Source:2, Going:3, Size:1 In Warehouse: 3
Shipment 24, Source:2, Going:3, Size:1 In Warehouse: 3
Shipment 25, Source:1, Going:2, Size:3 In Warehouse: 1
Shipment 26, Source:2, Going:1, Size:2 In Warehouse: 1
Shipment 27, Source:3, Going:2, Size:2 In Warehouse: 2
Cycle: 136
Truck 1, [60,52] , Cargo:0/4, Speed:2
Truck 3, [60,52] , Cargo:0/4, Speed:2
Truck 5, [38,52] , Cargo:2/5, Speed:1
 (Id 11 Source: 2, Going: 3, Size:2)
Truck 7, [38,15] , Cargo:0/5, Speed:1
WareHouse 1, [82, 34], Docks:1, [Shipment18(1,true), Shipment19(3,true), Shipment20(2,true), Shipment25(3,false), Shipment3(1,true), Shipment21(1,true), Shipment13(2,true), Shipment26(2,true), Shipment22(3,true), Shipment8(1,true)]
WareHouse 2, [74, 52], Docks:1, [Shipment26(2,true), Shipment19(3,true), Shipment27(2,true), Shipment5(2,true), Shipment20(2,true), Shipment18(1,true), Shipment4(3,true), Shipment7(2,true)]
WareHouse 3, [38, 14], Docks:1, [Shipment17(1,false), Shipment22(3,true), Shipment27(2,true), Shipment23(1,true), Shipment24(1,true), Shipment10(2,true), Shipment9(1,true), Shipment2(2,true)]
Shipment 1, Source:3, Going:2, Size:3 In Warehouse: 3
Shipment 2, Source:2, Going:3, Size:2, In Truck: 1
Shipment 3, Source:2, Going:1, Size:1, In Truck: 1
Shipment 4, Source:3, Going:2, Size:3, In Truck: 1
Shipment 5, Source:3, Going:2, Size:2 In Warehouse: 2
Shipment 6, Source:3, Going:2, Size:2 In Warehouse: 3
Shipment 7, Source:1, Going:2, Size:2, In Truck: 3
Shipment 8, Source:3, Going:1, Size:1, In Truck: 3
Shipment 9, Source:2, Going:3, Size:1, In Truck: 3
Shipment 10, Source:1, Going:3, Size:2 In Warehouse: 3
Shipment 11, Source:2, Going:3, Size:2, In Truck: 5
Shipment 12, Source:1, Going:3, Size:1 In Warehouse: 1
Shipment 13, Source:3, Going:1, Size:2 In Warehouse: 1
Shipment 14, Source:1, Going:2, Size:3 In Warehouse: 1
Shipment 15, Source:2, Going:1, Size:3 In Warehouse: 2
Shipment 16, Source:1, Going:2, Size:3 In Warehouse: 1
Shipment 17, Source:3, Going:2, Size:1 In Warehouse: 3
Shipment 18, Source:1, Going:2, Size:1, In Truck: 7
Shipment 19, Source:1, Going:2, Size:3 In Warehouse: 2
Shipment 20, Source:1, Going:2, Size:2 In Warehouse: 2
Shipment 21, Source:2, Going:1, Size:1 In Warehouse: 1
Shipment 22, Source:3, Going:1, Size:3 In Warehouse: 1
Shipment 23, Source:2, Going:3, Size:1 In Warehouse: 3
Shipment 24, Source:2, Going:3, Size:1 In Warehouse: 3
Shipment 25, Source:1, Going:2, Size:3 In Warehouse: 1
Shipment 26, Source:2, Going:1, Size:2 In Warehouse: 1
Shipment 27, Source:3, Going:2, Size:2 In Warehouse: 2
Cycle: 137
Truck 1, [58,52] , Cargo:0/4, Speed:2
Truck 3, [58,52] , Cargo:0/4, Speed:2
Truck 5, [38,51] , Cargo:2/5, Speed:1
 (Id 11 Source: 2, Going: 3, Size:2)
Truck 7, [38,14] , Cargo:0/5, Speed:1
WareHouse 1, [82, 34], Docks:1, [Shipment18(1,true), Shipment19(3,true), Shipment20(2,true), Shipment25(3,false), Shipment3(1,true), Shipment21(1,true), Shipment13(2,true), Shipment26(2,true), Shipment22(3,true), Shipment8(1,true)]
WareHouse 2, [74, 52], Docks:1, [Shipment26(2,true), Shipment19(3,true), Shipment27(2,true), Shipment5(2,true), Shipment20(2,true), Shipment18(1,true), Shipment4(3,true), Shipment7(2,true)]
WareHouse 3, [38, 14], Docks:1, [Shipment17(1,false), Shipment22(3,true), Shipment27(2,true), Shipment23(1,true), Shipment24(1,true), Shipment10(2,true), Shipment9(1,true), Shipment2(2,true)]
Shipment 1, Source:3, Going:2, Size:3 In Warehouse: 3
Shipment 2, Source:2, Going:3, Size:2, In Truck: 1
Shipment 3, Source:2, Going:1, Size:1, In Truck: 1
Shipment 4, Source:3, Going:2, Size:3, In Truck: 1
Shipment 5, Source:3, Going:2, Size:2 In Warehouse: 2
Shipment 6, Source:3, Going:2, Size:2 In Warehouse: 3
Shipment 7, Source:1, Going:2, Size:2, In Truck: 3
Shipment 8, Source:3, Going:1, Size:1, In Truck: 3
Shipment 9, Source:2, Going:3, Size:1, In Truck: 3
Shipment 10, Source:1, Going:3, Size:2 In Warehouse: 3
Shipment 11, Source:2, Going:3, Size:2, In Truck: 5
Shipment 12, Source:1, Going:3, Size:1 In Warehouse: 1
Shipment 13, Source:3, Going:1, Size:2 In Warehouse: 1
Shipment 14, Source:1, Going:2, Size:3 In Warehouse: 1
Shipment 15, Source:2, Going:1, Size:3 In Warehouse: 2
Shipment 16, Source:1, Going:2, Size:3 In Warehouse: 1
Shipment 17, Source:3, Going:2, Size:1 In Warehouse: 3
Shipment 18, Source:1, Going:2, Size:1, In Truck: 7
Shipment 19, Source:1, Going:2, Size:3 In Warehouse: 2
Shipment 20, Source:1, Going:2, Size:2 In Warehouse: 2
Shipment 21, Source:2, Going:1, Size:1 In Warehouse: 1
Shipment 22, Source:3, Going:1, Size:3 In Warehouse: 1
Shipment 23, Source:2, Going:3, Size:1 In Warehouse: 3
Shipment 24, Source:2, Going:3, Size:1 In Warehouse: 3
Shipment 25, Source:1, Going:2, Size:3 In Warehouse: 1
Shipment 26, Source:2, Going:1, Size:2 In Warehouse: 1
Shipment 27, Source:3, Going:2, Size:2 In Warehouse: 2
Cycle: 138
Truck 1, [56,52] , Cargo:0/4, Speed:2
Truck 3, [56,52] , Cargo:0/4, Speed:2
Truck 5, [38,50] , Cargo:2/5, Speed:1
 (Id 11 Source: 2, Going: 3, Size:2)
Truck 7, [38,14] , Cargo:0/5, Speed:1
WareHouse 1, [82, 34], Docks:1, [Shipment18(1,true), Shipment19(3,true), Shipment20(2,true), Shipment25(3,false), Shipment3(1,true), Shipment21(1,true), Shipment13(2,true), Shipment26(2,true), Shipment22(3,true), Shipment8(1,true)]
WareHouse 2, [74, 52], Docks:1, [Shipment26(2,true), Shipment19(3,true), Shipment27(2,true), Shipment5(2,true), Shipment20(2,true), Shipment18(1,true), Shipment4(3,true), Shipment7(2,true)]
WareHouse 3, [38, 14], Docks:1, [Shipment17(1,false), Shipment22(3,true), Shipment27(2,true), Shipment23(1,true), Shipment24(1,true), Shipment10(2,true), Shipment9(1,true), Shipment2(2,true)]
Shipment 1, Source:3, Going:2, Size:3 In Warehouse: 3
Shipment 2, Source:2, Going:3, Size:2, In Truck: 1
Shipment 3, Source:2, Going:1, Size:1, In Truck: 1
Shipment 4, Source:3, Going:2, Size:3, In Truck: 1
Shipment 5, Source:3, Going:2, Size:2 In Warehouse: 2
Shipment 6, Source:3, Going:2, Size:2 In Warehouse: 3
Shipment 7, Source:1, Going:2, Size:2, In Truck: 3
Shipment 8, Source:3, Going:1, Size:1, In Truck: 3
Shipment 9, Source:2, Going:3, Size:1, In Truck: 3
Shipment 10, Source:1, Going:3, Size:2 In Warehouse: 3
Shipment 11, Source:2, Going:3, Size:2, In Truck: 5
Shipment 12, Source:1, Going:3, Size:1 In Warehouse: 1
Shipment 13, Source:3, Going:1, Size:2 In Warehouse: 1
Shipment 14, Source:1, Going:2, Size:3 In Warehouse: 1
Shipment 15, Source:2, Going:1, Size:3 In Warehouse: 2
Shipment 16, Source:1, Going:2, Size:3 In Warehouse: 1
Shipment 17, Source:3, Going:2, Size:1 In Warehouse: 3
Shipment 18, Source:1, Going:2, Size:1, In Truck: 7
Shipment 19, Source:1, Going:2, Size:3 In Warehouse: 2
Shipment 20, Source:1, Going:2, Size:2 In Warehouse: 2
Shipment 21, Source:2, Going:1, Size:1 In Warehouse: 1
Shipment 22, Source:3, Going:1, Size:3 In Warehouse: 1
Shipment 23, Source:2, Going:3, Size:1 In Warehouse: 3
Shipment 24, Source:2, Going:3, Size:1 In Warehouse: 3
Shipment 25, Source:1, Going:2, Size:3 In Warehouse: 1
Shipment 26, Source:2, Going:1, Size:2 In Warehouse: 1
Shipment 27, Source:3, Going:2, Size:2 In Warehouse: 2
Cycle: 139
Truck 1, [54,52] , Cargo:0/4, Speed:2
Truck 3, [54,52] , Cargo:0/4, Speed:2
Truck 5, [38,49] , Cargo:2/5, Speed:1
 (Id 11 Source: 2, Going: 3, Size:2)
Truck 7, [38,14] , Cargo:1/5, Speed:1
 (Id 17 Source: 3, Going: 2, Size:1)
WareHouse 1, [82, 34], Docks:1, [Shipment18(1,true), Shipment19(3,true), Shipment20(2,true), Shipment25(3,false), Shipment3(1,true), Shipment21(1,true), Shipment13(2,true), Shipment26(2,true), Shipment22(3,true), Shipment8(1,true)]
WareHouse 2, [74, 52], Docks:1, [Shipment26(2,true), Shipment19(3,true), Shipment27(2,true), Shipment5(2,true), Shipment20(2,true), Shipment18(1,true), Shipment4(3,true), Shipment7(2,true)]
WareHouse 3, [38, 14], Docks:1, [Shipment22(3,true), Shipment27(2,true), Shipment23(1,true), Shipment24(1,true), Shipment10(2,true), Shipment9(1,true), Shipment2(2,true)]
Shipment 1, Source:3, Going:2, Size:3 In Warehouse: 3
Shipment 2, Source:2, Going:3, Size:2, In Truck: 1
Shipment 3, Source:2, Going:1, Size:1, In Truck: 1
Shipment 4, Source:3, Going:2, Size:3, In Truck: 1
Shipment 5, Source:3, Going:2, Size:2 In Warehouse: 2
Shipment 6, Source:3, Going:2, Size:2 In Warehouse: 3
Shipment 7, Source:1, Going:2, Size:2, In Truck: 3
Shipment 8, Source:3, Going:1, Size:1, In Truck: 3
Shipment 9, Source:2, Going:3, Size:1, In Truck: 3
Shipment 10, Source:1, Going:3, Size:2 In Warehouse: 3
Shipment 11, Source:2, Going:3, Size:2, In Truck: 5
Shipment 12, Source:1, Going:3, Size:1 In Warehouse: 1
Shipment 13, Source:3, Going:1, Size:2 In Warehouse: 1
Shipment 14, Source:1, Going:2, Size:3 In Warehouse: 1
Shipment 15, Source:2, Going:1, Size:3 In Warehouse: 2
Shipment 16, Source:1, Going:2, Size:3 In Warehouse: 1
Shipment 17, Source:3, Going:2, Size:1, In Truck: 7
Shipment 18, Source:1, Going:2, Size:1, In Truck: 7
Shipment 19, Source:1, Going:2, Size:3 In Warehouse: 2
Shipment 20, Source:1, Going:2, Size:2 In Warehouse: 2
Shipment 21, Source:2, Going:1, Size:1 In Warehouse: 1
Shipment 22, Source:3, Going:1, Size:3 In Warehouse: 1
Shipment 23, Source:2, Going:3, Size:1 In Warehouse: 3
Shipment 24, Source:2, Going:3, Size:1 In Warehouse: 3
Shipment 25, Source:1, Going:2, Size:3 In Warehouse: 1
Shipment 26, Source:2, Going:1, Size:2 In Warehouse: 1
Shipment 27, Source:3, Going:2, Size:2 In Warehouse: 2
Cycle: 140
Truck 1, [52,52] , Cargo:0/4, Speed:2
Truck 3, [52,52] , Cargo:0/4, Speed:2
Truck 5, [38,48] , Cargo:2/5, Speed:1
 (Id 11 Source: 2, Going: 3, Size:2)
Truck 7, [39,14] , Cargo:1/5, Speed:1
 (Id 17 Source: 3, Going: 2, Size:1)
WareHouse 1, [82, 34], Docks:1, [Shipment18(1,true), Shipment19(3,true), Shipment20(2,true), Shipment25(3,false), Shipment3(1,true), Shipment21(1,true), Shipment13(2,true), Shipment26(2,true), Shipment22(3,true), Shipment8(1,true)]
WareHouse 2, [74, 52], Docks:1, [Shipment26(2,true), Shipment19(3,true), Shipment27(2,true), Shipment5(2,true), Shipment20(2,true), Shipment18(1,true), Shipment4(3,true), Shipment7(2,true)]
WareHouse 3, [38, 14], Docks:1, [Shipment22(3,true), Shipment27(2,true), Shipment23(1,true), Shipment24(1,true), Shipment10(2,true), Shipment9(1,true), Shipment2(2,true)]
Shipment 1, Source:3, Going:2, Size:3 In Warehouse: 3
Shipment 2, Source:2, Going:3, Size:2, In Truck: 1
Shipment 3, Source:2, Going:1, Size:1, In Truck: 1
Shipment 4, Source:3, Going:2, Size:3, In Truck: 1
Shipment 5, Source:3, Going:2, Size:2 In Warehouse: 2
Shipment 6, Source:3, Going:2, Size:2 In Warehouse: 3
Shipment 7, Source:1, Going:2, Size:2, In Truck: 3
Shipment 8, Source:3, Going:1, Size:1, In Truck: 3
Shipment 9, Source:2, Going:3, Size:1, In Truck: 3
Shipment 10, Source:1, Going:3, Size:2 In Warehouse: 3
Shipment 11, Source:2, Going:3, Size:2, In Truck: 5
Shipment 12, Source:1, Going:3, Size:1 In Warehouse: 1
Shipment 13, Source:3, Going:1, Size:2 In Warehouse: 1
Shipment 14, Source:1, Going:2, Size:3 In Warehouse: 1
Shipment 15, Source:2, Going:1, Size:3 In Warehouse: 2
Shipment 16, Source:1, Going:2, Size:3 In Warehouse: 1
Shipment 17, Source:3, Going:2, Size:1, In Truck: 7
Shipment 18, Source:1, Going:2, Size:1, In Truck: 7
Shipment 19, Source:1, Going:2, Size:3 In Warehouse: 2
Shipment 20, Source:1, Going:2, Size:2 In Warehouse: 2
Shipment 21, Source:2, Going:1, Size:1 In Warehouse: 1
Shipment 22, Source:3, Going:1, Size:3 In Warehouse: 1
Shipment 23, Source:2, Going:3, Size:1 In Warehouse: 3
Shipment 24, Source:2, Going:3, Size:1 In Warehouse: 3
Shipment 25, Source:1, Going:2, Size:3 In Warehouse: 1
Shipment 26, Source:2, Going:1, Size:2 In Warehouse: 1
Shipment 27, Source:3, Going:2, Size:2 In Warehouse: 2
Cycle: 141
Truck 1, [50,52] , Cargo:0/4, Speed:2
Truck 3, [50,52] , Cargo:0/4, Speed:2
Truck 5, [38,47] , Cargo:2/5, Speed:1
 (Id 11 Source: 2, Going: 3, Size:2)
Truck 7, [40,14] , Cargo:1/5, Speed:1
 (Id 17 Source: 3, Going: 2, Size:1)
WareHouse 1, [82, 34], Docks:1, [Shipment18(1,true), Shipment19(3,true), Shipment20(2,true), Shipment25(3,false), Shipment3(1,true), Shipment21(1,true), Shipment13(2,true), Shipment26(2,true), Shipment22(3,true), Shipment8(1,true)]
WareHouse 2, [74, 52], Docks:1, [Shipment26(2,true), Shipment19(3,true), Shipment27(2,true), Shipment5(2,true), Shipment20(2,true), Shipment18(1,true), Shipment4(3,true), Shipment7(2,true)]
WareHouse 3, [38, 14], Docks:1, [Shipment22(3,true), Shipment27(2,true), Shipment23(1,true), Shipment24(1,true), Shipment10(2,true), Shipment9(1,true), Shipment2(2,true)]
Shipment 1, Source:3, Going:2, Size:3 In Warehouse: 3
Shipment 2, Source:2, Going:3, Size:2, In Truck: 1
Shipment 3, Source:2, Going:1, Size:1, In Truck: 1
Shipment 4, Source:3, Going:2, Size:3, In Truck: 1
Shipment 5, Source:3, Going:2, Size:2 In Warehouse: 2
Shipment 6, Source:3, Going:2, Size:2 In Warehouse: 3
Shipment 7, Source:1, Going:2, Size:2, In Truck: 3
Shipment 8, Source:3, Going:1, Size:1, In Truck: 3
Shipment 9, Source:2, Going:3, Size:1, In Truck: 3
Shipment 10, Source:1, Going:3, Size:2 In Warehouse: 3
Shipment 11, Source:2, Going:3, Size:2, In Truck: 5
Shipment 12, Source:1, Going:3, Size:1 In Warehouse: 1
Shipment 13, Source:3, Going:1, Size:2 In Warehouse: 1
Shipment 14, Source:1, Going:2, Size:3 In Warehouse: 1
Shipment 15, Source:2, Going:1, Size:3 In Warehouse: 2
Shipment 16, Source:1, Going:2, Size:3 In Warehouse: 1
Shipment 17, Source:3, Going:2, Size:1, In Truck: 7
Shipment 18, Source:1, Going:2, Size:1, In Truck: 7
Shipment 19, Source:1, Going:2, Size:3 In Warehouse: 2
Shipment 20, Source:1, Going:2, Size:2 In Warehouse: 2
Shipment 21, Source:2, Going:1, Size:1 In Warehouse: 1
Shipment 22, Source:3, Going:1, Size:3 In Warehouse: 1
Shipment 23, Source:2, Going:3, Size:1 In Warehouse: 3
Shipment 24, Source:2, Going:3, Size:1 In Warehouse: 3
Shipment 25, Source:1, Going:2, Size:3 In Warehouse: 1
Shipment 26, Source:2, Going:1, Size:2 In Warehouse: 1
Shipment 27, Source:3, Going:2, Size:2 In Warehouse: 2
Cycle: 142
Truck 1, [48,52] , Cargo:0/4, Speed:2
Truck 3, [48,52] , Cargo:0/4, Speed:2
Truck 5, [38,46] , Cargo:2/5, Speed:1
 (Id 11 Source: 2, Going: 3, Size:2)
Truck 7, [41,14] , Cargo:1/5, Speed:1
 (Id 17 Source: 3, Going: 2, Size:1)
WareHouse 1, [82, 34], Docks:1, [Shipment18(1,true), Shipment19(3,true), Shipment20(2,true), Shipment25(3,false), Shipment3(1,true), Shipment21(1,true), Shipment13(2,true), Shipment26(2,true), Shipment22(3,true), Shipment8(1,true)]
WareHouse 2, [74, 52], Docks:1, [Shipment26(2,true), Shipment19(3,true), Shipment27(2,true), Shipment5(2,true), Shipment20(2,true), Shipment18(1,true), Shipment4(3,true), Shipment7(2,true)]
WareHouse 3, [38, 14], Docks:1, [Shipment22(3,true), Shipment27(2,true), Shipment23(1,true), Shipment24(1,true), Shipment10(2,true), Shipment9(1,true), Shipment2(2,true)]
Shipment 1, Source:3, Going:2, Size:3 In Warehouse: 3
Shipment 2, Source:2, Going:3, Size:2, In Truck: 1
Shipment 3, Source:2, Going:1, Size:1, In Truck: 1
Shipment 4, Source:3, Going:2, Size:3, In Truck: 1
Shipment 5, Source:3, Going:2, Size:2 In Warehouse: 2
Shipment 6, Source:3, Going:2, Size:2 In Warehouse: 3
Shipment 7, Source:1, Going:2, Size:2, In Truck: 3
Shipment 8, Source:3, Going:1, Size:1, In Truck: 3
Shipment 9, Source:2, Going:3, Size:1, In Truck: 3
Shipment 10, Source:1, Going:3, Size:2 In Warehouse: 3
Shipment 11, Source:2, Going:3, Size:2, In Truck: 5
Shipment 12, Source:1, Going:3, Size:1 In Warehouse: 1
Shipment 13, Source:3, Going:1, Size:2 In Warehouse: 1
Shipment 14, Source:1, Going:2, Size:3 In Warehouse: 1
Shipment 15, Source:2, Going:1, Size:3 In Warehouse: 2
Shipment 16, Source:1, Going:2, Size:3 In Warehouse: 1
Shipment 17, Source:3, Going:2, Size:1, In Truck: 7
Shipment 18, Source:1, Going:2, Size:1, In Truck: 7
Shipment 19, Source:1, Going:2, Size:3 In Warehouse: 2
Shipment 20, Source:1, Going:2, Size:2 In Warehouse: 2
Shipment 21, Source:2, Going:1, Size:1 In Warehouse: 1
Shipment 22, Source:3, Going:1, Size:3 In Warehouse: 1
Shipment 23, Source:2, Going:3, Size:1 In Warehouse: 3
Shipment 24, Source:2, Going:3, Size:1 In Warehouse: 3
Shipment 25, Source:1, Going:2, Size:3 In Warehouse: 1
Shipment 26, Source:2, Going:1, Size:2 In Warehouse: 1
Shipment 27, Source:3, Going:2, Size:2 In Warehouse: 2
Cycle: 143
Truck 1, [46,52] , Cargo:0/4, Speed:2
Truck 3, [46,52] , Cargo:0/4, Speed:2
Truck 5, [38,45] , Cargo:2/5, Speed:1
 (Id 11 Source: 2, Going: 3, Size:2)
Truck 7, [42,14] , Cargo:1/5, Speed:1
 (Id 17 Source: 3, Going: 2, Size:1)
WareHouse 1, [82, 34], Docks:1, [Shipment18(1,true), Shipment19(3,true), Shipment20(2,true), Shipment25(3,false), Shipment3(1,true), Shipment21(1,true), Shipment13(2,true), Shipment26(2,true), Shipment22(3,true), Shipment8(1,true)]
WareHouse 2, [74, 52], Docks:1, [Shipment26(2,true), Shipment19(3,true), Shipment27(2,true), Shipment5(2,true), Shipment20(2,true), Shipment18(1,true), Shipment4(3,true), Shipment7(2,true)]
WareHouse 3, [38, 14], Docks:1, [Shipment22(3,true), Shipment27(2,true), Shipment23(1,true), Shipment24(1,true), Shipment10(2,true), Shipment9(1,true), Shipment2(2,true)]
Shipment 1, Source:3, Going:2, Size:3 In Warehouse: 3
Shipment 2, Source:2, Going:3, Size:2, In Truck: 1
Shipment 3, Source:2, Going:1, Size:1, In Truck: 1
Shipment 4, Source:3, Going:2, Size:3, In Truck: 1
Shipment 5, Source:3, Going:2, Size:2 In Warehouse: 2
Shipment 6, Source:3, Going:2, Size:2 In Warehouse: 3
Shipment 7, Source:1, Going:2, Size:2, In Truck: 3
Shipment 8, Source:3, Going:1, Size:1, In Truck: 3
Shipment 9, Source:2, Going:3, Size:1, In Truck: 3
Shipment 10, Source:1, Going:3, Size:2 In Warehouse: 3
Shipment 11, Source:2, Going:3, Size:2, In Truck: 5
Shipment 12, Source:1, Going:3, Size:1 In Warehouse: 1
Shipment 13, Source:3, Going:1, Size:2 In Warehouse: 1
Shipment 14, Source:1, Going:2, Size:3 In Warehouse: 1
Shipment 15, Source:2, Going:1, Size:3 In Warehouse: 2
Shipment 16, Source:1, Going:2, Size:3 In Warehouse: 1
Shipment 17, Source:3, Going:2, Size:1, In Truck: 7
Shipment 18, Source:1, Going:2, Size:1, In Truck: 7
Shipment 19, Source:1, Going:2, Size:3 In Warehouse: 2
Shipment 20, Source:1, Going:2, Size:2 In Warehouse: 2
Shipment 21, Source:2, Going:1, Size:1 In Warehouse: 1
Shipment 22, Source:3, Going:1, Size:3 In Warehouse: 1
Shipment 23, Source:2, Going:3, Size:1 In Warehouse: 3
Shipment 24, Source:2, Going:3, Size:1 In Warehouse: 3
Shipment 25, Source:1, Going:2, Size:3 In Warehouse: 1
Shipment 26, Source:2, Going:1, Size:2 In Warehouse: 1
Shipment 27, Source:3, Going:2, Size:2 In Warehouse: 2
Cycle: 144
Truck 1, [44,52] , Cargo:0/4, Speed:2
Truck 3, [44,52] , Cargo:0/4, Speed:2
Truck 5, [38,44] , Cargo:2/5, Speed:1
 (Id 11 Source: 2, Going: 3, Size:2)
Truck 7, [43,14] , Cargo:1/5, Speed:1
 (Id 17 Source: 3, Going: 2, Size:1)
WareHouse 1, [82, 34], Docks:1, [Shipment18(1,true), Shipment19(3,true), Shipment20(2,true), Shipment25(3,false), Shipment3(1,true), Shipment21(1,true), Shipment13(2,true), Shipment26(2,true), Shipment22(3,true), Shipment8(1,true)]
WareHouse 2, [74, 52], Docks:1, [Shipment26(2,true), Shipment19(3,true), Shipment27(2,true), Shipment5(2,true), Shipment20(2,true), Shipment18(1,true), Shipment4(3,true), Shipment7(2,true)]
WareHouse 3, [38, 14], Docks:1, [Shipment22(3,true), Shipment27(2,true), Shipment23(1,true), Shipment24(1,true), Shipment10(2,true), Shipment9(1,true), Shipment2(2,true)]
Shipment 1, Source:3, Going:2, Size:3 In Warehouse: 3
Shipment 2, Source:2, Going:3, Size:2, In Truck: 1
Shipment 3, Source:2, Going:1, Size:1, In Truck: 1
Shipment 4, Source:3, Going:2, Size:3, In Truck: 1
Shipment 5, Source:3, Going:2, Size:2 In Warehouse: 2
Shipment 6, Source:3, Going:2, Size:2 In Warehouse: 3
Shipment 7, Source:1, Going:2, Size:2, In Truck: 3
Shipment 8, Source:3, Going:1, Size:1, In Truck: 3
Shipment 9, Source:2, Going:3, Size:1, In Truck: 3
Shipment 10, Source:1, Going:3, Size:2 In Warehouse: 3
Shipment 11, Source:2, Going:3, Size:2, In Truck: 5
Shipment 12, Source:1, Going:3, Size:1 In Warehouse: 1
Shipment 13, Source:3, Going:1, Size:2 In Warehouse: 1
Shipment 14, Source:1, Going:2, Size:3 In Warehouse: 1
Shipment 15, Source:2, Going:1, Size:3 In Warehouse: 2
Shipment 16, Source:1, Going:2, Size:3 In Warehouse: 1
Shipment 17, Source:3, Going:2, Size:1, In Truck: 7
Shipment 18, Source:1, Going:2, Size:1, In Truck: 7
Shipment 19, Source:1, Going:2, Size:3 In Warehouse: 2
Shipment 20, Source:1, Going:2, Size:2 In Warehouse: 2
Shipment 21, Source:2, Going:1, Size:1 In Warehouse: 1
Shipment 22, Source:3, Going:1, Size:3 In Warehouse: 1
Shipment 23, Source:2, Going:3, Size:1 In Warehouse: 3
Shipment 24, Source:2, Going:3, Size:1 In Warehouse: 3
Shipment 25, Source:1, Going:2, Size:3 In Warehouse: 1
Shipment 26, Source:2, Going:1, Size:2 In Warehouse: 1
Shipment 27, Source:3, Going:2, Size:2 In Warehouse: 2
Cycle: 145
Truck 1, [42,52] , Cargo:0/4, Speed:2
Truck 3, [42,52] , Cargo:0/4, Speed:2
Truck 5, [38,43] , Cargo:2/5, Speed:1
 (Id 11 Source: 2, Going: 3, Size:2)
Truck 7, [44,14] , Cargo:1/5, Speed:1
 (Id 17 Source: 3, Going: 2, Size:1)
WareHouse 1, [82, 34], Docks:1, [Shipment18(1,true), Shipment19(3,true), Shipment20(2,true), Shipment25(3,false), Shipment3(1,true), Shipment21(1,true), Shipment13(2,true), Shipment26(2,true), Shipment22(3,true), Shipment8(1,true)]
WareHouse 2, [74, 52], Docks:1, [Shipment26(2,true), Shipment19(3,true), Shipment27(2,true), Shipment5(2,true), Shipment20(2,true), Shipment18(1,true), Shipment4(3,true), Shipment7(2,true)]
WareHouse 3, [38, 14], Docks:1, [Shipment22(3,true), Shipment27(2,true), Shipment23(1,true), Shipment24(1,true), Shipment10(2,true), Shipment9(1,true), Shipment2(2,true)]
Shipment 1, Source:3, Going:2, Size:3 In Warehouse: 3
Shipment 2, Source:2, Going:3, Size:2, In Truck: 1
Shipment 3, Source:2, Going:1, Size:1, In Truck: 1
Shipment 4, Source:3, Going:2, Size:3, In Truck: 1
Shipment 5, Source:3, Going:2, Size:2 In Warehouse: 2
Shipment 6, Source:3, Going:2, Size:2 In Warehouse: 3
Shipment 7, Source:1, Going:2, Size:2, In Truck: 3
Shipment 8, Source:3, Going:1, Size:1, In Truck: 3
Shipment 9, Source:2, Going:3, Size:1, In Truck: 3
Shipment 10, Source:1, Going:3, Size:2 In Warehouse: 3
Shipment 11, Source:2, Going:3, Size:2, In Truck: 5
Shipment 12, Source:1, Going:3, Size:1 In Warehouse: 1
Shipment 13, Source:3, Going:1, Size:2 In Warehouse: 1
Shipment 14, Source:1, Going:2, Size:3 In Warehouse: 1
Shipment 15, Source:2, Going:1, Size:3 In Warehouse: 2
Shipment 16, Source:1, Going:2, Size:3 In Warehouse: 1
Shipment 17, Source:3, Going:2, Size:1, In Truck: 7
Shipment 18, Source:1, Going:2, Size:1, In Truck: 7
Shipment 19, Source:1, Going:2, Size:3 In Warehouse: 2
Shipment 20, Source:1, Going:2, Size:2 In Warehouse: 2
Shipment 21, Source:2, Going:1, Size:1 In Warehouse: 1
Shipment 22, Source:3, Going:1, Size:3 In Warehouse: 1
Shipment 23, Source:2, Going:3, Size:1 In Warehouse: 3
Shipment 24, Source:2, Going:3, Size:1 In Warehouse: 3
Shipment 25, Source:1, Going:2, Size:3 In Warehouse: 1
Shipment 26, Source:2, Going:1, Size:2 In Warehouse: 1
Shipment 27, Source:3, Going:2, Size:2 In Warehouse: 2
Cycle: 146
Truck 1, [40,52] , Cargo:0/4, Speed:2
Truck 3, [40,52] , Cargo:0/4, Speed:2
Truck 5, [38,42] , Cargo:2/5, Speed:1
 (Id 11 Source: 2, Going: 3, Size:2)
Truck 7, [45,14] , Cargo:1/5, Speed:1
 (Id 17 Source: 3, Going: 2, Size:1)
WareHouse 1, [82, 34], Docks:1, [Shipment18(1,true), Shipment19(3,true), Shipment20(2,true), Shipment25(3,false), Shipment3(1,true), Shipment21(1,true), Shipment13(2,true), Shipment26(2,true), Shipment22(3,true), Shipment8(1,true)]
WareHouse 2, [74, 52], Docks:1, [Shipment26(2,true), Shipment19(3,true), Shipment27(2,true), Shipment5(2,true), Shipment20(2,true), Shipment18(1,true), Shipment4(3,true), Shipment7(2,true)]
WareHouse 3, [38, 14], Docks:1, [Shipment22(3,true), Shipment27(2,true), Shipment23(1,true), Shipment24(1,true), Shipment10(2,true), Shipment9(1,true), Shipment2(2,true)]
Shipment 1, Source:3, Going:2, Size:3 In Warehouse: 3
Shipment 2, Source:2, Going:3, Size:2, In Truck: 1
Shipment 3, Source:2, Going:1, Size:1, In Truck: 1
Shipment 4, Source:3, Going:2, Size:3, In Truck: 1
Shipment 5, Source:3, Going:2, Size:2 In Warehouse: 2
Shipment 6, Source:3, Going:2, Size:2 In Warehouse: 3
Shipment 7, Source:1, Going:2, Size:2, In Truck: 3
Shipment 8, Source:3, Going:1, Size:1, In Truck: 3
Shipment 9, Source:2, Going:3, Size:1, In Truck: 3
Shipment 10, Source:1, Going:3, Size:2 In Warehouse: 3
Shipment 11, Source:2, Going:3, Size:2, In Truck: 5
Shipment 12, Source:1, Going:3, Size:1 In Warehouse: 1
Shipment 13, Source:3, Going:1, Size:2 In Warehouse: 1
Shipment 14, Source:1, Going:2, Size:3 In Warehouse: 1
Shipment 15, Source:2, Going:1, Size:3 In Warehouse: 2
Shipment 16, Source:1, Going:2, Size:3 In Warehouse: 1
Shipment 17, Source:3, Going:2, Size:1, In Truck: 7
Shipment 18, Source:1, Going:2, Size:1, In Truck: 7
Shipment 19, Source:1, Going:2, Size:3 In Warehouse: 2
Shipment 20, Source:1, Going:2, Size:2 In Warehouse: 2
Shipment 21, Source:2, Going:1, Size:1 In Warehouse: 1
Shipment 22, Source:3, Going:1, Size:3 In Warehouse: 1
Shipment 23, Source:2, Going:3, Size:1 In Warehouse: 3
Shipment 24, Source:2, Going:3, Size:1 In Warehouse: 3
Shipment 25, Source:1, Going:2, Size:3 In Warehouse: 1
Shipment 26, Source:2, Going:1, Size:2 In Warehouse: 1
Shipment 27, Source:3, Going:2, Size:2 In Warehouse: 2
Cycle: 147
Truck 1, [38,52] , Cargo:0/4, Speed:2
Truck 3, [38,52] , Cargo:0/4, Speed:2
Truck 5, [38,41] , Cargo:2/5, Speed:1
 (Id 11 Source: 2, Going: 3, Size:2)
Truck 7, [46,14] , Cargo:1/5, Speed:1
 (Id 17 Source: 3, Going: 2, Size:1)
WareHouse 1, [82, 34], Docks:1, [Shipment18(1,true), Shipment19(3,true), Shipment20(2,true), Shipment25(3,false), Shipment3(1,true), Shipment21(1,true), Shipment13(2,true), Shipment26(2,true), Shipment22(3,true), Shipment8(1,true)]
WareHouse 2, [74, 52], Docks:1, [Shipment26(2,true), Shipment19(3,true), Shipment27(2,true), Shipment5(2,true), Shipment20(2,true), Shipment18(1,true), Shipment4(3,true), Shipment7(2,true)]
WareHouse 3, [38, 14], Docks:1, [Shipment22(3,true), Shipment27(2,true), Shipment23(1,true), Shipment24(1,true), Shipment10(2,true), Shipment9(1,true), Shipment2(2,true)]
Shipment 1, Source:3, Going:2, Size:3 In Warehouse: 3
Shipment 2, Source:2, Going:3, Size:2, In Truck: 1
Shipment 3, Source:2, Going:1, Size:1, In Truck: 1
Shipment 4, Source:3, Going:2, Size:3, In Truck: 1
Shipment 5, Source:3, Going:2, Size:2 In Warehouse: 2
Shipment 6, Source:3, Going:2, Size:2 In Warehouse: 3
Shipment 7, Source:1, Going:2, Size:2, In Truck: 3
Shipment 8, Source:3, Going:1, Size:1, In Truck: 3
Shipment 9, Source:2, Going:3, Size:1, In Truck: 3
Shipment 10, Source:1, Going:3, Size:2 In Warehouse: 3
Shipment 11, Source:2, Going:3, Size:2, In Truck: 5
Shipment 12, Source:1, Going:3, Size:1 In Warehouse: 1
Shipment 13, Source:3, Going:1, Size:2 In Warehouse: 1
Shipment 14, Source:1, Going:2, Size:3 In Warehouse: 1
Shipment 15, Source:2, Going:1, Size:3 In Warehouse: 2
Shipment 16, Source:1, Going:2, Size:3 In Warehouse: 1
Shipment 17, Source:3, Going:2, Size:1, In Truck: 7
Shipment 18, Source:1, Going:2, Size:1, In Truck: 7
Shipment 19, Source:1, Going:2, Size:3 In Warehouse: 2
Shipment 20, Source:1, Going:2, Size:2 In Warehouse: 2
Shipment 21, Source:2, Going:1, Size:1 In Warehouse: 1
Shipment 22, Source:3, Going:1, Size:3 In Warehouse: 1
Shipment 23, Source:2, Going:3, Size:1 In Warehouse: 3
Shipment 24, Source:2, Going:3, Size:1 In Warehouse: 3
Shipment 25, Source:1, Going:2, Size:3 In Warehouse: 1
Shipment 26, Source:2, Going:1, Size:2 In Warehouse: 1
Shipment 27, Source:3, Going:2, Size:2 In Warehouse: 2
Cycle: 148
Truck 1, [38,50] , Cargo:0/4, Speed:2
Truck 3, [38,50] , Cargo:0/4, Speed:2
Truck 5, [38,40] , Cargo:2/5, Speed:1
 (Id 11 Source: 2, Going: 3, Size:2)
Truck 7, [47,14] , Cargo:1/5, Speed:1
 (Id 17 Source: 3, Going: 2, Size:1)
WareHouse 1, [82, 34], Docks:1, [Shipment18(1,true), Shipment19(3,true), Shipment20(2,true), Shipment25(3,false), Shipment3(1,true), Shipment21(1,true), Shipment13(2,true), Shipment26(2,true), Shipment22(3,true), Shipment8(1,true)]
WareHouse 2, [74, 52], Docks:1, [Shipment26(2,true), Shipment19(3,true), Shipment27(2,true), Shipment5(2,true), Shipment20(2,true), Shipment18(1,true), Shipment4(3,true), Shipment7(2,true)]
WareHouse 3, [38, 14], Docks:1, [Shipment22(3,true), Shipment27(2,true), Shipment23(1,true), Shipment24(1,true), Shipment10(2,true), Shipment9(1,true), Shipment2(2,true)]
Shipment 1, Source:3, Going:2, Size:3 In Warehouse: 3
Shipment 2, Source:2, Going:3, Size:2, In Truck: 1
Shipment 3, Source:2, Going:1, Size:1, In Truck: 1
Shipment 4, Source:3, Going:2, Size:3, In Truck: 1
Shipment 5, Source:3, Going:2, Size:2 In Warehouse: 2
Shipment 6, Source:3, Going:2, Size:2 In Warehouse: 3
Shipment 7, Source:1, Going:2, Size:2, In Truck: 3
Shipment 8, Source:3, Going:1, Size:1, In Truck: 3
Shipment 9, Source:2, Going:3, Size:1, In Truck: 3
Shipment 10, Source:1, Going:3, Size:2 In Warehouse: 3
Shipment 11, Source:2, Going:3, Size:2, In Truck: 5
Shipment 12, Source:1, Going:3, Size:1 In Warehouse: 1
Shipment 13, Source:3, Going:1, Size:2 In Warehouse: 1
Shipment 14, Source:1, Going:2, Size:3 In Warehouse: 1
Shipment 15, Source:2, Going:1, Size:3 In Warehouse: 2
Shipment 16, Source:1, Going:2, Size:3 In Warehouse: 1
Shipment 17, Source:3, Going:2, Size:1, In Truck: 7
Shipment 18, Source:1, Going:2, Size:1, In Truck: 7
Shipment 19, Source:1, Going:2, Size:3 In Warehouse: 2
Shipment 20, Source:1, Going:2, Size:2 In Warehouse: 2
Shipment 21, Source:2, Going:1, Size:1 In Warehouse: 1
Shipment 22, Source:3, Going:1, Size:3 In Warehouse: 1
Shipment 23, Source:2, Going:3, Size:1 In Warehouse: 3
Shipment 24, Source:2, Going:3, Size:1 In Warehouse: 3
Shipment 25, Source:1, Going:2, Size:3 In Warehouse: 1
Shipment 26, Source:2, Going:1, Size:2 In Warehouse: 1
Shipment 27, Source:3, Going:2, Size:2 In Warehouse: 2
Cycle: 149
Truck 1, [38,48] , Cargo:0/4, Speed:2
Truck 3, [38,48] , Cargo:0/4, Speed:2
Truck 5, [38,39] , Cargo:2/5, Speed:1
 (Id 11 Source: 2, Going: 3, Size:2)
Truck 7, [48,14] , Cargo:1/5, Speed:1
 (Id 17 Source: 3, Going: 2, Size:1)
WareHouse 1, [82, 34], Docks:1, [Shipment18(1,true), Shipment19(3,true), Shipment20(2,true), Shipment25(3,false), Shipment3(1,true), Shipment21(1,true), Shipment13(2,true), Shipment26(2,true), Shipment22(3,true), Shipment8(1,true)]
WareHouse 2, [74, 52], Docks:1, [Shipment26(2,true), Shipment19(3,true), Shipment27(2,true), Shipment5(2,true), Shipment20(2,true), Shipment18(1,true), Shipment4(3,true), Shipment7(2,true)]
WareHouse 3, [38, 14], Docks:1, [Shipment22(3,true), Shipment27(2,true), Shipment23(1,true), Shipment24(1,true), Shipment10(2,true), Shipment9(1,true), Shipment2(2,true)]
Shipment 1, Source:3, Going:2, Size:3 In Warehouse: 3
Shipment 2, Source:2, Going:3, Size:2, In Truck: 1
Shipment 3, Source:2, Going:1, Size:1, In Truck: 1
Shipment 4, Source:3, Going:2, Size:3, In Truck: 1
Shipment 5, Source:3, Going:2, Size:2 In Warehouse: 2
Shipment 6, Source:3, Going:2, Size:2 In Warehouse: 3
Shipment 7, Source:1, Going:2, Size:2, In Truck: 3
Shipment 8, Source:3, Going:1, Size:1, In Truck: 3
Shipment 9, Source:2, Going:3, Size:1, In Truck: 3
Shipment 10, Source:1, Going:3, Size:2 In Warehouse: 3
Shipment 11, Source:2, Going:3, Size:2, In Truck: 5
Shipment 12, Source:1, Going:3, Size:1 In Warehouse: 1
Shipment 13, Source:3, Going:1, Size:2 In Warehouse: 1
Shipment 14, Source:1, Going:2, Size:3 In Warehouse: 1
Shipment 15, Source:2, Going:1, Size:3 In Warehouse: 2
Shipment 16, Source:1, Going:2, Size:3 In Warehouse: 1
Shipment 17, Source:3, Going:2, Size:1, In Truck: 7
Shipment 18, Source:1, Going:2, Size:1, In Truck: 7
Shipment 19, Source:1, Going:2, Size:3 In Warehouse: 2
Shipment 20, Source:1, Going:2, Size:2 In Warehouse: 2
Shipment 21, Source:2, Going:1, Size:1 In Warehouse: 1
Shipment 22, Source:3, Going:1, Size:3 In Warehouse: 1
Shipment 23, Source:2, Going:3, Size:1 In Warehouse: 3
Shipment 24, Source:2, Going:3, Size:1 In Warehouse: 3
Shipment 25, Source:1, Going:2, Size:3 In Warehouse: 1
Shipment 26, Source:2, Going:1, Size:2 In Warehouse: 1
Shipment 27, Source:3, Going:2, Size:2 In Warehouse: 2
Cycle: 150
Truck 1, [38,46] , Cargo:0/4, Speed:2
Truck 3, [38,46] , Cargo:0/4, Speed:2
Truck 5, [38,38] , Cargo:2/5, Speed:1
 (Id 11 Source: 2, Going: 3, Size:2)
Truck 7, [49,14] , Cargo:1/5, Speed:1
 (Id 17 Source: 3, Going: 2, Size:1)
WareHouse 1, [82, 34], Docks:1, [Shipment18(1,true), Shipment19(3,true), Shipment20(2,true), Shipment25(3,false), Shipment3(1,true), Shipment21(1,true), Shipment13(2,true), Shipment26(2,true), Shipment22(3,true), Shipment8(1,true)]
WareHouse 2, [74, 52], Docks:1, [Shipment26(2,true), Shipment19(3,true), Shipment27(2,true), Shipment5(2,true), Shipment20(2,true), Shipment18(1,true), Shipment4(3,true), Shipment7(2,true)]
WareHouse 3, [38, 14], Docks:1, [Shipment22(3,true), Shipment27(2,true), Shipment23(1,true), Shipment24(1,true), Shipment10(2,true), Shipment9(1,true), Shipment2(2,true)]
Shipment 1, Source:3, Going:2, Size:3 In Warehouse: 3
Shipment 2, Source:2, Going:3, Size:2, In Truck: 1
Shipment 3, Source:2, Going:1, Size:1, In Truck: 1
Shipment 4, Source:3, Going:2, Size:3, In Truck: 1
Shipment 5, Source:3, Going:2, Size:2 In Warehouse: 2
Shipment 6, Source:3, Going:2, Size:2 In Warehouse: 3
Shipment 7, Source:1, Going:2, Size:2, In Truck: 3
Shipment 8, Source:3, Going:1, Size:1, In Truck: 3
Shipment 9, Source:2, Going:3, Size:1, In Truck: 3
Shipment 10, Source:1, Going:3, Size:2 In Warehouse: 3
Shipment 11, Source:2, Going:3, Size:2, In Truck: 5
Shipment 12, Source:1, Going:3, Size:1 In Warehouse: 1
Shipment 13, Source:3, Going:1, Size:2 In Warehouse: 1
Shipment 14, Source:1, Going:2, Size:3 In Warehouse: 1
Shipment 15, Source:2, Going:1, Size:3 In Warehouse: 2
Shipment 16, Source:1, Going:2, Size:3 In Warehouse: 1
Shipment 17, Source:3, Going:2, Size:1, In Truck: 7
Shipment 18, Source:1, Going:2, Size:1, In Truck: 7
Shipment 19, Source:1, Going:2, Size:3 In Warehouse: 2
Shipment 20, Source:1, Going:2, Size:2 In Warehouse: 2
Shipment 21, Source:2, Going:1, Size:1 In Warehouse: 1
Shipment 22, Source:3, Going:1, Size:3 In Warehouse: 1
Shipment 23, Source:2, Going:3, Size:1 In Warehouse: 3
Shipment 24, Source:2, Going:3, Size:1 In Warehouse: 3
Shipment 25, Source:1, Going:2, Size:3 In Warehouse: 1
Shipment 26, Source:2, Going:1, Size:2 In Warehouse: 1
Shipment 27, Source:3, Going:2, Size:2 In Warehouse: 2
Cycle: 151
Truck 1, [38,44] , Cargo:0/4, Speed:2
Truck 3, [38,44] , Cargo:0/4, Speed:2
Truck 5, [38,37] , Cargo:2/5, Speed:1
 (Id 11 Source: 2, Going: 3, Size:2)
Truck 7, [50,14] , Cargo:1/5, Speed:1
 (Id 17 Source: 3, Going: 2, Size:1)
WareHouse 1, [82, 34], Docks:1, [Shipment18(1,true), Shipment19(3,true), Shipment20(2,true), Shipment25(3,false), Shipment3(1,true), Shipment21(1,true), Shipment13(2,true), Shipment26(2,true), Shipment22(3,true), Shipment8(1,true)]
WareHouse 2, [74, 52], Docks:1, [Shipment26(2,true), Shipment19(3,true), Shipment27(2,true), Shipment5(2,true), Shipment20(2,true), Shipment18(1,true), Shipment4(3,true), Shipment7(2,true)]
WareHouse 3, [38, 14], Docks:1, [Shipment22(3,true), Shipment27(2,true), Shipment23(1,true), Shipment24(1,true), Shipment10(2,true), Shipment9(1,true), Shipment2(2,true)]
Shipment 1, Source:3, Going:2, Size:3 In Warehouse: 3
Shipment 2, Source:2, Going:3, Size:2, In Truck: 1
Shipment 3, Source:2, Going:1, Size:1, In Truck: 1
Shipment 4, Source:3, Going:2, Size:3, In Truck: 1
Shipment 5, Source:3, Going:2, Size:2 In Warehouse: 2
Shipment 6, Source:3, Going:2, Size:2 In Warehouse: 3
Shipment 7, Source:1, Going:2, Size:2, In Truck: 3
Shipment 8, Source:3, Going:1, Size:1, In Truck: 3
Shipment 9, Source:2, Going:3, Size:1, In Truck: 3
Shipment 10, Source:1, Going:3, Size:2 In Warehouse: 3
Shipment 11, Source:2, Going:3, Size:2, In Truck: 5
Shipment 12, Source:1, Going:3, Size:1 In Warehouse: 1
Shipment 13, Source:3, Going:1, Size:2 In Warehouse: 1
Shipment 14, Source:1, Going:2, Size:3 In Warehouse: 1
Shipment 15, Source:2, Going:1, Size:3 In Warehouse: 2
Shipment 16, Source:1, Going:2, Size:3 In Warehouse: 1
Shipment 17, Source:3, Going:2, Size:1, In Truck: 7
Shipment 18, Source:1, Going:2, Size:1, In Truck: 7
Shipment 19, Source:1, Going:2, Size:3 In Warehouse: 2
Shipment 20, Source:1, Going:2, Size:2 In Warehouse: 2
Shipment 21, Source:2, Going:1, Size:1 In Warehouse: 1
Shipment 22, Source:3, Going:1, Size:3 In Warehouse: 1
Shipment 23, Source:2, Going:3, Size:1 In Warehouse: 3
Shipment 24, Source:2, Going:3, Size:1 In Warehouse: 3
Shipment 25, Source:1, Going:2, Size:3 In Warehouse: 1
Shipment 26, Source:2, Going:1, Size:2 In Warehouse: 1
Shipment 27, Source:3, Going:2, Size:2 In Warehouse: 2
Cycle: 152
Truck 1, [38,42] , Cargo:0/4, Speed:2
Truck 3, [38,42] , Cargo:0/4, Speed:2
Truck 5, [38,36] , Cargo:2/5, Speed:1
 (Id 11 Source: 2, Going: 3, Size:2)
Truck 7, [51,14] , Cargo:1/5, Speed:1
 (Id 17 Source: 3, Going: 2, Size:1)
WareHouse 1, [82, 34], Docks:1, [Shipment18(1,true), Shipment19(3,true), Shipment20(2,true), Shipment25(3,false), Shipment3(1,true), Shipment21(1,true), Shipment13(2,true), Shipment26(2,true), Shipment22(3,true), Shipment8(1,true)]
WareHouse 2, [74, 52], Docks:1, [Shipment26(2,true), Shipment19(3,true), Shipment27(2,true), Shipment5(2,true), Shipment20(2,true), Shipment18(1,true), Shipment4(3,true), Shipment7(2,true)]
WareHouse 3, [38, 14], Docks:1, [Shipment22(3,true), Shipment27(2,true), Shipment23(1,true), Shipment24(1,true), Shipment10(2,true), Shipment9(1,true), Shipment2(2,true)]
Shipment 1, Source:3, Going:2, Size:3 In Warehouse: 3
Shipment 2, Source:2, Going:3, Size:2, In Truck: 1
Shipment 3, Source:2, Going:1, Size:1, In Truck: 1
Shipment 4, Source:3, Going:2, Size:3, In Truck: 1
Shipment 5, Source:3, Going:2, Size:2 In Warehouse: 2
Shipment 6, Source:3, Going:2, Size:2 In Warehouse: 3
Shipment 7, Source:1, Going:2, Size:2, In Truck: 3
Shipment 8, Source:3, Going:1, Size:1, In Truck: 3
Shipment 9, Source:2, Going:3, Size:1, In Truck: 3
Shipment 10, Source:1, Going:3, Size:2 In Warehouse: 3
Shipment 11, Source:2, Going:3, Size:2, In Truck: 5
Shipment 12, Source:1, Going:3, Size:1 In Warehouse: 1
Shipment 13, Source:3, Going:1, Size:2 In Warehouse: 1
Shipment 14, Source:1, Going:2, Size:3 In Warehouse: 1
Shipment 15, Source:2, Going:1, Size:3 In Warehouse: 2
Shipment 16, Source:1, Going:2, Size:3 In Warehouse: 1
Shipment 17, Source:3, Going:2, Size:1, In Truck: 7
Shipment 18, Source:1, Going:2, Size:1, In Truck: 7
Shipment 19, Source:1, Going:2, Size:3 In Warehouse: 2
Shipment 20, Source:1, Going:2, Size:2 In Warehouse: 2
Shipment 21, Source:2, Going:1, Size:1 In Warehouse: 1
Shipment 22, Source:3, Going:1, Size:3 In Warehouse: 1
Shipment 23, Source:2, Going:3, Size:1 In Warehouse: 3
Shipment 24, Source:2, Going:3, Size:1 In Warehouse: 3
Shipment 25, Source:1, Going:2, Size:3 In Warehouse: 1
Shipment 26, Source:2, Going:1, Size:2 In Warehouse: 1
Shipment 27, Source:3, Going:2, Size:2 In Warehouse: 2
Cycle: 153
Truck 1, [38,40] , Cargo:0/4, Speed:2
Truck 3, [38,40] , Cargo:0/4, Speed:2
Truck 5, [38,35] , Cargo:2/5, Speed:1
 (Id 11 Source: 2, Going: 3, Size:2)
Truck 7, [52,14] , Cargo:1/5, Speed:1
 (Id 17 Source: 3, Going: 2, Size:1)
WareHouse 1, [82, 34], Docks:1, [Shipment18(1,true), Shipment19(3,true), Shipment20(2,true), Shipment25(3,false), Shipment3(1,true), Shipment21(1,true), Shipment13(2,true), Shipment26(2,true), Shipment22(3,true), Shipment8(1,true)]
WareHouse 2, [74, 52], Docks:1, [Shipment26(2,true), Shipment19(3,true), Shipment27(2,true), Shipment5(2,true), Shipment20(2,true), Shipment18(1,true), Shipment4(3,true), Shipment7(2,true)]
WareHouse 3, [38, 14], Docks:1, [Shipment22(3,true), Shipment27(2,true), Shipment23(1,true), Shipment24(1,true), Shipment10(2,true), Shipment9(1,true), Shipment2(2,true)]
Shipment 1, Source:3, Going:2, Size:3 In Warehouse: 3
Shipment 2, Source:2, Going:3, Size:2, In Truck: 1
Shipment 3, Source:2, Going:1, Size:1, In Truck: 1
Shipment 4, Source:3, Going:2, Size:3, In Truck: 1
Shipment 5, Source:3, Going:2, Size:2 In Warehouse: 2
Shipment 6, Source:3, Going:2, Size:2 In Warehouse: 3
Shipment 7, Source:1, Going:2, Size:2, In Truck: 3
Shipment 8, Source:3, Going:1, Size:1, In Truck: 3
Shipment 9, Source:2, Going:3, Size:1, In Truck: 3
Shipment 10, Source:1, Going:3, Size:2 In Warehouse: 3
Shipment 11, Source:2, Going:3, Size:2, In Truck: 5
Shipment 12, Source:1, Going:3, Size:1 In Warehouse: 1
Shipment 13, Source:3, Going:1, Size:2 In Warehouse: 1
Shipment 14, Source:1, Going:2, Size:3 In Warehouse: 1
Shipment 15, Source:2, Going:1, Size:3 In Warehouse: 2
Shipment 16, Source:1, Going:2, Size:3 In Warehouse: 1
Shipment 17, Source:3, Going:2, Size:1, In Truck: 7
Shipment 18, Source:1, Going:2, Size:1, In Truck: 7
Shipment 19, Source:1, Going:2, Size:3 In Warehouse: 2
Shipment 20, Source:1, Going:2, Size:2 In Warehouse: 2
Shipment 21, Source:2, Going:1, Size:1 In Warehouse: 1
Shipment 22, Source:3, Going:1, Size:3 In Warehouse: 1
Shipment 23, Source:2, Going:3, Size:1 In Warehouse: 3
Shipment 24, Source:2, Going:3, Size:1 In Warehouse: 3
Shipment 25, Source:1, Going:2, Size:3 In Warehouse: 1
Shipment 26, Source:2, Going:1, Size:2 In Warehouse: 1
Shipment 27, Source:3, Going:2, Size:2 In Warehouse: 2
Cycle: 154
Truck 1, [38,38] , Cargo:0/4, Speed:2
Truck 3, [38,38] , Cargo:0/4, Speed:2
Truck 5, [38,34] , Cargo:2/5, Speed:1
 (Id 11 Source: 2, Going: 3, Size:2)
Truck 7, [53,14] , Cargo:1/5, Speed:1
 (Id 17 Source: 3, Going: 2, Size:1)
WareHouse 1, [82, 34], Docks:1, [Shipment18(1,true), Shipment19(3,true), Shipment20(2,true), Shipment25(3,false), Shipment3(1,true), Shipment21(1,true), Shipment13(2,true), Shipment26(2,true), Shipment22(3,true), Shipment8(1,true)]
WareHouse 2, [74, 52], Docks:1, [Shipment26(2,true), Shipment19(3,true), Shipment27(2,true), Shipment5(2,true), Shipment20(2,true), Shipment18(1,true), Shipment4(3,true), Shipment7(2,true)]
WareHouse 3, [38, 14], Docks:1, [Shipment22(3,true), Shipment27(2,true), Shipment23(1,true), Shipment24(1,true), Shipment10(2,true), Shipment9(1,true), Shipment2(2,true)]
Shipment 1, Source:3, Going:2, Size:3 In Warehouse: 3
Shipment 2, Source:2, Going:3, Size:2, In Truck: 1
Shipment 3, Source:2, Going:1, Size:1, In Truck: 1
Shipment 4, Source:3, Going:2, Size:3, In Truck: 1
Shipment 5, Source:3, Going:2, Size:2 In Warehouse: 2
Shipment 6, Source:3, Going:2, Size:2 In Warehouse: 3
Shipment 7, Source:1, Going:2, Size:2, In Truck: 3
Shipment 8, Source:3, Going:1, Size:1, In Truck: 3
Shipment 9, Source:2, Going:3, Size:1, In Truck: 3
Shipment 10, Source:1, Going:3, Size:2 In Warehouse: 3
Shipment 11, Source:2, Going:3, Size:2, In Truck: 5
Shipment 12, Source:1, Going:3, Size:1 In Warehouse: 1
Shipment 13, Source:3, Going:1, Size:2 In Warehouse: 1
Shipment 14, Source:1, Going:2, Size:3 In Warehouse: 1
Shipment 15, Source:2, Going:1, Size:3 In Warehouse: 2
Shipment 16, Source:1, Going:2, Size:3 In Warehouse: 1
Shipment 17, Source:3, Going:2, Size:1, In Truck: 7
Shipment 18, Source:1, Going:2, Size:1, In Truck: 7
Shipment 19, Source:1, Going:2, Size:3 In Warehouse: 2
Shipment 20, Source:1, Going:2, Size:2 In Warehouse: 2
Shipment 21, Source:2, Going:1, Size:1 In Warehouse: 1
Shipment 22, Source:3, Going:1, Size:3 In Warehouse: 1
Shipment 23, Source:2, Going:3, Size:1 In Warehouse: 3
Shipment 24, Source:2, Going:3, Size:1 In Warehouse: 3
Shipment 25, Source:1, Going:2, Size:3 In Warehouse: 1
Shipment 26, Source:2, Going:1, Size:2 In Warehouse: 1
Shipment 27, Source:3, Going:2, Size:2 In Warehouse: 2
Cycle: 155
Truck 1, [38,36] , Cargo:0/4, Speed:2
Truck 3, [38,36] , Cargo:0/4, Speed:2
Truck 5, [38,33] , Cargo:2/5, Speed:1
 (Id 11 Source: 2, Going: 3, Size:2)
Truck 7, [54,14] , Cargo:1/5, Speed:1
 (Id 17 Source: 3, Going: 2, Size:1)
WareHouse 1, [82, 34], Docks:1, [Shipment18(1,true), Shipment19(3,true), Shipment20(2,true), Shipment25(3,false), Shipment3(1,true), Shipment21(1,true), Shipment13(2,true), Shipment26(2,true), Shipment22(3,true), Shipment8(1,true)]
WareHouse 2, [74, 52], Docks:1, [Shipment26(2,true), Shipment19(3,true), Shipment27(2,true), Shipment5(2,true), Shipment20(2,true), Shipment18(1,true), Shipment4(3,true), Shipment7(2,true)]
WareHouse 3, [38, 14], Docks:1, [Shipment22(3,true), Shipment27(2,true), Shipment23(1,true), Shipment24(1,true), Shipment10(2,true), Shipment9(1,true), Shipment2(2,true)]
Shipment 1, Source:3, Going:2, Size:3 In Warehouse: 3
Shipment 2, Source:2, Going:3, Size:2, In Truck: 1
Shipment 3, Source:2, Going:1, Size:1, In Truck: 1
Shipment 4, Source:3, Going:2, Size:3, In Truck: 1
Shipment 5, Source:3, Going:2, Size:2 In Warehouse: 2
Shipment 6, Source:3, Going:2, Size:2 In Warehouse: 3
Shipment 7, Source:1, Going:2, Size:2, In Truck: 3
Shipment 8, Source:3, Going:1, Size:1, In Truck: 3
Shipment 9, Source:2, Going:3, Size:1, In Truck: 3
Shipment 10, Source:1, Going:3, Size:2 In Warehouse: 3
Shipment 11, Source:2, Going:3, Size:2, In Truck: 5
Shipment 12, Source:1, Going:3, Size:1 In Warehouse: 1
Shipment 13, Source:3, Going:1, Size:2 In Warehouse: 1
Shipment 14, Source:1, Going:2, Size:3 In Warehouse: 1
Shipment 15, Source:2, Going:1, Size:3 In Warehouse: 2
Shipment 16, Source:1, Going:2, Size:3 In Warehouse: 1
Shipment 17, Source:3, Going:2, Size:1, In Truck: 7
Shipment 18, Source:1, Going:2, Size:1, In Truck: 7
Shipment 19, Source:1, Going:2, Size:3 In Warehouse: 2
Shipment 20, Source:1, Going:2, Size:2 In Warehouse: 2
Shipment 21, Source:2, Going:1, Size:1 In Warehouse: 1
Shipment 22, Source:3, Going:1, Size:3 In Warehouse: 1
Shipment 23, Source:2, Going:3, Size:1 In Warehouse: 3
Shipment 24, Source:2, Going:3, Size:1 In Warehouse: 3
Shipment 25, Source:1, Going:2, Size:3 In Warehouse: 1
Shipment 26, Source:2, Going:1, Size:2 In Warehouse: 1
Shipment 27, Source:3, Going:2, Size:2 In Warehouse: 2
Cycle: 156
Truck 1, [38,34] , Cargo:0/4, Speed:2
Truck 3, [38,34] , Cargo:0/4, Speed:2
Truck 5, [38,32] , Cargo:2/5, Speed:1
 (Id 11 Source: 2, Going: 3, Size:2)
Truck 7, [55,14] , Cargo:1/5, Speed:1
 (Id 17 Source: 3, Going: 2, Size:1)
WareHouse 1, [82, 34], Docks:1, [Shipment18(1,true), Shipment19(3,true), Shipment20(2,true), Shipment25(3,false), Shipment3(1,true), Shipment21(1,true), Shipment13(2,true), Shipment26(2,true), Shipment22(3,true), Shipment8(1,true)]
WareHouse 2, [74, 52], Docks:1, [Shipment26(2,true), Shipment19(3,true), Shipment27(2,true), Shipment5(2,true), Shipment20(2,true), Shipment18(1,true), Shipment4(3,true), Shipment7(2,true)]
WareHouse 3, [38, 14], Docks:1, [Shipment22(3,true), Shipment27(2,true), Shipment23(1,true), Shipment24(1,true), Shipment10(2,true), Shipment9(1,true), Shipment2(2,true)]
Shipment 1, Source:3, Going:2, Size:3 In Warehouse: 3
Shipment 2, Source:2, Going:3, Size:2, In Truck: 1
Shipment 3, Source:2, Going:1, Size:1, In Truck: 1
Shipment 4, Source:3, Going:2, Size:3, In Truck: 1
Shipment 5, Source:3, Going:2, Size:2 In Warehouse: 2
Shipment 6, Source:3, Going:2, Size:2 In Warehouse: 3
Shipment 7, Source:1, Going:2, Size:2, In Truck: 3
Shipment 8, Source:3, Going:1, Size:1, In Truck: 3
Shipment 9, Source:2, Going:3, Size:1, In Truck: 3
Shipment 10, Source:1, Going:3, Size:2 In Warehouse: 3
Shipment 11, Source:2, Going:3, Size:2, In Truck: 5
Shipment 12, Source:1, Going:3, Size:1 In Warehouse: 1
Shipment 13, Source:3, Going:1, Size:2 In Warehouse: 1
Shipment 14, Source:1, Going:2, Size:3 In Warehouse: 1
Shipment 15, Source:2, Going:1, Size:3 In Warehouse: 2
Shipment 16, Source:1, Going:2, Size:3 In Warehouse: 1
Shipment 17, Source:3, Going:2, Size:1, In Truck: 7
Shipment 18, Source:1, Going:2, Size:1, In Truck: 7
Shipment 19, Source:1, Going:2, Size:3 In Warehouse: 2
Shipment 20, Source:1, Going:2, Size:2 In Warehouse: 2
Shipment 21, Source:2, Going:1, Size:1 In Warehouse: 1
Shipment 22, Source:3, Going:1, Size:3 In Warehouse: 1
Shipment 23, Source:2, Going:3, Size:1 In Warehouse: 3
Shipment 24, Source:2, Going:3, Size:1 In Warehouse: 3
Shipment 25, Source:1, Going:2, Size:3 In Warehouse: 1
Shipment 26, Source:2, Going:1, Size:2 In Warehouse: 1
Shipment 27, Source:3, Going:2, Size:2 In Warehouse: 2
Cycle: 157
Truck 1, [38,32] , Cargo:0/4, Speed:2
Truck 3, [38,32] , Cargo:0/4, Speed:2
Truck 5, [38,31] , Cargo:2/5, Speed:1
 (Id 11 Source: 2, Going: 3, Size:2)
Truck 7, [56,14] , Cargo:1/5, Speed:1
 (Id 17 Source: 3, Going: 2, Size:1)
WareHouse 1, [82, 34], Docks:1, [Shipment18(1,true), Shipment19(3,true), Shipment20(2,true), Shipment25(3,false), Shipment3(1,true), Shipment21(1,true), Shipment13(2,true), Shipment26(2,true), Shipment22(3,true), Shipment8(1,true)]
WareHouse 2, [74, 52], Docks:1, [Shipment26(2,true), Shipment19(3,true), Shipment27(2,true), Shipment5(2,true), Shipment20(2,true), Shipment18(1,true), Shipment4(3,true), Shipment7(2,true)]
WareHouse 3, [38, 14], Docks:1, [Shipment22(3,true), Shipment27(2,true), Shipment23(1,true), Shipment24(1,true), Shipment10(2,true), Shipment9(1,true), Shipment2(2,true)]
Shipment 1, Source:3, Going:2, Size:3 In Warehouse: 3
Shipment 2, Source:2, Going:3, Size:2, In Truck: 1
Shipment 3, Source:2, Going:1, Size:1, In Truck: 1
Shipment 4, Source:3, Going:2, Size:3, In Truck: 1
Shipment 5, Source:3, Going:2, Size:2 In Warehouse: 2
Shipment 6, Source:3, Going:2, Size:2 In Warehouse: 3
Shipment 7, Source:1, Going:2, Size:2, In Truck: 3
Shipment 8, Source:3, Going:1, Size:1, In Truck: 3
Shipment 9, Source:2, Going:3, Size:1, In Truck: 3
Shipment 10, Source:1, Going:3, Size:2 In Warehouse: 3
Shipment 11, Source:2, Going:3, Size:2, In Truck: 5
Shipment 12, Source:1, Going:3, Size:1 In Warehouse: 1
Shipment 13, Source:3, Going:1, Size:2 In Warehouse: 1
Shipment 14, Source:1, Going:2, Size:3 In Warehouse: 1
Shipment 15, Source:2, Going:1, Size:3 In Warehouse: 2
Shipment 16, Source:1, Going:2, Size:3 In Warehouse: 1
Shipment 17, Source:3, Going:2, Size:1, In Truck: 7
Shipment 18, Source:1, Going:2, Size:1, In Truck: 7
Shipment 19, Source:1, Going:2, Size:3 In Warehouse: 2
Shipment 20, Source:1, Going:2, Size:2 In Warehouse: 2
Shipment 21, Source:2, Going:1, Size:1 In Warehouse: 1
Shipment 22, Source:3, Going:1, Size:3 In Warehouse: 1
Shipment 23, Source:2, Going:3, Size:1 In Warehouse: 3
Shipment 24, Source:2, Going:3, Size:1 In Warehouse: 3
Shipment 25, Source:1, Going:2, Size:3 In Warehouse: 1
Shipment 26, Source:2, Going:1, Size:2 In Warehouse: 1
Shipment 27, Source:3, Going:2, Size:2 In Warehouse: 2
Cycle: 158
Truck 1, [38,30] , Cargo:0/4, Speed:2
Truck 3, [38,30] , Cargo:0/4, Speed:2
Truck 5, [38,30] , Cargo:2/5, Speed:1
 (Id 11 Source: 2, Going: 3, Size:2)
Truck 7, [57,14] , Cargo:1/5, Speed:1
 (Id 17 Source: 3, Going: 2, Size:1)
WareHouse 1, [82, 34], Docks:1, [Shipment18(1,true), Shipment19(3,true), Shipment20(2,true), Shipment25(3,false), Shipment3(1,true), Shipment21(1,true), Shipment13(2,true), Shipment26(2,true), Shipment22(3,true), Shipment8(1,true)]
WareHouse 2, [74, 52], Docks:1, [Shipment26(2,true), Shipment19(3,true), Shipment27(2,true), Shipment5(2,true), Shipment20(2,true), Shipment18(1,true), Shipment4(3,true), Shipment7(2,true)]
WareHouse 3, [38, 14], Docks:1, [Shipment22(3,true), Shipment27(2,true), Shipment23(1,true), Shipment24(1,true), Shipment10(2,true), Shipment9(1,true), Shipment2(2,true)]
Shipment 1, Source:3, Going:2, Size:3 In Warehouse: 3
Shipment 2, Source:2, Going:3, Size:2, In Truck: 1
Shipment 3, Source:2, Going:1, Size:1, In Truck: 1
Shipment 4, Source:3, Going:2, Size:3, In Truck: 1
Shipment 5, Source:3, Going:2, Size:2 In Warehouse: 2
Shipment 6, Source:3, Going:2, Size:2 In Warehouse: 3
Shipment 7, Source:1, Going:2, Size:2, In Truck: 3
Shipment 8, Source:3, Going:1, Size:1, In Truck: 3
Shipment 9, Source:2, Going:3, Size:1, In Truck: 3
Shipment 10, Source:1, Going:3, Size:2 In Warehouse: 3
Shipment 11, Source:2, Going:3, Size:2, In Truck: 5
Shipment 12, Source:1, Going:3, Size:1 In Warehouse: 1
Shipment 13, Source:3, Going:1, Size:2 In Warehouse: 1
Shipment 14, Source:1, Going:2, Size:3 In Warehouse: 1
Shipment 15, Source:2, Going:1, Size:3 In Warehouse: 2
Shipment 16, Source:1, Going:2, Size:3 In Warehouse: 1
Shipment 17, Source:3, Going:2, Size:1, In Truck: 7
Shipment 18, Source:1, Going:2, Size:1, In Truck: 7
Shipment 19, Source:1, Going:2, Size:3 In Warehouse: 2
Shipment 20, Source:1, Going:2, Size:2 In Warehouse: 2
Shipment 21, Source:2, Going:1, Size:1 In Warehouse: 1
Shipment 22, Source:3, Going:1, Size:3 In Warehouse: 1
Shipment 23, Source:2, Going:3, Size:1 In Warehouse: 3
Shipment 24, Source:2, Going:3, Size:1 In Warehouse: 3
Shipment 25, Source:1, Going:2, Size:3 In Warehouse: 1
Shipment 26, Source:2, Going:1, Size:2 In Warehouse: 1
Shipment 27, Source:3, Going:2, Size:2 In Warehouse: 2
Cycle: 159
Truck 1, [38,28] , Cargo:0/4, Speed:2
Truck 3, [38,28] , Cargo:0/4, Speed:2
Truck 5, [38,29] , Cargo:2/5, Speed:1
 (Id 11 Source: 2, Going: 3, Size:2)
Truck 7, [58,14] , Cargo:1/5, Speed:1
 (Id 17 Source: 3, Going: 2, Size:1)
WareHouse 1, [82, 34], Docks:1, [Shipment18(1,true), Shipment19(3,true), Shipment20(2,true), Shipment25(3,false), Shipment3(1,true), Shipment21(1,true), Shipment13(2,true), Shipment26(2,true), Shipment22(3,true), Shipment8(1,true)]
WareHouse 2, [74, 52], Docks:1, [Shipment26(2,true), Shipment19(3,true), Shipment27(2,true), Shipment5(2,true), Shipment20(2,true), Shipment18(1,true), Shipment4(3,true), Shipment7(2,true)]
WareHouse 3, [38, 14], Docks:1, [Shipment22(3,true), Shipment27(2,true), Shipment23(1,true), Shipment24(1,true), Shipment10(2,true), Shipment9(1,true), Shipment2(2,true)]
Shipment 1, Source:3, Going:2, Size:3 In Warehouse: 3
Shipment 2, Source:2, Going:3, Size:2, In Truck: 1
Shipment 3, Source:2, Going:1, Size:1, In Truck: 1
Shipment 4, Source:3, Going:2, Size:3, In Truck: 1
Shipment 5, Source:3, Going:2, Size:2 In Warehouse: 2
Shipment 6, Source:3, Going:2, Size:2 In Warehouse: 3
Shipment 7, Source:1, Going:2, Size:2, In Truck: 3
Shipment 8, Source:3, Going:1, Size:1, In Truck: 3
Shipment 9, Source:2, Going:3, Size:1, In Truck: 3
Shipment 10, Source:1, Going:3, Size:2 In Warehouse: 3
Shipment 11, Source:2, Going:3, Size:2, In Truck: 5
Shipment 12, Source:1, Going:3, Size:1 In Warehouse: 1
Shipment 13, Source:3, Going:1, Size:2 In Warehouse: 1
Shipment 14, Source:1, Going:2, Size:3 In Warehouse: 1
Shipment 15, Source:2, Going:1, Size:3 In Warehouse: 2
Shipment 16, Source:1, Going:2, Size:3 In Warehouse: 1
Shipment 17, Source:3, Going:2, Size:1, In Truck: 7
Shipment 18, Source:1, Going:2, Size:1, In Truck: 7
Shipment 19, Source:1, Going:2, Size:3 In Warehouse: 2
Shipment 20, Source:1, Going:2, Size:2 In Warehouse: 2
Shipment 21, Source:2, Going:1, Size:1 In Warehouse: 1
Shipment 22, Source:3, Going:1, Size:3 In Warehouse: 1
Shipment 23, Source:2, Going:3, Size:1 In Warehouse: 3
Shipment 24, Source:2, Going:3, Size:1 In Warehouse: 3
Shipment 25, Source:1, Going:2, Size:3 In Warehouse: 1
Shipment 26, Source:2, Going:1, Size:2 In Warehouse: 1
Shipment 27, Source:3, Going:2, Size:2 In Warehouse: 2
Cycle: 160
Truck 1, [38,26] , Cargo:0/4, Speed:2
Truck 3, [38,26] , Cargo:0/4, Speed:2
Truck 5, [38,28] , Cargo:2/5, Speed:1
 (Id 11 Source: 2, Going: 3, Size:2)
Truck 7, [59,14] , Cargo:1/5, Speed:1
 (Id 17 Source: 3, Going: 2, Size:1)
WareHouse 1, [82, 34], Docks:1, [Shipment18(1,true), Shipment19(3,true), Shipment20(2,true), Shipment25(3,false), Shipment3(1,true), Shipment21(1,true), Shipment13(2,true), Shipment26(2,true), Shipment22(3,true), Shipment8(1,true)]
WareHouse 2, [74, 52], Docks:1, [Shipment26(2,true), Shipment19(3,true), Shipment27(2,true), Shipment5(2,true), Shipment20(2,true), Shipment18(1,true), Shipment4(3,true), Shipment7(2,true)]
WareHouse 3, [38, 14], Docks:1, [Shipment22(3,true), Shipment27(2,true), Shipment23(1,true), Shipment24(1,true), Shipment10(2,true), Shipment9(1,true), Shipment2(2,true)]
Shipment 1, Source:3, Going:2, Size:3 In Warehouse: 3
Shipment 2, Source:2, Going:3, Size:2, In Truck: 1
Shipment 3, Source:2, Going:1, Size:1, In Truck: 1
Shipment 4, Source:3, Going:2, Size:3, In Truck: 1
Shipment 5, Source:3, Going:2, Size:2 In Warehouse: 2
Shipment 6, Source:3, Going:2, Size:2 In Warehouse: 3
Shipment 7, Source:1, Going:2, Size:2, In Truck: 3
Shipment 8, Source:3, Going:1, Size:1, In Truck: 3
Shipment 9, Source:2, Going:3, Size:1, In Truck: 3
Shipment 10, Source:1, Going:3, Size:2 In Warehouse: 3
Shipment 11, Source:2, Going:3, Size:2, In Truck: 5
Shipment 12, Source:1, Going:3, Size:1 In Warehouse: 1
Shipment 13, Source:3, Going:1, Size:2 In Warehouse: 1
Shipment 14, Source:1, Going:2, Size:3 In Warehouse: 1
Shipment 15, Source:2, Going:1, Size:3 In Warehouse: 2
Shipment 16, Source:1, Going:2, Size:3 In Warehouse: 1
Shipment 17, Source:3, Going:2, Size:1, In Truck: 7
Shipment 18, Source:1, Going:2, Size:1, In Truck: 7
Shipment 19, Source:1, Going:2, Size:3 In Warehouse: 2
Shipment 20, Source:1, Going:2, Size:2 In Warehouse: 2
Shipment 21, Source:2, Going:1, Size:1 In Warehouse: 1
Shipment 22, Source:3, Going:1, Size:3 In Warehouse: 1
Shipment 23, Source:2, Going:3, Size:1 In Warehouse: 3
Shipment 24, Source:2, Going:3, Size:1 In Warehouse: 3
Shipment 25, Source:1, Going:2, Size:3 In Warehouse: 1
Shipment 26, Source:2, Going:1, Size:2 In Warehouse: 1
Shipment 27, Source:3, Going:2, Size:2 In Warehouse: 2
Cycle: 161
Truck 1, [38,24] , Cargo:0/4, Speed:2
Truck 3, [38,24] , Cargo:0/4, Speed:2
Truck 5, [38,27] , Cargo:2/5, Speed:1
 (Id 11 Source: 2, Going: 3, Size:2)
Truck 7, [60,14] , Cargo:1/5, Speed:1
 (Id 17 Source: 3, Going: 2, Size:1)
WareHouse 1, [82, 34], Docks:1, [Shipment18(1,true), Shipment19(3,true), Shipment20(2,true), Shipment25(3,false), Shipment3(1,true), Shipment21(1,true), Shipment13(2,true), Shipment26(2,true), Shipment22(3,true), Shipment8(1,true)]
WareHouse 2, [74, 52], Docks:1, [Shipment26(2,true), Shipment19(3,true), Shipment27(2,true), Shipment5(2,true), Shipment20(2,true), Shipment18(1,true), Shipment4(3,true), Shipment7(2,true)]
WareHouse 3, [38, 14], Docks:1, [Shipment22(3,true), Shipment27(2,true), Shipment23(1,true), Shipment24(1,true), Shipment10(2,true), Shipment9(1,true), Shipment2(2,true)]
Shipment 1, Source:3, Going:2, Size:3 In Warehouse: 3
Shipment 2, Source:2, Going:3, Size:2, In Truck: 1
Shipment 3, Source:2, Going:1, Size:1, In Truck: 1
Shipment 4, Source:3, Going:2, Size:3, In Truck: 1
Shipment 5, Source:3, Going:2, Size:2 In Warehouse: 2
Shipment 6, Source:3, Going:2, Size:2 In Warehouse: 3
Shipment 7, Source:1, Going:2, Size:2, In Truck: 3
Shipment 8, Source:3, Going:1, Size:1, In Truck: 3
Shipment 9, Source:2, Going:3, Size:1, In Truck: 3
Shipment 10, Source:1, Going:3, Size:2 In Warehouse: 3
Shipment 11, Source:2, Going:3, Size:2, In Truck: 5
Shipment 12, Source:1, Going:3, Size:1 In Warehouse: 1
Shipment 13, Source:3, Going:1, Size:2 In Warehouse: 1
Shipment 14, Source:1, Going:2, Size:3 In Warehouse: 1
Shipment 15, Source:2, Going:1, Size:3 In Warehouse: 2
Shipment 16, Source:1, Going:2, Size:3 In Warehouse: 1
Shipment 17, Source:3, Going:2, Size:1, In Truck: 7
Shipment 18, Source:1, Going:2, Size:1, In Truck: 7
Shipment 19, Source:1, Going:2, Size:3 In Warehouse: 2
Shipment 20, Source:1, Going:2, Size:2 In Warehouse: 2
Shipment 21, Source:2, Going:1, Size:1 In Warehouse: 1
Shipment 22, Source:3, Going:1, Size:3 In Warehouse: 1
Shipment 23, Source:2, Going:3, Size:1 In Warehouse: 3
Shipment 24, Source:2, Going:3, Size:1 In Warehouse: 3
Shipment 25, Source:1, Going:2, Size:3 In Warehouse: 1
Shipment 26, Source:2, Going:1, Size:2 In Warehouse: 1
Shipment 27, Source:3, Going:2, Size:2 In Warehouse: 2
Cycle: 162
Truck 1, [38,22] , Cargo:0/4, Speed:2
Truck 3, [38,22] , Cargo:0/4, Speed:2
Truck 5, [38,26] , Cargo:2/5, Speed:1
 (Id 11 Source: 2, Going: 3, Size:2)
Truck 7, [61,14] , Cargo:1/5, Speed:1
 (Id 17 Source: 3, Going: 2, Size:1)
WareHouse 1, [82, 34], Docks:1, [Shipment18(1,true), Shipment19(3,true), Shipment20(2,true), Shipment25(3,false), Shipment3(1,true), Shipment21(1,true), Shipment13(2,true), Shipment26(2,true), Shipment22(3,true), Shipment8(1,true)]
WareHouse 2, [74, 52], Docks:1, [Shipment26(2,true), Shipment19(3,true), Shipment27(2,true), Shipment5(2,true), Shipment20(2,true), Shipment18(1,true), Shipment4(3,true), Shipment7(2,true)]
WareHouse 3, [38, 14], Docks:1, [Shipment22(3,true), Shipment27(2,true), Shipment23(1,true), Shipment24(1,true), Shipment10(2,true), Shipment9(1,true), Shipment2(2,true)]
Shipment 1, Source:3, Going:2, Size:3 In Warehouse: 3
Shipment 2, Source:2, Going:3, Size:2, In Truck: 1
Shipment 3, Source:2, Going:1, Size:1, In Truck: 1
Shipment 4, Source:3, Going:2, Size:3, In Truck: 1
Shipment 5, Source:3, Going:2, Size:2 In Warehouse: 2
Shipment 6, Source:3, Going:2, Size:2 In Warehouse: 3
Shipment 7, Source:1, Going:2, Size:2, In Truck: 3
Shipment 8, Source:3, Going:1, Size:1, In Truck: 3
Shipment 9, Source:2, Going:3, Size:1, In Truck: 3
Shipment 10, Source:1, Going:3, Size:2 In Warehouse: 3
Shipment 11, Source:2, Going:3, Size:2, In Truck: 5
Shipment 12, Source:1, Going:3, Size:1 In Warehouse: 1
Shipment 13, Source:3, Going:1, Size:2 In Warehouse: 1
Shipment 14, Source:1, Going:2, Size:3 In Warehouse: 1
Shipment 15, Source:2, Going:1, Size:3 In Warehouse: 2
Shipment 16, Source:1, Going:2, Size:3 In Warehouse: 1
Shipment 17, Source:3, Going:2, Size:1, In Truck: 7
Shipment 18, Source:1, Going:2, Size:1, In Truck: 7
Shipment 19, Source:1, Going:2, Size:3 In Warehouse: 2
Shipment 20, Source:1, Going:2, Size:2 In Warehouse: 2
Shipment 21, Source:2, Going:1, Size:1 In Warehouse: 1
Shipment 22, Source:3, Going:1, Size:3 In Warehouse: 1
Shipment 23, Source:2, Going:3, Size:1 In Warehouse: 3
Shipment 24, Source:2, Going:3, Size:1 In Warehouse: 3
Shipment 25, Source:1, Going:2, Size:3 In Warehouse: 1
Shipment 26, Source:2, Going:1, Size:2 In Warehouse: 1
Shipment 27, Source:3, Going:2, Size:2 In Warehouse: 2
Cycle: 163
Truck 1, [38,20] , Cargo:0/4, Speed:2
Truck 3, [38,20] , Cargo:0/4, Speed:2
Truck 5, [38,25] , Cargo:2/5, Speed:1
 (Id 11 Source: 2, Going: 3, Size:2)
Truck 7, [62,14] , Cargo:1/5, Speed:1
 (Id 17 Source: 3, Going: 2, Size:1)
WareHouse 1, [82, 34], Docks:1, [Shipment18(1,true), Shipment19(3,true), Shipment20(2,true), Shipment25(3,false), Shipment3(1,true), Shipment21(1,true), Shipment13(2,true), Shipment26(2,true), Shipment22(3,true), Shipment8(1,true)]
WareHouse 2, [74, 52], Docks:1, [Shipment26(2,true), Shipment19(3,true), Shipment27(2,true), Shipment5(2,true), Shipment20(2,true), Shipment18(1,true), Shipment4(3,true), Shipment7(2,true)]
WareHouse 3, [38, 14], Docks:1, [Shipment22(3,true), Shipment27(2,true), Shipment23(1,true), Shipment24(1,true), Shipment10(2,true), Shipment9(1,true), Shipment2(2,true)]
Shipment 1, Source:3, Going:2, Size:3 In Warehouse: 3
Shipment 2, Source:2, Going:3, Size:2, In Truck: 1
Shipment 3, Source:2, Going:1, Size:1, In Truck: 1
Shipment 4, Source:3, Going:2, Size:3, In Truck: 1
Shipment 5, Source:3, Going:2, Size:2 In Warehouse: 2
Shipment 6, Source:3, Going:2, Size:2 In Warehouse: 3
Shipment 7, Source:1, Going:2, Size:2, In Truck: 3
Shipment 8, Source:3, Going:1, Size:1, In Truck: 3
Shipment 9, Source:2, Going:3, Size:1, In Truck: 3
Shipment 10, Source:1, Going:3, Size:2 In Warehouse: 3
Shipment 11, Source:2, Going:3, Size:2, In Truck: 5
Shipment 12, Source:1, Going:3, Size:1 In Warehouse: 1
Shipment 13, Source:3, Going:1, Size:2 In Warehouse: 1
Shipment 14, Source:1, Going:2, Size:3 In Warehouse: 1
Shipment 15, Source:2, Going:1, Size:3 In Warehouse: 2
Shipment 16, Source:1, Going:2, Size:3 In Warehouse: 1
Shipment 17, Source:3, Going:2, Size:1, In Truck: 7
Shipment 18, Source:1, Going:2, Size:1, In Truck: 7
Shipment 19, Source:1, Going:2, Size:3 In Warehouse: 2
Shipment 20, Source:1, Going:2, Size:2 In Warehouse: 2
Shipment 21, Source:2, Going:1, Size:1 In Warehouse: 1
Shipment 22, Source:3, Going:1, Size:3 In Warehouse: 1
Shipment 23, Source:2, Going:3, Size:1 In Warehouse: 3
Shipment 24, Source:2, Going:3, Size:1 In Warehouse: 3
Shipment 25, Source:1, Going:2, Size:3 In Warehouse: 1
Shipment 26, Source:2, Going:1, Size:2 In Warehouse: 1
Shipment 27, Source:3, Going:2, Size:2 In Warehouse: 2
Cycle: 164
Truck 1, [38,18] , Cargo:0/4, Speed:2
Truck 3, [38,18] , Cargo:0/4, Speed:2
Truck 5, [38,24] , Cargo:2/5, Speed:1
 (Id 11 Source: 2, Going: 3, Size:2)
Truck 7, [63,14] , Cargo:1/5, Speed:1
 (Id 17 Source: 3, Going: 2, Size:1)
WareHouse 1, [82, 34], Docks:1, [Shipment18(1,true), Shipment19(3,true), Shipment20(2,true), Shipment25(3,false), Shipment3(1,true), Shipment21(1,true), Shipment13(2,true), Shipment26(2,true), Shipment22(3,true), Shipment8(1,true)]
WareHouse 2, [74, 52], Docks:1, [Shipment26(2,true), Shipment19(3,true), Shipment27(2,true), Shipment5(2,true), Shipment20(2,true), Shipment18(1,true), Shipment4(3,true), Shipment7(2,true)]
WareHouse 3, [38, 14], Docks:1, [Shipment22(3,true), Shipment27(2,true), Shipment23(1,true), Shipment24(1,true), Shipment10(2,true), Shipment9(1,true), Shipment2(2,true)]
Shipment 1, Source:3, Going:2, Size:3 In Warehouse: 3
Shipment 2, Source:2, Going:3, Size:2, In Truck: 1
Shipment 3, Source:2, Going:1, Size:1, In Truck: 1
Shipment 4, Source:3, Going:2, Size:3, In Truck: 1
Shipment 5, Source:3, Going:2, Size:2 In Warehouse: 2
Shipment 6, Source:3, Going:2, Size:2 In Warehouse: 3
Shipment 7, Source:1, Going:2, Size:2, In Truck: 3
Shipment 8, Source:3, Going:1, Size:1, In Truck: 3
Shipment 9, Source:2, Going:3, Size:1, In Truck: 3
Shipment 10, Source:1, Going:3, Size:2 In Warehouse: 3
Shipment 11, Source:2, Going:3, Size:2, In Truck: 5
Shipment 12, Source:1, Going:3, Size:1 In Warehouse: 1
Shipment 13, Source:3, Going:1, Size:2 In Warehouse: 1
Shipment 14, Source:1, Going:2, Size:3 In Warehouse: 1
Shipment 15, Source:2, Going:1, Size:3 In Warehouse: 2
Shipment 16, Source:1, Going:2, Size:3 In Warehouse: 1
Shipment 17, Source:3, Going:2, Size:1, In Truck: 7
Shipment 18, Source:1, Going:2, Size:1, In Truck: 7
Shipment 19, Source:1, Going:2, Size:3 In Warehouse: 2
Shipment 20, Source:1, Going:2, Size:2 In Warehouse: 2
Shipment 21, Source:2, Going:1, Size:1 In Warehouse: 1
Shipment 22, Source:3, Going:1, Size:3 In Warehouse: 1
Shipment 23, Source:2, Going:3, Size:1 In Warehouse: 3
Shipment 24, Source:2, Going:3, Size:1 In Warehouse: 3
Shipment 25, Source:1, Going:2, Size:3 In Warehouse: 1
Shipment 26, Source:2, Going:1, Size:2 In Warehouse: 1
Shipment 27, Source:3, Going:2, Size:2 In Warehouse: 2
Cycle: 165
Truck 1, [38,16] , Cargo:0/4, Speed:2
Truck 3, [38,16] , Cargo:0/4, Speed:2
Truck 5, [38,23] , Cargo:2/5, Speed:1
 (Id 11 Source: 2, Going: 3, Size:2)
Truck 7, [64,14] , Cargo:1/5, Speed:1
 (Id 17 Source: 3, Going: 2, Size:1)
WareHouse 1, [82, 34], Docks:1, [Shipment18(1,true), Shipment19(3,true), Shipment20(2,true), Shipment25(3,false), Shipment3(1,true), Shipment21(1,true), Shipment13(2,true), Shipment26(2,true), Shipment22(3,true), Shipment8(1,true)]
WareHouse 2, [74, 52], Docks:1, [Shipment26(2,true), Shipment19(3,true), Shipment27(2,true), Shipment5(2,true), Shipment20(2,true), Shipment18(1,true), Shipment4(3,true), Shipment7(2,true)]
WareHouse 3, [38, 14], Docks:1, [Shipment22(3,true), Shipment27(2,true), Shipment23(1,true), Shipment24(1,true), Shipment10(2,true), Shipment9(1,true), Shipment2(2,true)]
Shipment 1, Source:3, Going:2, Size:3 In Warehouse: 3
Shipment 2, Source:2, Going:3, Size:2, In Truck: 1
Shipment 3, Source:2, Going:1, Size:1, In Truck: 1
Shipment 4, Source:3, Going:2, Size:3, In Truck: 1
Shipment 5, Source:3, Going:2, Size:2 In Warehouse: 2
Shipment 6, Source:3, Going:2, Size:2 In Warehouse: 3
Shipment 7, Source:1, Going:2, Size:2, In Truck: 3
Shipment 8, Source:3, Going:1, Size:1, In Truck: 3
Shipment 9, Source:2, Going:3, Size:1, In Truck: 3
Shipment 10, Source:1, Going:3, Size:2 In Warehouse: 3
Shipment 11, Source:2, Going:3, Size:2, In Truck: 5
Shipment 12, Source:1, Going:3, Size:1 In Warehouse: 1
Shipment 13, Source:3, Going:1, Size:2 In Warehouse: 1
Shipment 14, Source:1, Going:2, Size:3 In Warehouse: 1
Shipment 15, Source:2, Going:1, Size:3 In Warehouse: 2
Shipment 16, Source:1, Going:2, Size:3 In Warehouse: 1
Shipment 17, Source:3, Going:2, Size:1, In Truck: 7
Shipment 18, Source:1, Going:2, Size:1, In Truck: 7
Shipment 19, Source:1, Going:2, Size:3 In Warehouse: 2
Shipment 20, Source:1, Going:2, Size:2 In Warehouse: 2
Shipment 21, Source:2, Going:1, Size:1 In Warehouse: 1
Shipment 22, Source:3, Going:1, Size:3 In Warehouse: 1
Shipment 23, Source:2, Going:3, Size:1 In Warehouse: 3
Shipment 24, Source:2, Going:3, Size:1 In Warehouse: 3
Shipment 25, Source:1, Going:2, Size:3 In Warehouse: 1
Shipment 26, Source:2, Going:1, Size:2 In Warehouse: 1
Shipment 27, Source:3, Going:2, Size:2 In Warehouse: 2
Cycle: 166
Truck 1, [38,14] , Cargo:0/4, Speed:2
Truck 3, [38,14] , Cargo:0/4, Speed:2
Truck 5, [38,22] , Cargo:2/5, Speed:1
 (Id 11 Source: 2, Going: 3, Size:2)
Truck 7, [65,14] , Cargo:1/5, Speed:1
 (Id 17 Source: 3, Going: 2, Size:1)
WareHouse 1, [82, 34], Docks:1, [Shipment18(1,true), Shipment19(3,true), Shipment20(2,true), Shipment25(3,false), Shipment3(1,true), Shipment21(1,true), Shipment13(2,true), Shipment26(2,true), Shipment22(3,true), Shipment8(1,true)]
WareHouse 2, [74, 52], Docks:1, [Shipment26(2,true), Shipment19(3,true), Shipment27(2,true), Shipment5(2,true), Shipment20(2,true), Shipment18(1,true), Shipment4(3,true), Shipment7(2,true)]
WareHouse 3, [38, 14], Docks:1, [Shipment22(3,true), Shipment27(2,true), Shipment23(1,true), Shipment24(1,true), Shipment10(2,true), Shipment9(1,true), Shipment2(2,true)]
Shipment 1, Source:3, Going:2, Size:3 In Warehouse: 3
Shipment 2, Source:2, Going:3, Size:2, In Truck: 1
Shipment 3, Source:2, Going:1, Size:1, In Truck: 1
Shipment 4, Source:3, Going:2, Size:3, In Truck: 1
Shipment 5, Source:3, Going:2, Size:2 In Warehouse: 2
Shipment 6, Source:3, Going:2, Size:2 In Warehouse: 3
Shipment 7, Source:1, Going:2, Size:2, In Truck: 3
Shipment 8, Source:3, Going:1, Size:1, In Truck: 3
Shipment 9, Source:2, Going:3, Size:1, In Truck: 3
Shipment 10, Source:1, Going:3, Size:2 In Warehouse: 3
Shipment 11, Source:2, Going:3, Size:2, In Truck: 5
Shipment 12, Source:1, Going:3, Size:1 In Warehouse: 1
Shipment 13, Source:3, Going:1, Size:2 In Warehouse: 1
Shipment 14, Source:1, Going:2, Size:3 In Warehouse: 1
Shipment 15, Source:2, Going:1, Size:3 In Warehouse: 2
Shipment 16, Source:1, Going:2, Size:3 In Warehouse: 1
Shipment 17, Source:3, Going:2, Size:1, In Truck: 7
Shipment 18, Source:1, Going:2, Size:1, In Truck: 7
Shipment 19, Source:1, Going:2, Size:3 In Warehouse: 2
Shipment 20, Source:1, Going:2, Size:2 In Warehouse: 2
Shipment 21, Source:2, Going:1, Size:1 In Warehouse: 1
Shipment 22, Source:3, Going:1, Size:3 In Warehouse: 1
Shipment 23, Source:2, Going:3, Size:1 In Warehouse: 3
Shipment 24, Source:2, Going:3, Size:1 In Warehouse: 3
Shipment 25, Source:1, Going:2, Size:3 In Warehouse: 1
Shipment 26, Source:2, Going:1, Size:2 In Warehouse: 1
Shipment 27, Source:3, Going:2, Size:2 In Warehouse: 2
Cycle: 167
Truck 1, [38,14] , Cargo:0/4, Speed:2
Truck 3, [38,14] , Cargo:0/4, Speed:2
Truck 5, [38,21] , Cargo:2/5, Speed:1
 (Id 11 Source: 2, Going: 3, Size:2)
Truck 7, [66,14] , Cargo:1/5, Speed:1
 (Id 17 Source: 3, Going: 2, Size:1)
WareHouse 1, [82, 34], Docks:1, [Shipment18(1,true), Shipment19(3,true), Shipment20(2,true), Shipment25(3,false), Shipment3(1,true), Shipment21(1,true), Shipment13(2,true), Shipment26(2,true), Shipment22(3,true), Shipment8(1,true)]
WareHouse 2, [74, 52], Docks:1, [Shipment26(2,true), Shipment19(3,true), Shipment27(2,true), Shipment5(2,true), Shipment20(2,true), Shipment18(1,true), Shipment4(3,true), Shipment7(2,true)]
WareHouse 3, [38, 14], Docks:1, [Shipment22(3,true), Shipment27(2,true), Shipment23(1,true), Shipment24(1,true), Shipment10(2,true), Shipment9(1,true), Shipment2(2,true)]
Shipment 1, Source:3, Going:2, Size:3 In Warehouse: 3
Shipment 2, Source:2, Going:3, Size:2, In Truck: 1
Shipment 3, Source:2, Going:1, Size:1, In Truck: 1
Shipment 4, Source:3, Going:2, Size:3, In Truck: 1
Shipment 5, Source:3, Going:2, Size:2 In Warehouse: 2
Shipment 6, Source:3, Going:2, Size:2 In Warehouse: 3
Shipment 7, Source:1, Going:2, Size:2, In Truck: 3
Shipment 8, Source:3, Going:1, Size:1, In Truck: 3
Shipment 9, Source:2, Going:3, Size:1, In Truck: 3
Shipment 10, Source:1, Going:3, Size:2 In Warehouse: 3
Shipment 11, Source:2, Going:3, Size:2, In Truck: 5
Shipment 12, Source:1, Going:3, Size:1 In Warehouse: 1
Shipment 13, Source:3, Going:1, Size:2 In Warehouse: 1
Shipment 14, Source:1, Going:2, Size:3 In Warehouse: 1
Shipment 15, Source:2, Going:1, Size:3 In Warehouse: 2
Shipment 16, Source:1, Going:2, Size:3 In Warehouse: 1
Shipment 17, Source:3, Going:2, Size:1, In Truck: 7
Shipment 18, Source:1, Going:2, Size:1, In Truck: 7
Shipment 19, Source:1, Going:2, Size:3 In Warehouse: 2
Shipment 20, Source:1, Going:2, Size:2 In Warehouse: 2
Shipment 21, Source:2, Going:1, Size:1 In Warehouse: 1
Shipment 22, Source:3, Going:1, Size:3 In Warehouse: 1
Shipment 23, Source:2, Going:3, Size:1 In Warehouse: 3
Shipment 24, Source:2, Going:3, Size:1 In Warehouse: 3
Shipment 25, Source:1, Going:2, Size:3 In Warehouse: 1
Shipment 26, Source:2, Going:1, Size:2 In Warehouse: 1
Shipment 27, Source:3, Going:2, Size:2 In Warehouse: 2
Cycle: 168
Truck 1, [38,14] , Cargo:0/4, Speed:2
Truck 3, [38,14] , Cargo:0/4, Speed:2
Truck 5, [38,20] , Cargo:2/5, Speed:1
 (Id 11 Source: 2, Going: 3, Size:2)
Truck 7, [67,14] , Cargo:1/5, Speed:1
 (Id 17 Source: 3, Going: 2, Size:1)
WareHouse 1, [82, 34], Docks:1, [Shipment18(1,true), Shipment19(3,true), Shipment20(2,true), Shipment25(3,false), Shipment3(1,true), Shipment21(1,true), Shipment13(2,true), Shipment26(2,true), Shipment22(3,true), Shipment8(1,true)]
WareHouse 2, [74, 52], Docks:1, [Shipment26(2,true), Shipment19(3,true), Shipment27(2,true), Shipment5(2,true), Shipment20(2,true), Shipment18(1,true), Shipment4(3,true), Shipment7(2,true)]
WareHouse 3, [38, 14], Docks:1, [Shipment22(3,true), Shipment27(2,true), Shipment23(1,true), Shipment24(1,true), Shipment10(2,true), Shipment9(1,true), Shipment2(2,true)]
Shipment 1, Source:3, Going:2, Size:3 In Warehouse: 3
Shipment 2, Source:2, Going:3, Size:2, In Truck: 1
Shipment 3, Source:2, Going:1, Size:1, In Truck: 1
Shipment 4, Source:3, Going:2, Size:3, In Truck: 1
Shipment 5, Source:3, Going:2, Size:2 In Warehouse: 2
Shipment 6, Source:3, Going:2, Size:2 In Warehouse: 3
Shipment 7, Source:1, Going:2, Size:2, In Truck: 3
Shipment 8, Source:3, Going:1, Size:1, In Truck: 3
Shipment 9, Source:2, Going:3, Size:1, In Truck: 3
Shipment 10, Source:1, Going:3, Size:2 In Warehouse: 3
Shipment 11, Source:2, Going:3, Size:2, In Truck: 5
Shipment 12, Source:1, Going:3, Size:1 In Warehouse: 1
Shipment 13, Source:3, Going:1, Size:2 In Warehouse: 1
Shipment 14, Source:1, Going:2, Size:3 In Warehouse: 1
Shipment 15, Source:2, Going:1, Size:3 In Warehouse: 2
Shipment 16, Source:1, Going:2, Size:3 In Warehouse: 1
Shipment 17, Source:3, Going:2, Size:1, In Truck: 7
Shipment 18, Source:1, Going:2, Size:1, In Truck: 7
Shipment 19, Source:1, Going:2, Size:3 In Warehouse: 2
Shipment 20, Source:1, Going:2, Size:2 In Warehouse: 2
Shipment 21, Source:2, Going:1, Size:1 In Warehouse: 1
Shipment 22, Source:3, Going:1, Size:3 In Warehouse: 1
Shipment 23, Source:2, Going:3, Size:1 In Warehouse: 3
Shipment 24, Source:2, Going:3, Size:1 In Warehouse: 3
Shipment 25, Source:1, Going:2, Size:3 In Warehouse: 1
Shipment 26, Source:2, Going:1, Size:2 In Warehouse: 1
Shipment 27, Source:3, Going:2, Size:2 In Warehouse: 2
Cycle: 169
Truck 1, [38,14] , Cargo:0/4, Speed:2
Truck 3, [38,14] , Cargo:2/4, Speed:2
 (Id 6 Source: 3, Going: 2, Size:2)
Truck 5, [38,19] , Cargo:2/5, Speed:1
 (Id 11 Source: 2, Going: 3, Size:2)
Truck 7, [68,14] , Cargo:1/5, Speed:1
 (Id 17 Source: 3, Going: 2, Size:1)
WareHouse 1, [82, 34], Docks:1, [Shipment18(1,true), Shipment19(3,true), Shipment20(2,true), Shipment25(3,false), Shipment3(1,true), Shipment21(1,true), Shipment13(2,true), Shipment26(2,true), Shipment22(3,true), Shipment8(1,true)]
WareHouse 2, [74, 52], Docks:1, [Shipment26(2,true), Shipment19(3,true), Shipment27(2,true), Shipment5(2,true), Shipment20(2,true), Shipment18(1,true), Shipment4(3,true), Shipment7(2,true)]
WareHouse 3, [38, 14], Docks:1, [Shipment27(2,true), Shipment23(1,true), Shipment24(1,true), Shipment10(2,true), Shipment9(1,true), Shipment2(2,true)]
Shipment 1, Source:3, Going:2, Size:3 In Warehouse: 3
Shipment 2, Source:2, Going:3, Size:2, In Truck: 1
Shipment 3, Source:2, Going:1, Size:1, In Truck: 1
Shipment 4, Source:3, Going:2, Size:3, In Truck: 1
Shipment 5, Source:3, Going:2, Size:2 In Warehouse: 2
Shipment 6, Source:3, Going:2, Size:2, In Truck: 3
Shipment 7, Source:1, Going:2, Size:2, In Truck: 3
Shipment 8, Source:3, Going:1, Size:1, In Truck: 3
Shipment 9, Source:2, Going:3, Size:1, In Truck: 3
Shipment 10, Source:1, Going:3, Size:2 In Warehouse: 3
Shipment 11, Source:2, Going:3, Size:2, In Truck: 5
Shipment 12, Source:1, Going:3, Size:1 In Warehouse: 1
Shipment 13, Source:3, Going:1, Size:2 In Warehouse: 1
Shipment 14, Source:1, Going:2, Size:3 In Warehouse: 1
Shipment 15, Source:2, Going:1, Size:3 In Warehouse: 2
Shipment 16, Source:1, Going:2, Size:3 In Warehouse: 1
Shipment 17, Source:3, Going:2, Size:1, In Truck: 7
Shipment 18, Source:1, Going:2, Size:1, In Truck: 7
Shipment 19, Source:1, Going:2, Size:3 In Warehouse: 2
Shipment 20, Source:1, Going:2, Size:2 In Warehouse: 2
Shipment 21, Source:2, Going:1, Size:1 In Warehouse: 1
Shipment 22, Source:3, Going:1, Size:3 In Warehouse: 1
Shipment 23, Source:2, Going:3, Size:1 In Warehouse: 3
Shipment 24, Source:2, Going:3, Size:1 In Warehouse: 3
Shipment 25, Source:1, Going:2, Size:3 In Warehouse: 1
Shipment 26, Source:2, Going:1, Size:2 In Warehouse: 1
Shipment 27, Source:3, Going:2, Size:2 In Warehouse: 2
Cycle: 170
Truck 1, [38,14] , Cargo:3/4, Speed:2
 (Id 1 Source: 3, Going: 2, Size:3)
Truck 3, [40,14] , Cargo:2/4, Speed:2
 (Id 6 Source: 3, Going: 2, Size:2)
Truck 5, [38,18] , Cargo:2/5, Speed:1
 (Id 11 Source: 2, Going: 3, Size:2)
Truck 7, [69,14] , Cargo:1/5, Speed:1
 (Id 17 Source: 3, Going: 2, Size:1)
WareHouse 1, [82, 34], Docks:1, [Shipment18(1,true), Shipment19(3,true), Shipment20(2,true), Shipment25(3,false), Shipment3(1,true), Shipment21(1,true), Shipment13(2,true), Shipment26(2,true), Shipment22(3,true), Shipment8(1,true)]
WareHouse 2, [74, 52], Docks:1, [Shipment26(2,true), Shipment19(3,true), Shipment27(2,true), Shipment5(2,true), Shipment20(2,true), Shipment18(1,true), Shipment4(3,true), Shipment7(2,true)]
WareHouse 3, [38, 14], Docks:1, [Shipment23(1,true), Shipment24(1,true), Shipment10(2,true), Shipment9(1,true), Shipment2(2,true)]
Shipment 1, Source:3, Going:2, Size:3, In Truck: 1
Shipment 2, Source:2, Going:3, Size:2, In Truck: 1
Shipment 3, Source:2, Going:1, Size:1, In Truck: 1
Shipment 4, Source:3, Going:2, Size:3, In Truck: 1
Shipment 5, Source:3, Going:2, Size:2 In Warehouse: 2
Shipment 6, Source:3, Going:2, Size:2, In Truck: 3
Shipment 7, Source:1, Going:2, Size:2, In Truck: 3
Shipment 8, Source:3, Going:1, Size:1, In Truck: 3
Shipment 9, Source:2, Going:3, Size:1, In Truck: 3
Shipment 10, Source:1, Going:3, Size:2 In Warehouse: 3
Shipment 11, Source:2, Going:3, Size:2, In Truck: 5
Shipment 12, Source:1, Going:3, Size:1 In Warehouse: 1
Shipment 13, Source:3, Going:1, Size:2 In Warehouse: 1
Shipment 14, Source:1, Going:2, Size:3 In Warehouse: 1
Shipment 15, Source:2, Going:1, Size:3 In Warehouse: 2
Shipment 16, Source:1, Going:2, Size:3 In Warehouse: 1
Shipment 17, Source:3, Going:2, Size:1, In Truck: 7
Shipment 18, Source:1, Going:2, Size:1, In Truck: 7
Shipment 19, Source:1, Going:2, Size:3 In Warehouse: 2
Shipment 20, Source:1, Going:2, Size:2 In Warehouse: 2
Shipment 21, Source:2, Going:1, Size:1 In Warehouse: 1
Shipment 22, Source:3, Going:1, Size:3 In Warehouse: 1
Shipment 23, Source:2, Going:3, Size:1 In Warehouse: 3
Shipment 24, Source:2, Going:3, Size:1 In Warehouse: 3
Shipment 25, Source:1, Going:2, Size:3 In Warehouse: 1
Shipment 26, Source:2, Going:1, Size:2 In Warehouse: 1
Shipment 27, Source:3, Going:2, Size:2 In Warehouse: 2
Cycle: 171
Truck 1, [40,14] , Cargo:3/4, Speed:2
 (Id 1 Source: 3, Going: 2, Size:3)
Truck 3, [42,14] , Cargo:2/4, Speed:2
 (Id 6 Source: 3, Going: 2, Size:2)
Truck 5, [38,17] , Cargo:2/5, Speed:1
 (Id 11 Source: 2, Going: 3, Size:2)
Truck 7, [70,14] , Cargo:1/5, Speed:1
 (Id 17 Source: 3, Going: 2, Size:1)
WareHouse 1, [82, 34], Docks:1, [Shipment18(1,true), Shipment19(3,true), Shipment20(2,true), Shipment25(3,false), Shipment3(1,true), Shipment21(1,true), Shipment13(2,true), Shipment26(2,true), Shipment22(3,true), Shipment8(1,true)]
WareHouse 2, [74, 52], Docks:1, [Shipment26(2,true), Shipment19(3,true), Shipment27(2,true), Shipment5(2,true), Shipment20(2,true), Shipment18(1,true), Shipment4(3,true), Shipment7(2,true)]
WareHouse 3, [38, 14], Docks:1, [Shipment23(1,true), Shipment24(1,true), Shipment10(2,true), Shipment9(1,true), Shipment2(2,true)]
Shipment 1, Source:3, Going:2, Size:3, In Truck: 1
Shipment 2, Source:2, Going:3, Size:2, In Truck: 1
Shipment 3, Source:2, Going:1, Size:1, In Truck: 1
Shipment 4, Source:3, Going:2, Size:3, In Truck: 1
Shipment 5, Source:3, Going:2, Size:2 In Warehouse: 2
Shipment 6, Source:3, Going:2, Size:2, In Truck: 3
Shipment 7, Source:1, Going:2, Size:2, In Truck: 3
Shipment 8, Source:3, Going:1, Size:1, In Truck: 3
Shipment 9, Source:2, Going:3, Size:1, In Truck: 3
Shipment 10, Source:1, Going:3, Size:2 In Warehouse: 3
Shipment 11, Source:2, Going:3, Size:2, In Truck: 5
Shipment 12, Source:1, Going:3, Size:1 In Warehouse: 1
Shipment 13, Source:3, Going:1, Size:2 In Warehouse: 1
Shipment 14, Source:1, Going:2, Size:3 In Warehouse: 1
Shipment 15, Source:2, Going:1, Size:3 In Warehouse: 2
Shipment 16, Source:1, Going:2, Size:3 In Warehouse: 1
Shipment 17, Source:3, Going:2, Size:1, In Truck: 7
Shipment 18, Source:1, Going:2, Size:1, In Truck: 7
Shipment 19, Source:1, Going:2, Size:3 In Warehouse: 2
Shipment 20, Source:1, Going:2, Size:2 In Warehouse: 2
Shipment 21, Source:2, Going:1, Size:1 In Warehouse: 1
Shipment 22, Source:3, Going:1, Size:3 In Warehouse: 1
Shipment 23, Source:2, Going:3, Size:1 In Warehouse: 3
Shipment 24, Source:2, Going:3, Size:1 In Warehouse: 3
Shipment 25, Source:1, Going:2, Size:3 In Warehouse: 1
Shipment 26, Source:2, Going:1, Size:2 In Warehouse: 1
Shipment 27, Source:3, Going:2, Size:2 In Warehouse: 2
Cycle: 172
Truck 1, [42,14] , Cargo:3/4, Speed:2
 (Id 1 Source: 3, Going: 2, Size:3)
Truck 3, [44,14] , Cargo:2/4, Speed:2
 (Id 6 Source: 3, Going: 2, Size:2)
Truck 5, [38,16] , Cargo:2/5, Speed:1
 (Id 11 Source: 2, Going: 3, Size:2)
Truck 7, [71,14] , Cargo:1/5, Speed:1
 (Id 17 Source: 3, Going: 2, Size:1)
WareHouse 1, [82, 34], Docks:1, [Shipment18(1,true), Shipment19(3,true), Shipment20(2,true), Shipment25(3,false), Shipment3(1,true), Shipment21(1,true), Shipment13(2,true), Shipment26(2,true), Shipment22(3,true), Shipment8(1,true)]
WareHouse 2, [74, 52], Docks:1, [Shipment26(2,true), Shipment19(3,true), Shipment27(2,true), Shipment5(2,true), Shipment20(2,true), Shipment18(1,true), Shipment4(3,true), Shipment7(2,true)]
WareHouse 3, [38, 14], Docks:1, [Shipment23(1,true), Shipment24(1,true), Shipment10(2,true), Shipment9(1,true), Shipment2(2,true)]
Shipment 1, Source:3, Going:2, Size:3, In Truck: 1
Shipment 2, Source:2, Going:3, Size:2, In Truck: 1
Shipment 3, Source:2, Going:1, Size:1, In Truck: 1
Shipment 4, Source:3, Going:2, Size:3, In Truck: 1
Shipment 5, Source:3, Going:2, Size:2 In Warehouse: 2
Shipment 6, Source:3, Going:2, Size:2, In Truck: 3
Shipment 7, Source:1, Going:2, Size:2, In Truck: 3
Shipment 8, Source:3, Going:1, Size:1, In Truck: 3
Shipment 9, Source:2, Going:3, Size:1, In Truck: 3
Shipment 10, Source:1, Going:3, Size:2 In Warehouse: 3
Shipment 11, Source:2, Going:3, Size:2, In Truck: 5
Shipment 12, Source:1, Going:3, Size:1 In Warehouse: 1
Shipment 13, Source:3, Going:1, Size:2 In Warehouse: 1
Shipment 14, Source:1, Going:2, Size:3 In Warehouse: 1
Shipment 15, Source:2, Going:1, Size:3 In Warehouse: 2
Shipment 16, Source:1, Going:2, Size:3 In Warehouse: 1
Shipment 17, Source:3, Going:2, Size:1, In Truck: 7
Shipment 18, Source:1, Going:2, Size:1, In Truck: 7
Shipment 19, Source:1, Going:2, Size:3 In Warehouse: 2
Shipment 20, Source:1, Going:2, Size:2 In Warehouse: 2
Shipment 21, Source:2, Going:1, Size:1 In Warehouse: 1
Shipment 22, Source:3, Going:1, Size:3 In Warehouse: 1
Shipment 23, Source:2, Going:3, Size:1 In Warehouse: 3
Shipment 24, Source:2, Going:3, Size:1 In Warehouse: 3
Shipment 25, Source:1, Going:2, Size:3 In Warehouse: 1
Shipment 26, Source:2, Going:1, Size:2 In Warehouse: 1
Shipment 27, Source:3, Going:2, Size:2 In Warehouse: 2
Cycle: 173
Truck 1, [44,14] , Cargo:3/4, Speed:2
 (Id 1 Source: 3, Going: 2, Size:3)
Truck 3, [46,14] , Cargo:2/4, Speed:2
 (Id 6 Source: 3, Going: 2, Size:2)
Truck 5, [38,15] , Cargo:2/5, Speed:1
 (Id 11 Source: 2, Going: 3, Size:2)
Truck 7, [72,14] , Cargo:1/5, Speed:1
 (Id 17 Source: 3, Going: 2, Size:1)
WareHouse 1, [82, 34], Docks:1, [Shipment18(1,true), Shipment19(3,true), Shipment20(2,true), Shipment25(3,false), Shipment3(1,true), Shipment21(1,true), Shipment13(2,true), Shipment26(2,true), Shipment22(3,true), Shipment8(1,true)]
WareHouse 2, [74, 52], Docks:1, [Shipment26(2,true), Shipment19(3,true), Shipment27(2,true), Shipment5(2,true), Shipment20(2,true), Shipment18(1,true), Shipment4(3,true), Shipment7(2,true)]
WareHouse 3, [38, 14], Docks:1, [Shipment23(1,true), Shipment24(1,true), Shipment10(2,true), Shipment9(1,true), Shipment2(2,true)]
Shipment 1, Source:3, Going:2, Size:3, In Truck: 1
Shipment 2, Source:2, Going:3, Size:2, In Truck: 1
Shipment 3, Source:2, Going:1, Size:1, In Truck: 1
Shipment 4, Source:3, Going:2, Size:3, In Truck: 1
Shipment 5, Source:3, Going:2, Size:2 In Warehouse: 2
Shipment 6, Source:3, Going:2, Size:2, In Truck: 3
Shipment 7, Source:1, Going:2, Size:2, In Truck: 3
Shipment 8, Source:3, Going:1, Size:1, In Truck: 3
Shipment 9, Source:2, Going:3, Size:1, In Truck: 3
Shipment 10, Source:1, Going:3, Size:2 In Warehouse: 3
Shipment 11, Source:2, Going:3, Size:2, In Truck: 5
Shipment 12, Source:1, Going:3, Size:1 In Warehouse: 1
Shipment 13, Source:3, Going:1, Size:2 In Warehouse: 1
Shipment 14, Source:1, Going:2, Size:3 In Warehouse: 1
Shipment 15, Source:2, Going:1, Size:3 In Warehouse: 2
Shipment 16, Source:1, Going:2, Size:3 In Warehouse: 1
Shipment 17, Source:3, Going:2, Size:1, In Truck: 7
Shipment 18, Source:1, Going:2, Size:1, In Truck: 7
Shipment 19, Source:1, Going:2, Size:3 In Warehouse: 2
Shipment 20, Source:1, Going:2, Size:2 In Warehouse: 2
Shipment 21, Source:2, Going:1, Size:1 In Warehouse: 1
Shipment 22, Source:3, Going:1, Size:3 In Warehouse: 1
Shipment 23, Source:2, Going:3, Size:1 In Warehouse: 3
Shipment 24, Source:2, Going:3, Size:1 In Warehouse: 3
Shipment 25, Source:1, Going:2, Size:3 In Warehouse: 1
Shipment 26, Source:2, Going:1, Size:2 In Warehouse: 1
Shipment 27, Source:3, Going:2, Size:2 In Warehouse: 2
Cycle: 174
Truck 1, [46,14] , Cargo:3/4, Speed:2
 (Id 1 Source: 3, Going: 2, Size:3)
Truck 3, [48,14] , Cargo:2/4, Speed:2
 (Id 6 Source: 3, Going: 2, Size:2)
Truck 5, [38,14] , Cargo:2/5, Speed:1
 (Id 11 Source: 2, Going: 3, Size:2)
Truck 7, [73,14] , Cargo:1/5, Speed:1
 (Id 17 Source: 3, Going: 2, Size:1)
WareHouse 1, [82, 34], Docks:1, [Shipment18(1,true), Shipment19(3,true), Shipment20(2,true), Shipment25(3,false), Shipment3(1,true), Shipment21(1,true), Shipment13(2,true), Shipment26(2,true), Shipment22(3,true), Shipment8(1,true)]
WareHouse 2, [74, 52], Docks:1, [Shipment26(2,true), Shipment19(3,true), Shipment27(2,true), Shipment5(2,true), Shipment20(2,true), Shipment18(1,true), Shipment4(3,true), Shipment7(2,true)]
WareHouse 3, [38, 14], Docks:1, [Shipment23(1,true), Shipment24(1,true), Shipment10(2,true), Shipment9(1,true), Shipment2(2,true)]
Shipment 1, Source:3, Going:2, Size:3, In Truck: 1
Shipment 2, Source:2, Going:3, Size:2, In Truck: 1
Shipment 3, Source:2, Going:1, Size:1, In Truck: 1
Shipment 4, Source:3, Going:2, Size:3, In Truck: 1
Shipment 5, Source:3, Going:2, Size:2 In Warehouse: 2
Shipment 6, Source:3, Going:2, Size:2, In Truck: 3
Shipment 7, Source:1, Going:2, Size:2, In Truck: 3
Shipment 8, Source:3, Going:1, Size:1, In Truck: 3
Shipment 9, Source:2, Going:3, Size:1, In Truck: 3
Shipment 10, Source:1, Going:3, Size:2 In Warehouse: 3
Shipment 11, Source:2, Going:3, Size:2, In Truck: 5
Shipment 12, Source:1, Going:3, Size:1 In Warehouse: 1
Shipment 13, Source:3, Going:1, Size:2 In Warehouse: 1
Shipment 14, Source:1, Going:2, Size:3 In Warehouse: 1
Shipment 15, Source:2, Going:1, Size:3 In Warehouse: 2
Shipment 16, Source:1, Going:2, Size:3 In Warehouse: 1
Shipment 17, Source:3, Going:2, Size:1, In Truck: 7
Shipment 18, Source:1, Going:2, Size:1, In Truck: 7
Shipment 19, Source:1, Going:2, Size:3 In Warehouse: 2
Shipment 20, Source:1, Going:2, Size:2 In Warehouse: 2
Shipment 21, Source:2, Going:1, Size:1 In Warehouse: 1
Shipment 22, Source:3, Going:1, Size:3 In Warehouse: 1
Shipment 23, Source:2, Going:3, Size:1 In Warehouse: 3
Shipment 24, Source:2, Going:3, Size:1 In Warehouse: 3
Shipment 25, Source:1, Going:2, Size:3 In Warehouse: 1
Shipment 26, Source:2, Going:1, Size:2 In Warehouse: 1
Shipment 27, Source:3, Going:2, Size:2 In Warehouse: 2
Cycle: 175
Truck 1, [48,14] , Cargo:3/4, Speed:2
 (Id 1 Source: 3, Going: 2, Size:3)
Truck 3, [50,14] , Cargo:2/4, Speed:2
 (Id 6 Source: 3, Going: 2, Size:2)
Truck 5, [38,14] , Cargo:2/5, Speed:1
 (Id 11 Source: 2, Going: 3, Size:2)
Truck 7, [74,14] , Cargo:1/5, Speed:1
 (Id 17 Source: 3, Going: 2, Size:1)
WareHouse 1, [82, 34], Docks:1, [Shipment18(1,true), Shipment19(3,true), Shipment20(2,true), Shipment25(3,false), Shipment3(1,true), Shipment21(1,true), Shipment13(2,true), Shipment26(2,true), Shipment22(3,true), Shipment8(1,true)]
WareHouse 2, [74, 52], Docks:1, [Shipment26(2,true), Shipment19(3,true), Shipment27(2,true), Shipment5(2,true), Shipment20(2,true), Shipment18(1,true), Shipment4(3,true), Shipment7(2,true)]
WareHouse 3, [38, 14], Docks:1, [Shipment23(1,true), Shipment24(1,true), Shipment10(2,true), Shipment9(1,true), Shipment2(2,true)]
Shipment 1, Source:3, Going:2, Size:3, In Truck: 1
Shipment 2, Source:2, Going:3, Size:2, In Truck: 1
Shipment 3, Source:2, Going:1, Size:1, In Truck: 1
Shipment 4, Source:3, Going:2, Size:3, In Truck: 1
Shipment 5, Source:3, Going:2, Size:2 In Warehouse: 2
Shipment 6, Source:3, Going:2, Size:2, In Truck: 3
Shipment 7, Source:1, Going:2, Size:2, In Truck: 3
Shipment 8, Source:3, Going:1, Size:1, In Truck: 3
Shipment 9, Source:2, Going:3, Size:1, In Truck: 3
Shipment 10, Source:1, Going:3, Size:2 In Warehouse: 3
Shipment 11, Source:2, Going:3, Size:2, In Truck: 5
Shipment 12, Source:1, Going:3, Size:1 In Warehouse: 1
Shipment 13, Source:3, Going:1, Size:2 In Warehouse: 1
Shipment 14, Source:1, Going:2, Size:3 In Warehouse: 1
Shipment 15, Source:2, Going:1, Size:3 In Warehouse: 2
Shipment 16, Source:1, Going:2, Size:3 In Warehouse: 1
Shipment 17, Source:3, Going:2, Size:1, In Truck: 7
Shipment 18, Source:1, Going:2, Size:1, In Truck: 7
Shipment 19, Source:1, Going:2, Size:3 In Warehouse: 2
Shipment 20, Source:1, Going:2, Size:2 In Warehouse: 2
Shipment 21, Source:2, Going:1, Size:1 In Warehouse: 1
Shipment 22, Source:3, Going:1, Size:3 In Warehouse: 1
Shipment 23, Source:2, Going:3, Size:1 In Warehouse: 3
Shipment 24, Source:2, Going:3, Size:1 In Warehouse: 3
Shipment 25, Source:1, Going:2, Size:3 In Warehouse: 1
Shipment 26, Source:2, Going:1, Size:2 In Warehouse: 1
Shipment 27, Source:3, Going:2, Size:2 In Warehouse: 2
Cycle: 176
Truck 1, [50,14] , Cargo:3/4, Speed:2
 (Id 1 Source: 3, Going: 2, Size:3)
Truck 3, [52,14] , Cargo:2/4, Speed:2
 (Id 6 Source: 3, Going: 2, Size:2)
Truck 5, [38,14] , Cargo:2/5, Speed:1
 (Id 11 Source: 2, Going: 3, Size:2)
Truck 7, [74,15] , Cargo:1/5, Speed:1
 (Id 17 Source: 3, Going: 2, Size:1)
WareHouse 1, [82, 34], Docks:1, [Shipment18(1,true), Shipment19(3,true), Shipment20(2,true), Shipment25(3,false), Shipment3(1,true), Shipment21(1,true), Shipment13(2,true), Shipment26(2,true), Shipment22(3,true), Shipment8(1,true)]
WareHouse 2, [74, 52], Docks:1, [Shipment26(2,true), Shipment19(3,true), Shipment27(2,true), Shipment5(2,true), Shipment20(2,true), Shipment18(1,true), Shipment4(3,true), Shipment7(2,true)]
WareHouse 3, [38, 14], Docks:1, [Shipment23(1,true), Shipment24(1,true), Shipment10(2,true), Shipment9(1,true), Shipment2(2,true)]
Shipment 1, Source:3, Going:2, Size:3, In Truck: 1
Shipment 2, Source:2, Going:3, Size:2, In Truck: 1
Shipment 3, Source:2, Going:1, Size:1, In Truck: 1
Shipment 4, Source:3, Going:2, Size:3, In Truck: 1
Shipment 5, Source:3, Going:2, Size:2 In Warehouse: 2
Shipment 6, Source:3, Going:2, Size:2, In Truck: 3
Shipment 7, Source:1, Going:2, Size:2, In Truck: 3
Shipment 8, Source:3, Going:1, Size:1, In Truck: 3
Shipment 9, Source:2, Going:3, Size:1, In Truck: 3
Shipment 10, Source:1, Going:3, Size:2 In Warehouse: 3
Shipment 11, Source:2, Going:3, Size:2, In Truck: 5
Shipment 12, Source:1, Going:3, Size:1 In Warehouse: 1
Shipment 13, Source:3, Going:1, Size:2 In Warehouse: 1
Shipment 14, Source:1, Going:2, Size:3 In Warehouse: 1
Shipment 15, Source:2, Going:1, Size:3 In Warehouse: 2
Shipment 16, Source:1, Going:2, Size:3 In Warehouse: 1
Shipment 17, Source:3, Going:2, Size:1, In Truck: 7
Shipment 18, Source:1, Going:2, Size:1, In Truck: 7
Shipment 19, Source:1, Going:2, Size:3 In Warehouse: 2
Shipment 20, Source:1, Going:2, Size:2 In Warehouse: 2
Shipment 21, Source:2, Going:1, Size:1 In Warehouse: 1
Shipment 22, Source:3, Going:1, Size:3 In Warehouse: 1
Shipment 23, Source:2, Going:3, Size:1 In Warehouse: 3
Shipment 24, Source:2, Going:3, Size:1 In Warehouse: 3
Shipment 25, Source:1, Going:2, Size:3 In Warehouse: 1
Shipment 26, Source:2, Going:1, Size:2 In Warehouse: 1
Shipment 27, Source:3, Going:2, Size:2 In Warehouse: 2
Cycle: 177
Truck 1, [52,14] , Cargo:3/4, Speed:2
 (Id 1 Source: 3, Going: 2, Size:3)
Truck 3, [54,14] , Cargo:2/4, Speed:2
 (Id 6 Source: 3, Going: 2, Size:2)
Truck 5, [38,14] , Cargo:0/5, Speed:1
Truck 7, [74,16] , Cargo:1/5, Speed:1
 (Id 17 Source: 3, Going: 2, Size:1)
WareHouse 1, [82, 34], Docks:1, [Shipment18(1,true), Shipment19(3,true), Shipment20(2,true), Shipment25(3,false), Shipment3(1,true), Shipment21(1,true), Shipment13(2,true), Shipment26(2,true), Shipment22(3,true), Shipment8(1,true)]
WareHouse 2, [74, 52], Docks:1, [Shipment26(2,true), Shipment19(3,true), Shipment27(2,true), Shipment5(2,true), Shipment20(2,true), Shipment18(1,true), Shipment4(3,true), Shipment7(2,true)]
WareHouse 3, [38, 14], Docks:1, [Shipment23(1,true), Shipment24(1,true), Shipment10(2,true), Shipment9(1,true), Shipment2(2,true), Shipment11(2,true)]
Shipment 1, Source:3, Going:2, Size:3, In Truck: 1
Shipment 2, Source:2, Going:3, Size:2, In Truck: 1
Shipment 3, Source:2, Going:1, Size:1, In Truck: 1
Shipment 4, Source:3, Going:2, Size:3, In Truck: 1
Shipment 5, Source:3, Going:2, Size:2 In Warehouse: 2
Shipment 6, Source:3, Going:2, Size:2, In Truck: 3
Shipment 7, Source:1, Going:2, Size:2, In Truck: 3
Shipment 8, Source:3, Going:1, Size:1, In Truck: 3
Shipment 9, Source:2, Going:3, Size:1, In Truck: 3
Shipment 10, Source:1, Going:3, Size:2 In Warehouse: 3
Shipment 11, Source:2, Going:3, Size:2, In Truck: 5
Shipment 12, Source:1, Going:3, Size:1 In Warehouse: 1
Shipment 13, Source:3, Going:1, Size:2 In Warehouse: 1
Shipment 14, Source:1, Going:2, Size:3 In Warehouse: 1
Shipment 15, Source:2, Going:1, Size:3 In Warehouse: 2
Shipment 16, Source:1, Going:2, Size:3 In Warehouse: 1
Shipment 17, Source:3, Going:2, Size:1, In Truck: 7
Shipment 18, Source:1, Going:2, Size:1, In Truck: 7
Shipment 19, Source:1, Going:2, Size:3 In Warehouse: 2
Shipment 20, Source:1, Going:2, Size:2 In Warehouse: 2
Shipment 21, Source:2, Going:1, Size:1 In Warehouse: 1
Shipment 22, Source:3, Going:1, Size:3 In Warehouse: 1
Shipment 23, Source:2, Going:3, Size:1 In Warehouse: 3
Shipment 24, Source:2, Going:3, Size:1 In Warehouse: 3
Shipment 25, Source:1, Going:2, Size:3 In Warehouse: 1
Shipment 26, Source:2, Going:1, Size:2 In Warehouse: 1
Shipment 27, Source:3, Going:2, Size:2 In Warehouse: 2
Cycle: 178
Truck 1, [54,14] , Cargo:3/4, Speed:2
 (Id 1 Source: 3, Going: 2, Size:3)
Truck 3, [56,14] , Cargo:2/4, Speed:2
 (Id 6 Source: 3, Going: 2, Size:2)
Truck 5, [39,14] , Cargo:0/5, Speed:1
Truck 7, [74,17] , Cargo:1/5, Speed:1
 (Id 17 Source: 3, Going: 2, Size:1)
WareHouse 1, [82, 34], Docks:1, [Shipment18(1,true), Shipment19(3,true), Shipment20(2,true), Shipment25(3,false), Shipment3(1,true), Shipment21(1,true), Shipment13(2,true), Shipment26(2,true), Shipment22(3,true), Shipment8(1,true)]
WareHouse 2, [74, 52], Docks:1, [Shipment26(2,true), Shipment19(3,true), Shipment27(2,true), Shipment5(2,true), Shipment20(2,true), Shipment18(1,true), Shipment4(3,true), Shipment7(2,true)]
WareHouse 3, [38, 14], Docks:1, [Shipment23(1,true), Shipment24(1,true), Shipment10(2,true), Shipment9(1,true), Shipment2(2,true), Shipment11(2,true)]
Shipment 1, Source:3, Going:2, Size:3, In Truck: 1
Shipment 2, Source:2, Going:3, Size:2, In Truck: 1
Shipment 3, Source:2, Going:1, Size:1, In Truck: 1
Shipment 4, Source:3, Going:2, Size:3, In Truck: 1
Shipment 5, Source:3, Going:2, Size:2 In Warehouse: 2
Shipment 6, Source:3, Going:2, Size:2, In Truck: 3
Shipment 7, Source:1, Going:2, Size:2, In Truck: 3
Shipment 8, Source:3, Going:1, Size:1, In Truck: 3
Shipment 9, Source:2, Going:3, Size:1, In Truck: 3
Shipment 10, Source:1, Going:3, Size:2 In Warehouse: 3
Shipment 11, Source:2, Going:3, Size:2, In Truck: 5
Shipment 12, Source:1, Going:3, Size:1 In Warehouse: 1
Shipment 13, Source:3, Going:1, Size:2 In Warehouse: 1
Shipment 14, Source:1, Going:2, Size:3 In Warehouse: 1
Shipment 15, Source:2, Going:1, Size:3 In Warehouse: 2
Shipment 16, Source:1, Going:2, Size:3 In Warehouse: 1
Shipment 17, Source:3, Going:2, Size:1, In Truck: 7
Shipment 18, Source:1, Going:2, Size:1, In Truck: 7
Shipment 19, Source:1, Going:2, Size:3 In Warehouse: 2
Shipment 20, Source:1, Going:2, Size:2 In Warehouse: 2
Shipment 21, Source:2, Going:1, Size:1 In Warehouse: 1
Shipment 22, Source:3, Going:1, Size:3 In Warehouse: 1
Shipment 23, Source:2, Going:3, Size:1 In Warehouse: 3
Shipment 24, Source:2, Going:3, Size:1 In Warehouse: 3
Shipment 25, Source:1, Going:2, Size:3 In Warehouse: 1
Shipment 26, Source:2, Going:1, Size:2 In Warehouse: 1
Shipment 27, Source:3, Going:2, Size:2 In Warehouse: 2
Cycle: 179
Truck 1, [56,14] , Cargo:3/4, Speed:2
 (Id 1 Source: 3, Going: 2, Size:3)
Truck 3, [58,14] , Cargo:2/4, Speed:2
 (Id 6 Source: 3, Going: 2, Size:2)
Truck 5, [40,14] , Cargo:0/5, Speed:1
Truck 7, [74,18] , Cargo:1/5, Speed:1
 (Id 17 Source: 3, Going: 2, Size:1)
WareHouse 1, [82, 34], Docks:1, [Shipment18(1,true), Shipment19(3,true), Shipment20(2,true), Shipment25(3,false), Shipment3(1,true), Shipment21(1,true), Shipment13(2,true), Shipment26(2,true), Shipment22(3,true), Shipment8(1,true)]
WareHouse 2, [74, 52], Docks:1, [Shipment26(2,true), Shipment19(3,true), Shipment27(2,true), Shipment5(2,true), Shipment20(2,true), Shipment18(1,true), Shipment4(3,true), Shipment7(2,true)]
WareHouse 3, [38, 14], Docks:1, [Shipment23(1,true), Shipment24(1,true), Shipment10(2,true), Shipment9(1,true), Shipment2(2,true), Shipment11(2,true)]
Shipment 1, Source:3, Going:2, Size:3, In Truck: 1
Shipment 2, Source:2, Going:3, Size:2, In Truck: 1
Shipment 3, Source:2, Going:1, Size:1, In Truck: 1
Shipment 4, Source:3, Going:2, Size:3, In Truck: 1
Shipment 5, Source:3, Going:2, Size:2 In Warehouse: 2
Shipment 6, Source:3, Going:2, Size:2, In Truck: 3
Shipment 7, Source:1, Going:2, Size:2, In Truck: 3
Shipment 8, Source:3, Going:1, Size:1, In Truck: 3
Shipment 9, Source:2, Going:3, Size:1, In Truck: 3
Shipment 10, Source:1, Going:3, Size:2 In Warehouse: 3
Shipment 11, Source:2, Going:3, Size:2, In Truck: 5
Shipment 12, Source:1, Going:3, Size:1 In Warehouse: 1
Shipment 13, Source:3, Going:1, Size:2 In Warehouse: 1
Shipment 14, Source:1, Going:2, Size:3 In Warehouse: 1
Shipment 15, Source:2, Going:1, Size:3 In Warehouse: 2
Shipment 16, Source:1, Going:2, Size:3 In Warehouse: 1
Shipment 17, Source:3, Going:2, Size:1, In Truck: 7
Shipment 18, Source:1, Going:2, Size:1, In Truck: 7
Shipment 19, Source:1, Going:2, Size:3 In Warehouse: 2
Shipment 20, Source:1, Going:2, Size:2 In Warehouse: 2
Shipment 21, Source:2, Going:1, Size:1 In Warehouse: 1
Shipment 22, Source:3, Going:1, Size:3 In Warehouse: 1
Shipment 23, Source:2, Going:3, Size:1 In Warehouse: 3
Shipment 24, Source:2, Going:3, Size:1 In Warehouse: 3
Shipment 25, Source:1, Going:2, Size:3 In Warehouse: 1
Shipment 26, Source:2, Going:1, Size:2 In Warehouse: 1
Shipment 27, Source:3, Going:2, Size:2 In Warehouse: 2
Cycle: 180
Truck 1, [58,14] , Cargo:3/4, Speed:2
 (Id 1 Source: 3, Going: 2, Size:3)
Truck 3, [60,14] , Cargo:2/4, Speed:2
 (Id 6 Source: 3, Going: 2, Size:2)
Truck 5, [41,14] , Cargo:0/5, Speed:1
Truck 7, [74,19] , Cargo:1/5, Speed:1
 (Id 17 Source: 3, Going: 2, Size:1)
WareHouse 1, [82, 34], Docks:1, [Shipment18(1,true), Shipment19(3,true), Shipment20(2,true), Shipment25(3,false), Shipment3(1,true), Shipment21(1,true), Shipment13(2,true), Shipment26(2,true), Shipment22(3,true), Shipment8(1,true)]
WareHouse 2, [74, 52], Docks:1, [Shipment26(2,true), Shipment19(3,true), Shipment27(2,true), Shipment5(2,true), Shipment20(2,true), Shipment18(1,true), Shipment4(3,true), Shipment7(2,true)]
WareHouse 3, [38, 14], Docks:1, [Shipment23(1,true), Shipment24(1,true), Shipment10(2,true), Shipment9(1,true), Shipment2(2,true), Shipment11(2,true)]
Shipment 1, Source:3, Going:2, Size:3, In Truck: 1
Shipment 2, Source:2, Going:3, Size:2, In Truck: 1
Shipment 3, Source:2, Going:1, Size:1, In Truck: 1
Shipment 4, Source:3, Going:2, Size:3, In Truck: 1
Shipment 5, Source:3, Going:2, Size:2 In Warehouse: 2
Shipment 6, Source:3, Going:2, Size:2, In Truck: 3
Shipment 7, Source:1, Going:2, Size:2, In Truck: 3
Shipment 8, Source:3, Going:1, Size:1, In Truck: 3
Shipment 9, Source:2, Going:3, Size:1, In Truck: 3
Shipment 10, Source:1, Going:3, Size:2 In Warehouse: 3
Shipment 11, Source:2, Going:3, Size:2, In Truck: 5
Shipment 12, Source:1, Going:3, Size:1 In Warehouse: 1
Shipment 13, Source:3, Going:1, Size:2 In Warehouse: 1
Shipment 14, Source:1, Going:2, Size:3 In Warehouse: 1
Shipment 15, Source:2, Going:1, Size:3 In Warehouse: 2
Shipment 16, Source:1, Going:2, Size:3 In Warehouse: 1
Shipment 17, Source:3, Going:2, Size:1, In Truck: 7
Shipment 18, Source:1, Going:2, Size:1, In Truck: 7
Shipment 19, Source:1, Going:2, Size:3 In Warehouse: 2
Shipment 20, Source:1, Going:2, Size:2 In Warehouse: 2
Shipment 21, Source:2, Going:1, Size:1 In Warehouse: 1
Shipment 22, Source:3, Going:1, Size:3 In Warehouse: 1
Shipment 23, Source:2, Going:3, Size:1 In Warehouse: 3
Shipment 24, Source:2, Going:3, Size:1 In Warehouse: 3
Shipment 25, Source:1, Going:2, Size:3 In Warehouse: 1
Shipment 26, Source:2, Going:1, Size:2 In Warehouse: 1
Shipment 27, Source:3, Going:2, Size:2 In Warehouse: 2
Cycle: 181
Truck 1, [60,14] , Cargo:3/4, Speed:2
 (Id 1 Source: 3, Going: 2, Size:3)
Truck 3, [62,14] , Cargo:2/4, Speed:2
 (Id 6 Source: 3, Going: 2, Size:2)
Truck 5, [42,14] , Cargo:0/5, Speed:1
Truck 7, [74,20] , Cargo:1/5, Speed:1
 (Id 17 Source: 3, Going: 2, Size:1)
WareHouse 1, [82, 34], Docks:1, [Shipment18(1,true), Shipment19(3,true), Shipment20(2,true), Shipment25(3,false), Shipment3(1,true), Shipment21(1,true), Shipment13(2,true), Shipment26(2,true), Shipment22(3,true), Shipment8(1,true)]
WareHouse 2, [74, 52], Docks:1, [Shipment26(2,true), Shipment19(3,true), Shipment27(2,true), Shipment5(2,true), Shipment20(2,true), Shipment18(1,true), Shipment4(3,true), Shipment7(2,true)]
WareHouse 3, [38, 14], Docks:1, [Shipment23(1,true), Shipment24(1,true), Shipment10(2,true), Shipment9(1,true), Shipment2(2,true), Shipment11(2,true)]
Shipment 1, Source:3, Going:2, Size:3, In Truck: 1
Shipment 2, Source:2, Going:3, Size:2, In Truck: 1
Shipment 3, Source:2, Going:1, Size:1, In Truck: 1
Shipment 4, Source:3, Going:2, Size:3, In Truck: 1
Shipment 5, Source:3, Going:2, Size:2 In Warehouse: 2
Shipment 6, Source:3, Going:2, Size:2, In Truck: 3
Shipment 7, Source:1, Going:2, Size:2, In Truck: 3
Shipment 8, Source:3, Going:1, Size:1, In Truck: 3
Shipment 9, Source:2, Going:3, Size:1, In Truck: 3
Shipment 10, Source:1, Going:3, Size:2 In Warehouse: 3
Shipment 11, Source:2, Going:3, Size:2, In Truck: 5
Shipment 12, Source:1, Going:3, Size:1 In Warehouse: 1
Shipment 13, Source:3, Going:1, Size:2 In Warehouse: 1
Shipment 14, Source:1, Going:2, Size:3 In Warehouse: 1
Shipment 15, Source:2, Going:1, Size:3 In Warehouse: 2
Shipment 16, Source:1, Going:2, Size:3 In Warehouse: 1
Shipment 17, Source:3, Going:2, Size:1, In Truck: 7
Shipment 18, Source:1, Going:2, Size:1, In Truck: 7
Shipment 19, Source:1, Going:2, Size:3 In Warehouse: 2
Shipment 20, Source:1, Going:2, Size:2 In Warehouse: 2
Shipment 21, Source:2, Going:1, Size:1 In Warehouse: 1
Shipment 22, Source:3, Going:1, Size:3 In Warehouse: 1
Shipment 23, Source:2, Going:3, Size:1 In Warehouse: 3
Shipment 24, Source:2, Going:3, Size:1 In Warehouse: 3
Shipment 25, Source:1, Going:2, Size:3 In Warehouse: 1
Shipment 26, Source:2, Going:1, Size:2 In Warehouse: 1
Shipment 27, Source:3, Going:2, Size:2 In Warehouse: 2
Cycle: 182
Truck 1, [62,14] , Cargo:3/4, Speed:2
 (Id 1 Source: 3, Going: 2, Size:3)
Truck 3, [64,14] , Cargo:2/4, Speed:2
 (Id 6 Source: 3, Going: 2, Size:2)
Truck 5, [43,14] , Cargo:0/5, Speed:1
Truck 7, [74,21] , Cargo:1/5, Speed:1
 (Id 17 Source: 3, Going: 2, Size:1)
WareHouse 1, [82, 34], Docks:1, [Shipment18(1,true), Shipment19(3,true), Shipment20(2,true), Shipment25(3,false), Shipment3(1,true), Shipment21(1,true), Shipment13(2,true), Shipment26(2,true), Shipment22(3,true), Shipment8(1,true)]
WareHouse 2, [74, 52], Docks:1, [Shipment26(2,true), Shipment19(3,true), Shipment27(2,true), Shipment5(2,true), Shipment20(2,true), Shipment18(1,true), Shipment4(3,true), Shipment7(2,true)]
WareHouse 3, [38, 14], Docks:1, [Shipment23(1,true), Shipment24(1,true), Shipment10(2,true), Shipment9(1,true), Shipment2(2,true), Shipment11(2,true)]
Shipment 1, Source:3, Going:2, Size:3, In Truck: 1
Shipment 2, Source:2, Going:3, Size:2, In Truck: 1
Shipment 3, Source:2, Going:1, Size:1, In Truck: 1
Shipment 4, Source:3, Going:2, Size:3, In Truck: 1
Shipment 5, Source:3, Going:2, Size:2 In Warehouse: 2
Shipment 6, Source:3, Going:2, Size:2, In Truck: 3
Shipment 7, Source:1, Going:2, Size:2, In Truck: 3
Shipment 8, Source:3, Going:1, Size:1, In Truck: 3
Shipment 9, Source:2, Going:3, Size:1, In Truck: 3
Shipment 10, Source:1, Going:3, Size:2 In Warehouse: 3
Shipment 11, Source:2, Going:3, Size:2, In Truck: 5
Shipment 12, Source:1, Going:3, Size:1 In Warehouse: 1
Shipment 13, Source:3, Going:1, Size:2 In Warehouse: 1
Shipment 14, Source:1, Going:2, Size:3 In Warehouse: 1
Shipment 15, Source:2, Going:1, Size:3 In Warehouse: 2
Shipment 16, Source:1, Going:2, Size:3 In Warehouse: 1
Shipment 17, Source:3, Going:2, Size:1, In Truck: 7
Shipment 18, Source:1, Going:2, Size:1, In Truck: 7
Shipment 19, Source:1, Going:2, Size:3 In Warehouse: 2
Shipment 20, Source:1, Going:2, Size:2 In Warehouse: 2
Shipment 21, Source:2, Going:1, Size:1 In Warehouse: 1
Shipment 22, Source:3, Going:1, Size:3 In Warehouse: 1
Shipment 23, Source:2, Going:3, Size:1 In Warehouse: 3
Shipment 24, Source:2, Going:3, Size:1 In Warehouse: 3
Shipment 25, Source:1, Going:2, Size:3 In Warehouse: 1
Shipment 26, Source:2, Going:1, Size:2 In Warehouse: 1
Shipment 27, Source:3, Going:2, Size:2 In Warehouse: 2
Cycle: 183
Truck 1, [64,14] , Cargo:3/4, Speed:2
 (Id 1 Source: 3, Going: 2, Size:3)
Truck 3, [66,14] , Cargo:2/4, Speed:2
 (Id 6 Source: 3, Going: 2, Size:2)
Truck 5, [44,14] , Cargo:0/5, Speed:1
Truck 7, [74,22] , Cargo:1/5, Speed:1
 (Id 17 Source: 3, Going: 2, Size:1)
WareHouse 1, [82, 34], Docks:1, [Shipment18(1,true), Shipment19(3,true), Shipment20(2,true), Shipment25(3,false), Shipment3(1,true), Shipment21(1,true), Shipment13(2,true), Shipment26(2,true), Shipment22(3,true), Shipment8(1,true)]
WareHouse 2, [74, 52], Docks:1, [Shipment26(2,true), Shipment19(3,true), Shipment27(2,true), Shipment5(2,true), Shipment20(2,true), Shipment18(1,true), Shipment4(3,true), Shipment7(2,true)]
WareHouse 3, [38, 14], Docks:1, [Shipment23(1,true), Shipment24(1,true), Shipment10(2,true), Shipment9(1,true), Shipment2(2,true), Shipment11(2,true)]
Shipment 1, Source:3, Going:2, Size:3, In Truck: 1
Shipment 2, Source:2, Going:3, Size:2, In Truck: 1
Shipment 3, Source:2, Going:1, Size:1, In Truck: 1
Shipment 4, Source:3, Going:2, Size:3, In Truck: 1
Shipment 5, Source:3, Going:2, Size:2 In Warehouse: 2
Shipment 6, Source:3, Going:2, Size:2, In Truck: 3
Shipment 7, Source:1, Going:2, Size:2, In Truck: 3
Shipment 8, Source:3, Going:1, Size:1, In Truck: 3
Shipment 9, Source:2, Going:3, Size:1, In Truck: 3
Shipment 10, Source:1, Going:3, Size:2 In Warehouse: 3
Shipment 11, Source:2, Going:3, Size:2, In Truck: 5
Shipment 12, Source:1, Going:3, Size:1 In Warehouse: 1
Shipment 13, Source:3, Going:1, Size:2 In Warehouse: 1
Shipment 14, Source:1, Going:2, Size:3 In Warehouse: 1
Shipment 15, Source:2, Going:1, Size:3 In Warehouse: 2
Shipment 16, Source:1, Going:2, Size:3 In Warehouse: 1
Shipment 17, Source:3, Going:2, Size:1, In Truck: 7
Shipment 18, Source:1, Going:2, Size:1, In Truck: 7
Shipment 19, Source:1, Going:2, Size:3 In Warehouse: 2
Shipment 20, Source:1, Going:2, Size:2 In Warehouse: 2
Shipment 21, Source:2, Going:1, Size:1 In Warehouse: 1
Shipment 22, Source:3, Going:1, Size:3 In Warehouse: 1
Shipment 23, Source:2, Going:3, Size:1 In Warehouse: 3
Shipment 24, Source:2, Going:3, Size:1 In Warehouse: 3
Shipment 25, Source:1, Going:2, Size:3 In Warehouse: 1
Shipment 26, Source:2, Going:1, Size:2 In Warehouse: 1
Shipment 27, Source:3, Going:2, Size:2 In Warehouse: 2
Cycle: 184
Truck 1, [66,14] , Cargo:3/4, Speed:2
 (Id 1 Source: 3, Going: 2, Size:3)
Truck 3, [68,14] , Cargo:2/4, Speed:2
 (Id 6 Source: 3, Going: 2, Size:2)
Truck 5, [45,14] , Cargo:0/5, Speed:1
Truck 7, [74,23] , Cargo:1/5, Speed:1
 (Id 17 Source: 3, Going: 2, Size:1)
WareHouse 1, [82, 34], Docks:1, [Shipment18(1,true), Shipment19(3,true), Shipment20(2,true), Shipment25(3,false), Shipment3(1,true), Shipment21(1,true), Shipment13(2,true), Shipment26(2,true), Shipment22(3,true), Shipment8(1,true)]
WareHouse 2, [74, 52], Docks:1, [Shipment26(2,true), Shipment19(3,true), Shipment27(2,true), Shipment5(2,true), Shipment20(2,true), Shipment18(1,true), Shipment4(3,true), Shipment7(2,true)]
WareHouse 3, [38, 14], Docks:1, [Shipment23(1,true), Shipment24(1,true), Shipment10(2,true), Shipment9(1,true), Shipment2(2,true), Shipment11(2,true)]
Shipment 1, Source:3, Going:2, Size:3, In Truck: 1
Shipment 2, Source:2, Going:3, Size:2, In Truck: 1
Shipment 3, Source:2, Going:1, Size:1, In Truck: 1
Shipment 4, Source:3, Going:2, Size:3, In Truck: 1
Shipment 5, Source:3, Going:2, Size:2 In Warehouse: 2
Shipment 6, Source:3, Going:2, Size:2, In Truck: 3
Shipment 7, Source:1, Going:2, Size:2, In Truck: 3
Shipment 8, Source:3, Going:1, Size:1, In Truck: 3
Shipment 9, Source:2, Going:3, Size:1, In Truck: 3
Shipment 10, Source:1, Going:3, Size:2 In Warehouse: 3
Shipment 11, Source:2, Going:3, Size:2, In Truck: 5
Shipment 12, Source:1, Going:3, Size:1 In Warehouse: 1
Shipment 13, Source:3, Going:1, Size:2 In Warehouse: 1
Shipment 14, Source:1, Going:2, Size:3 In Warehouse: 1
Shipment 15, Source:2, Going:1, Size:3 In Warehouse: 2
Shipment 16, Source:1, Going:2, Size:3 In Warehouse: 1
Shipment 17, Source:3, Going:2, Size:1, In Truck: 7
Shipment 18, Source:1, Going:2, Size:1, In Truck: 7
Shipment 19, Source:1, Going:2, Size:3 In Warehouse: 2
Shipment 20, Source:1, Going:2, Size:2 In Warehouse: 2
Shipment 21, Source:2, Going:1, Size:1 In Warehouse: 1
Shipment 22, Source:3, Going:1, Size:3 In Warehouse: 1
Shipment 23, Source:2, Going:3, Size:1 In Warehouse: 3
Shipment 24, Source:2, Going:3, Size:1 In Warehouse: 3
Shipment 25, Source:1, Going:2, Size:3 In Warehouse: 1
Shipment 26, Source:2, Going:1, Size:2 In Warehouse: 1
Shipment 27, Source:3, Going:2, Size:2 In Warehouse: 2
Cycle: 185
Truck 1, [68,14] , Cargo:3/4, Speed:2
 (Id 1 Source: 3, Going: 2, Size:3)
Truck 3, [70,14] , Cargo:2/4, Speed:2
 (Id 6 Source: 3, Going: 2, Size:2)
Truck 5, [46,14] , Cargo:0/5, Speed:1
Truck 7, [74,24] , Cargo:1/5, Speed:1
 (Id 17 Source: 3, Going: 2, Size:1)
WareHouse 1, [82, 34], Docks:1, [Shipment18(1,true), Shipment19(3,true), Shipment20(2,true), Shipment25(3,false), Shipment3(1,true), Shipment21(1,true), Shipment13(2,true), Shipment26(2,true), Shipment22(3,true), Shipment8(1,true)]
WareHouse 2, [74, 52], Docks:1, [Shipment26(2,true), Shipment19(3,true), Shipment27(2,true), Shipment5(2,true), Shipment20(2,true), Shipment18(1,true), Shipment4(3,true), Shipment7(2,true)]
WareHouse 3, [38, 14], Docks:1, [Shipment23(1,true), Shipment24(1,true), Shipment10(2,true), Shipment9(1,true), Shipment2(2,true), Shipment11(2,true)]
Shipment 1, Source:3, Going:2, Size:3, In Truck: 1
Shipment 2, Source:2, Going:3, Size:2, In Truck: 1
Shipment 3, Source:2, Going:1, Size:1, In Truck: 1
Shipment 4, Source:3, Going:2, Size:3, In Truck: 1
Shipment 5, Source:3, Going:2, Size:2 In Warehouse: 2
Shipment 6, Source:3, Going:2, Size:2, In Truck: 3
Shipment 7, Source:1, Going:2, Size:2, In Truck: 3
Shipment 8, Source:3, Going:1, Size:1, In Truck: 3
Shipment 9, Source:2, Going:3, Size:1, In Truck: 3
Shipment 10, Source:1, Going:3, Size:2 In Warehouse: 3
Shipment 11, Source:2, Going:3, Size:2, In Truck: 5
Shipment 12, Source:1, Going:3, Size:1 In Warehouse: 1
Shipment 13, Source:3, Going:1, Size:2 In Warehouse: 1
Shipment 14, Source:1, Going:2, Size:3 In Warehouse: 1
Shipment 15, Source:2, Going:1, Size:3 In Warehouse: 2
Shipment 16, Source:1, Going:2, Size:3 In Warehouse: 1
Shipment 17, Source:3, Going:2, Size:1, In Truck: 7
Shipment 18, Source:1, Going:2, Size:1, In Truck: 7
Shipment 19, Source:1, Going:2, Size:3 In Warehouse: 2
Shipment 20, Source:1, Going:2, Size:2 In Warehouse: 2
Shipment 21, Source:2, Going:1, Size:1 In Warehouse: 1
Shipment 22, Source:3, Going:1, Size:3 In Warehouse: 1
Shipment 23, Source:2, Going:3, Size:1 In Warehouse: 3
Shipment 24, Source:2, Going:3, Size:1 In Warehouse: 3
Shipment 25, Source:1, Going:2, Size:3 In Warehouse: 1
Shipment 26, Source:2, Going:1, Size:2 In Warehouse: 1
Shipment 27, Source:3, Going:2, Size:2 In Warehouse: 2
Cycle: 186
Truck 1, [70,14] , Cargo:3/4, Speed:2
 (Id 1 Source: 3, Going: 2, Size:3)
Truck 3, [72,14] , Cargo:2/4, Speed:2
 (Id 6 Source: 3, Going: 2, Size:2)
Truck 5, [47,14] , Cargo:0/5, Speed:1
Truck 7, [74,25] , Cargo:1/5, Speed:1
 (Id 17 Source: 3, Going: 2, Size:1)
WareHouse 1, [82, 34], Docks:1, [Shipment18(1,true), Shipment19(3,true), Shipment20(2,true), Shipment25(3,false), Shipment3(1,true), Shipment21(1,true), Shipment13(2,true), Shipment26(2,true), Shipment22(3,true), Shipment8(1,true)]
WareHouse 2, [74, 52], Docks:1, [Shipment26(2,true), Shipment19(3,true), Shipment27(2,true), Shipment5(2,true), Shipment20(2,true), Shipment18(1,true), Shipment4(3,true), Shipment7(2,true)]
WareHouse 3, [38, 14], Docks:1, [Shipment23(1,true), Shipment24(1,true), Shipment10(2,true), Shipment9(1,true), Shipment2(2,true), Shipment11(2,true)]
Shipment 1, Source:3, Going:2, Size:3, In Truck: 1
Shipment 2, Source:2, Going:3, Size:2, In Truck: 1
Shipment 3, Source:2, Going:1, Size:1, In Truck: 1
Shipment 4, Source:3, Going:2, Size:3, In Truck: 1
Shipment 5, Source:3, Going:2, Size:2 In Warehouse: 2
Shipment 6, Source:3, Going:2, Size:2, In Truck: 3
Shipment 7, Source:1, Going:2, Size:2, In Truck: 3
Shipment 8, Source:3, Going:1, Size:1, In Truck: 3
Shipment 9, Source:2, Going:3, Size:1, In Truck: 3
Shipment 10, Source:1, Going:3, Size:2 In Warehouse: 3
Shipment 11, Source:2, Going:3, Size:2, In Truck: 5
Shipment 12, Source:1, Going:3, Size:1 In Warehouse: 1
Shipment 13, Source:3, Going:1, Size:2 In Warehouse: 1
Shipment 14, Source:1, Going:2, Size:3 In Warehouse: 1
Shipment 15, Source:2, Going:1, Size:3 In Warehouse: 2
Shipment 16, Source:1, Going:2, Size:3 In Warehouse: 1
Shipment 17, Source:3, Going:2, Size:1, In Truck: 7
Shipment 18, Source:1, Going:2, Size:1, In Truck: 7
Shipment 19, Source:1, Going:2, Size:3 In Warehouse: 2
Shipment 20, Source:1, Going:2, Size:2 In Warehouse: 2
Shipment 21, Source:2, Going:1, Size:1 In Warehouse: 1
Shipment 22, Source:3, Going:1, Size:3 In Warehouse: 1
Shipment 23, Source:2, Going:3, Size:1 In Warehouse: 3
Shipment 24, Source:2, Going:3, Size:1 In Warehouse: 3
Shipment 25, Source:1, Going:2, Size:3 In Warehouse: 1
Shipment 26, Source:2, Going:1, Size:2 In Warehouse: 1
Shipment 27, Source:3, Going:2, Size:2 In Warehouse: 2
Cycle: 187
Truck 1, [72,14] , Cargo:3/4, Speed:2
 (Id 1 Source: 3, Going: 2, Size:3)
Truck 3, [74,14] , Cargo:2/4, Speed:2
 (Id 6 Source: 3, Going: 2, Size:2)
Truck 5, [48,14] , Cargo:0/5, Speed:1
Truck 7, [74,26] , Cargo:1/5, Speed:1
 (Id 17 Source: 3, Going: 2, Size:1)
WareHouse 1, [82, 34], Docks:1, [Shipment18(1,true), Shipment19(3,true), Shipment20(2,true), Shipment25(3,false), Shipment3(1,true), Shipment21(1,true), Shipment13(2,true), Shipment26(2,true), Shipment22(3,true), Shipment8(1,true)]
WareHouse 2, [74, 52], Docks:1, [Shipment26(2,true), Shipment19(3,true), Shipment27(2,true), Shipment5(2,true), Shipment20(2,true), Shipment18(1,true), Shipment4(3,true), Shipment7(2,true)]
WareHouse 3, [38, 14], Docks:1, [Shipment23(1,true), Shipment24(1,true), Shipment10(2,true), Shipment9(1,true), Shipment2(2,true), Shipment11(2,true)]
Shipment 1, Source:3, Going:2, Size:3, In Truck: 1
Shipment 2, Source:2, Going:3, Size:2, In Truck: 1
Shipment 3, Source:2, Going:1, Size:1, In Truck: 1
Shipment 4, Source:3, Going:2, Size:3, In Truck: 1
Shipment 5, Source:3, Going:2, Size:2 In Warehouse: 2
Shipment 6, Source:3, Going:2, Size:2, In Truck: 3
Shipment 7, Source:1, Going:2, Size:2, In Truck: 3
Shipment 8, Source:3, Going:1, Size:1, In Truck: 3
Shipment 9, Source:2, Going:3, Size:1, In Truck: 3
Shipment 10, Source:1, Going:3, Size:2 In Warehouse: 3
Shipment 11, Source:2, Going:3, Size:2, In Truck: 5
Shipment 12, Source:1, Going:3, Size:1 In Warehouse: 1
Shipment 13, Source:3, Going:1, Size:2 In Warehouse: 1
Shipment 14, Source:1, Going:2, Size:3 In Warehouse: 1
Shipment 15, Source:2, Going:1, Size:3 In Warehouse: 2
Shipment 16, Source:1, Going:2, Size:3 In Warehouse: 1
Shipment 17, Source:3, Going:2, Size:1, In Truck: 7
Shipment 18, Source:1, Going:2, Size:1, In Truck: 7
Shipment 19, Source:1, Going:2, Size:3 In Warehouse: 2
Shipment 20, Source:1, Going:2, Size:2 In Warehouse: 2
Shipment 21, Source:2, Going:1, Size:1 In Warehouse: 1
Shipment 22, Source:3, Going:1, Size:3 In Warehouse: 1
Shipment 23, Source:2, Going:3, Size:1 In Warehouse: 3
Shipment 24, Source:2, Going:3, Size:1 In Warehouse: 3
Shipment 25, Source:1, Going:2, Size:3 In Warehouse: 1
Shipment 26, Source:2, Going:1, Size:2 In Warehouse: 1
Shipment 27, Source:3, Going:2, Size:2 In Warehouse: 2
Cycle: 188
Truck 1, [74,14] , Cargo:3/4, Speed:2
 (Id 1 Source: 3, Going: 2, Size:3)
Truck 3, [74,16] , Cargo:2/4, Speed:2
 (Id 6 Source: 3, Going: 2, Size:2)
Truck 5, [49,14] , Cargo:0/5, Speed:1
Truck 7, [74,27] , Cargo:1/5, Speed:1
 (Id 17 Source: 3, Going: 2, Size:1)
WareHouse 1, [82, 34], Docks:1, [Shipment18(1,true), Shipment19(3,true), Shipment20(2,true), Shipment25(3,false), Shipment3(1,true), Shipment21(1,true), Shipment13(2,true), Shipment26(2,true), Shipment22(3,true), Shipment8(1,true)]
WareHouse 2, [74, 52], Docks:1, [Shipment26(2,true), Shipment19(3,true), Shipment27(2,true), Shipment5(2,true), Shipment20(2,true), Shipment18(1,true), Shipment4(3,true), Shipment7(2,true)]
WareHouse 3, [38, 14], Docks:1, [Shipment23(1,true), Shipment24(1,true), Shipment10(2,true), Shipment9(1,true), Shipment2(2,true), Shipment11(2,true)]
Shipment 1, Source:3, Going:2, Size:3, In Truck: 1
Shipment 2, Source:2, Going:3, Size:2, In Truck: 1
Shipment 3, Source:2, Going:1, Size:1, In Truck: 1
Shipment 4, Source:3, Going:2, Size:3, In Truck: 1
Shipment 5, Source:3, Going:2, Size:2 In Warehouse: 2
Shipment 6, Source:3, Going:2, Size:2, In Truck: 3
Shipment 7, Source:1, Going:2, Size:2, In Truck: 3
Shipment 8, Source:3, Going:1, Size:1, In Truck: 3
Shipment 9, Source:2, Going:3, Size:1, In Truck: 3
Shipment 10, Source:1, Going:3, Size:2 In Warehouse: 3
Shipment 11, Source:2, Going:3, Size:2, In Truck: 5
Shipment 12, Source:1, Going:3, Size:1 In Warehouse: 1
Shipment 13, Source:3, Going:1, Size:2 In Warehouse: 1
Shipment 14, Source:1, Going:2, Size:3 In Warehouse: 1
Shipment 15, Source:2, Going:1, Size:3 In Warehouse: 2
Shipment 16, Source:1, Going:2, Size:3 In Warehouse: 1
Shipment 17, Source:3, Going:2, Size:1, In Truck: 7
Shipment 18, Source:1, Going:2, Size:1, In Truck: 7
Shipment 19, Source:1, Going:2, Size:3 In Warehouse: 2
Shipment 20, Source:1, Going:2, Size:2 In Warehouse: 2
Shipment 21, Source:2, Going:1, Size:1 In Warehouse: 1
Shipment 22, Source:3, Going:1, Size:3 In Warehouse: 1
Shipment 23, Source:2, Going:3, Size:1 In Warehouse: 3
Shipment 24, Source:2, Going:3, Size:1 In Warehouse: 3
Shipment 25, Source:1, Going:2, Size:3 In Warehouse: 1
Shipment 26, Source:2, Going:1, Size:2 In Warehouse: 1
Shipment 27, Source:3, Going:2, Size:2 In Warehouse: 2
Cycle: 189
Truck 1, [74,16] , Cargo:3/4, Speed:2
 (Id 1 Source: 3, Going: 2, Size:3)
Truck 3, [74,18] , Cargo:2/4, Speed:2
 (Id 6 Source: 3, Going: 2, Size:2)
Truck 5, [50,14] , Cargo:0/5, Speed:1
Truck 7, [74,28] , Cargo:1/5, Speed:1
 (Id 17 Source: 3, Going: 2, Size:1)
WareHouse 1, [82, 34], Docks:1, [Shipment18(1,true), Shipment19(3,true), Shipment20(2,true), Shipment25(3,false), Shipment3(1,true), Shipment21(1,true), Shipment13(2,true), Shipment26(2,true), Shipment22(3,true), Shipment8(1,true)]
WareHouse 2, [74, 52], Docks:1, [Shipment26(2,true), Shipment19(3,true), Shipment27(2,true), Shipment5(2,true), Shipment20(2,true), Shipment18(1,true), Shipment4(3,true), Shipment7(2,true)]
WareHouse 3, [38, 14], Docks:1, [Shipment23(1,true), Shipment24(1,true), Shipment10(2,true), Shipment9(1,true), Shipment2(2,true), Shipment11(2,true)]
Shipment 1, Source:3, Going:2, Size:3, In Truck: 1
Shipment 2, Source:2, Going:3, Size:2, In Truck: 1
Shipment 3, Source:2, Going:1, Size:1, In Truck: 1
Shipment 4, Source:3, Going:2, Size:3, In Truck: 1
Shipment 5, Source:3, Going:2, Size:2 In Warehouse: 2
Shipment 6, Source:3, Going:2, Size:2, In Truck: 3
Shipment 7, Source:1, Going:2, Size:2, In Truck: 3
Shipment 8, Source:3, Going:1, Size:1, In Truck: 3
Shipment 9, Source:2, Going:3, Size:1, In Truck: 3
Shipment 10, Source:1, Going:3, Size:2 In Warehouse: 3
Shipment 11, Source:2, Going:3, Size:2, In Truck: 5
Shipment 12, Source:1, Going:3, Size:1 In Warehouse: 1
Shipment 13, Source:3, Going:1, Size:2 In Warehouse: 1
Shipment 14, Source:1, Going:2, Size:3 In Warehouse: 1
Shipment 15, Source:2, Going:1, Size:3 In Warehouse: 2
Shipment 16, Source:1, Going:2, Size:3 In Warehouse: 1
Shipment 17, Source:3, Going:2, Size:1, In Truck: 7
Shipment 18, Source:1, Going:2, Size:1, In Truck: 7
Shipment 19, Source:1, Going:2, Size:3 In Warehouse: 2
Shipment 20, Source:1, Going:2, Size:2 In Warehouse: 2
Shipment 21, Source:2, Going:1, Size:1 In Warehouse: 1
Shipment 22, Source:3, Going:1, Size:3 In Warehouse: 1
Shipment 23, Source:2, Going:3, Size:1 In Warehouse: 3
Shipment 24, Source:2, Going:3, Size:1 In Warehouse: 3
Shipment 25, Source:1, Going:2, Size:3 In Warehouse: 1
Shipment 26, Source:2, Going:1, Size:2 In Warehouse: 1
Shipment 27, Source:3, Going:2, Size:2 In Warehouse: 2
Cycle: 190
Truck 1, [74,18] , Cargo:3/4, Speed:2
 (Id 1 Source: 3, Going: 2, Size:3)
Truck 3, [74,20] , Cargo:2/4, Speed:2
 (Id 6 Source: 3, Going: 2, Size:2)
Truck 5, [51,14] , Cargo:0/5, Speed:1
Truck 7, [74,29] , Cargo:1/5, Speed:1
 (Id 17 Source: 3, Going: 2, Size:1)
WareHouse 1, [82, 34], Docks:1, [Shipment18(1,true), Shipment19(3,true), Shipment20(2,true), Shipment25(3,false), Shipment3(1,true), Shipment21(1,true), Shipment13(2,true), Shipment26(2,true), Shipment22(3,true), Shipment8(1,true)]
WareHouse 2, [74, 52], Docks:1, [Shipment26(2,true), Shipment19(3,true), Shipment27(2,true), Shipment5(2,true), Shipment20(2,true), Shipment18(1,true), Shipment4(3,true), Shipment7(2,true)]
WareHouse 3, [38, 14], Docks:1, [Shipment23(1,true), Shipment24(1,true), Shipment10(2,true), Shipment9(1,true), Shipment2(2,true), Shipment11(2,true)]
Shipment 1, Source:3, Going:2, Size:3, In Truck: 1
Shipment 2, Source:2, Going:3, Size:2, In Truck: 1
Shipment 3, Source:2, Going:1, Size:1, In Truck: 1
Shipment 4, Source:3, Going:2, Size:3, In Truck: 1
Shipment 5, Source:3, Going:2, Size:2 In Warehouse: 2
Shipment 6, Source:3, Going:2, Size:2, In Truck: 3
Shipment 7, Source:1, Going:2, Size:2, In Truck: 3
Shipment 8, Source:3, Going:1, Size:1, In Truck: 3
Shipment 9, Source:2, Going:3, Size:1, In Truck: 3
Shipment 10, Source:1, Going:3, Size:2 In Warehouse: 3
Shipment 11, Source:2, Going:3, Size:2, In Truck: 5
Shipment 12, Source:1, Going:3, Size:1 In Warehouse: 1
Shipment 13, Source:3, Going:1, Size:2 In Warehouse: 1
Shipment 14, Source:1, Going:2, Size:3 In Warehouse: 1
Shipment 15, Source:2, Going:1, Size:3 In Warehouse: 2
Shipment 16, Source:1, Going:2, Size:3 In Warehouse: 1
Shipment 17, Source:3, Going:2, Size:1, In Truck: 7
Shipment 18, Source:1, Going:2, Size:1, In Truck: 7
Shipment 19, Source:1, Going:2, Size:3 In Warehouse: 2
Shipment 20, Source:1, Going:2, Size:2 In Warehouse: 2
Shipment 21, Source:2, Going:1, Size:1 In Warehouse: 1
Shipment 22, Source:3, Going:1, Size:3 In Warehouse: 1
Shipment 23, Source:2, Going:3, Size:1 In Warehouse: 3
Shipment 24, Source:2, Going:3, Size:1 In Warehouse: 3
Shipment 25, Source:1, Going:2, Size:3 In Warehouse: 1
Shipment 26, Source:2, Going:1, Size:2 In Warehouse: 1
Shipment 27, Source:3, Going:2, Size:2 In Warehouse: 2
Cycle: 191
Truck 1, [74,20] , Cargo:3/4, Speed:2
 (Id 1 Source: 3, Going: 2, Size:3)
Truck 3, [74,22] , Cargo:2/4, Speed:2
 (Id 6 Source: 3, Going: 2, Size:2)
Truck 5, [52,14] , Cargo:0/5, Speed:1
Truck 7, [74,30] , Cargo:1/5, Speed:1
 (Id 17 Source: 3, Going: 2, Size:1)
WareHouse 1, [82, 34], Docks:1, [Shipment18(1,true), Shipment19(3,true), Shipment20(2,true), Shipment25(3,false), Shipment3(1,true), Shipment21(1,true), Shipment13(2,true), Shipment26(2,true), Shipment22(3,true), Shipment8(1,true)]
WareHouse 2, [74, 52], Docks:1, [Shipment26(2,true), Shipment19(3,true), Shipment27(2,true), Shipment5(2,true), Shipment20(2,true), Shipment18(1,true), Shipment4(3,true), Shipment7(2,true)]
WareHouse 3, [38, 14], Docks:1, [Shipment23(1,true), Shipment24(1,true), Shipment10(2,true), Shipment9(1,true), Shipment2(2,true), Shipment11(2,true)]
Shipment 1, Source:3, Going:2, Size:3, In Truck: 1
Shipment 2, Source:2, Going:3, Size:2, In Truck: 1
Shipment 3, Source:2, Going:1, Size:1, In Truck: 1
Shipment 4, Source:3, Going:2, Size:3, In Truck: 1
Shipment 5, Source:3, Going:2, Size:2 In Warehouse: 2
Shipment 6, Source:3, Going:2, Size:2, In Truck: 3
Shipment 7, Source:1, Going:2, Size:2, In Truck: 3
Shipment 8, Source:3, Going:1, Size:1, In Truck: 3
Shipment 9, Source:2, Going:3, Size:1, In Truck: 3
Shipment 10, Source:1, Going:3, Size:2 In Warehouse: 3
Shipment 11, Source:2, Going:3, Size:2, In Truck: 5
Shipment 12, Source:1, Going:3, Size:1 In Warehouse: 1
Shipment 13, Source:3, Going:1, Size:2 In Warehouse: 1
Shipment 14, Source:1, Going:2, Size:3 In Warehouse: 1
Shipment 15, Source:2, Going:1, Size:3 In Warehouse: 2
Shipment 16, Source:1, Going:2, Size:3 In Warehouse: 1
Shipment 17, Source:3, Going:2, Size:1, In Truck: 7
Shipment 18, Source:1, Going:2, Size:1, In Truck: 7
Shipment 19, Source:1, Going:2, Size:3 In Warehouse: 2
Shipment 20, Source:1, Going:2, Size:2 In Warehouse: 2
Shipment 21, Source:2, Going:1, Size:1 In Warehouse: 1
Shipment 22, Source:3, Going:1, Size:3 In Warehouse: 1
Shipment 23, Source:2, Going:3, Size:1 In Warehouse: 3
Shipment 24, Source:2, Going:3, Size:1 In Warehouse: 3
Shipment 25, Source:1, Going:2, Size:3 In Warehouse: 1
Shipment 26, Source:2, Going:1, Size:2 In Warehouse: 1
Shipment 27, Source:3, Going:2, Size:2 In Warehouse: 2
Cycle: 192
Truck 1, [74,22] , Cargo:3/4, Speed:2
 (Id 1 Source: 3, Going: 2, Size:3)
Truck 3, [74,24] , Cargo:2/4, Speed:2
 (Id 6 Source: 3, Going: 2, Size:2)
Truck 5, [53,14] , Cargo:0/5, Speed:1
Truck 7, [74,31] , Cargo:1/5, Speed:1
 (Id 17 Source: 3, Going: 2, Size:1)
WareHouse 1, [82, 34], Docks:1, [Shipment18(1,true), Shipment19(3,true), Shipment20(2,true), Shipment25(3,false), Shipment3(1,true), Shipment21(1,true), Shipment13(2,true), Shipment26(2,true), Shipment22(3,true), Shipment8(1,true)]
WareHouse 2, [74, 52], Docks:1, [Shipment26(2,true), Shipment19(3,true), Shipment27(2,true), Shipment5(2,true), Shipment20(2,true), Shipment18(1,true), Shipment4(3,true), Shipment7(2,true)]
WareHouse 3, [38, 14], Docks:1, [Shipment23(1,true), Shipment24(1,true), Shipment10(2,true), Shipment9(1,true), Shipment2(2,true), Shipment11(2,true)]
Shipment 1, Source:3, Going:2, Size:3, In Truck: 1
Shipment 2, Source:2, Going:3, Size:2, In Truck: 1
Shipment 3, Source:2, Going:1, Size:1, In Truck: 1
Shipment 4, Source:3, Going:2, Size:3, In Truck: 1
Shipment 5, Source:3, Going:2, Size:2 In Warehouse: 2
Shipment 6, Source:3, Going:2, Size:2, In Truck: 3
Shipment 7, Source:1, Going:2, Size:2, In Truck: 3
Shipment 8, Source:3, Going:1, Size:1, In Truck: 3
Shipment 9, Source:2, Going:3, Size:1, In Truck: 3
Shipment 10, Source:1, Going:3, Size:2 In Warehouse: 3
Shipment 11, Source:2, Going:3, Size:2, In Truck: 5
Shipment 12, Source:1, Going:3, Size:1 In Warehouse: 1
Shipment 13, Source:3, Going:1, Size:2 In Warehouse: 1
Shipment 14, Source:1, Going:2, Size:3 In Warehouse: 1
Shipment 15, Source:2, Going:1, Size:3 In Warehouse: 2
Shipment 16, Source:1, Going:2, Size:3 In Warehouse: 1
Shipment 17, Source:3, Going:2, Size:1, In Truck: 7
Shipment 18, Source:1, Going:2, Size:1, In Truck: 7
Shipment 19, Source:1, Going:2, Size:3 In Warehouse: 2
Shipment 20, Source:1, Going:2, Size:2 In Warehouse: 2
Shipment 21, Source:2, Going:1, Size:1 In Warehouse: 1
Shipment 22, Source:3, Going:1, Size:3 In Warehouse: 1
Shipment 23, Source:2, Going:3, Size:1 In Warehouse: 3
Shipment 24, Source:2, Going:3, Size:1 In Warehouse: 3
Shipment 25, Source:1, Going:2, Size:3 In Warehouse: 1
Shipment 26, Source:2, Going:1, Size:2 In Warehouse: 1
Shipment 27, Source:3, Going:2, Size:2 In Warehouse: 2
Cycle: 193
Truck 1, [74,24] , Cargo:3/4, Speed:2
 (Id 1 Source: 3, Going: 2, Size:3)
Truck 3, [74,26] , Cargo:2/4, Speed:2
 (Id 6 Source: 3, Going: 2, Size:2)
Truck 5, [54,14] , Cargo:0/5, Speed:1
Truck 7, [74,32] , Cargo:1/5, Speed:1
 (Id 17 Source: 3, Going: 2, Size:1)
WareHouse 1, [82, 34], Docks:1, [Shipment18(1,true), Shipment19(3,true), Shipment20(2,true), Shipment25(3,false), Shipment3(1,true), Shipment21(1,true), Shipment13(2,true), Shipment26(2,true), Shipment22(3,true), Shipment8(1,true)]
WareHouse 2, [74, 52], Docks:1, [Shipment26(2,true), Shipment19(3,true), Shipment27(2,true), Shipment5(2,true), Shipment20(2,true), Shipment18(1,true), Shipment4(3,true), Shipment7(2,true)]
WareHouse 3, [38, 14], Docks:1, [Shipment23(1,true), Shipment24(1,true), Shipment10(2,true), Shipment9(1,true), Shipment2(2,true), Shipment11(2,true)]
Shipment 1, Source:3, Going:2, Size:3, In Truck: 1
Shipment 2, Source:2, Going:3, Size:2, In Truck: 1
Shipment 3, Source:2, Going:1, Size:1, In Truck: 1
Shipment 4, Source:3, Going:2, Size:3, In Truck: 1
Shipment 5, Source:3, Going:2, Size:2 In Warehouse: 2
Shipment 6, Source:3, Going:2, Size:2, In Truck: 3
Shipment 7, Source:1, Going:2, Size:2, In Truck: 3
Shipment 8, Source:3, Going:1, Size:1, In Truck: 3
Shipment 9, Source:2, Going:3, Size:1, In Truck: 3
Shipment 10, Source:1, Going:3, Size:2 In Warehouse: 3
Shipment 11, Source:2, Going:3, Size:2, In Truck: 5
Shipment 12, Source:1, Going:3, Size:1 In Warehouse: 1
Shipment 13, Source:3, Going:1, Size:2 In Warehouse: 1
Shipment 14, Source:1, Going:2, Size:3 In Warehouse: 1
Shipment 15, Source:2, Going:1, Size:3 In Warehouse: 2
Shipment 16, Source:1, Going:2, Size:3 In Warehouse: 1
Shipment 17, Source:3, Going:2, Size:1, In Truck: 7
Shipment 18, Source:1, Going:2, Size:1, In Truck: 7
Shipment 19, Source:1, Going:2, Size:3 In Warehouse: 2
Shipment 20, Source:1, Going:2, Size:2 In Warehouse: 2
Shipment 21, Source:2, Going:1, Size:1 In Warehouse: 1
Shipment 22, Source:3, Going:1, Size:3 In Warehouse: 1
Shipment 23, Source:2, Going:3, Size:1 In Warehouse: 3
Shipment 24, Source:2, Going:3, Size:1 In Warehouse: 3
Shipment 25, Source:1, Going:2, Size:3 In Warehouse: 1
Shipment 26, Source:2, Going:1, Size:2 In Warehouse: 1
Shipment 27, Source:3, Going:2, Size:2 In Warehouse: 2
Cycle: 194
Truck 1, [74,26] , Cargo:3/4, Speed:2
 (Id 1 Source: 3, Going: 2, Size:3)
Truck 3, [74,28] , Cargo:2/4, Speed:2
 (Id 6 Source: 3, Going: 2, Size:2)
Truck 5, [55,14] , Cargo:0/5, Speed:1
Truck 7, [74,33] , Cargo:1/5, Speed:1
 (Id 17 Source: 3, Going: 2, Size:1)
WareHouse 1, [82, 34], Docks:1, [Shipment18(1,true), Shipment19(3,true), Shipment20(2,true), Shipment25(3,false), Shipment3(1,true), Shipment21(1,true), Shipment13(2,true), Shipment26(2,true), Shipment22(3,true), Shipment8(1,true)]
WareHouse 2, [74, 52], Docks:1, [Shipment26(2,true), Shipment19(3,true), Shipment27(2,true), Shipment5(2,true), Shipment20(2,true), Shipment18(1,true), Shipment4(3,true), Shipment7(2,true)]
WareHouse 3, [38, 14], Docks:1, [Shipment23(1,true), Shipment24(1,true), Shipment10(2,true), Shipment9(1,true), Shipment2(2,true), Shipment11(2,true)]
Shipment 1, Source:3, Going:2, Size:3, In Truck: 1
Shipment 2, Source:2, Going:3, Size:2, In Truck: 1
Shipment 3, Source:2, Going:1, Size:1, In Truck: 1
Shipment 4, Source:3, Going:2, Size:3, In Truck: 1
Shipment 5, Source:3, Going:2, Size:2 In Warehouse: 2
Shipment 6, Source:3, Going:2, Size:2, In Truck: 3
Shipment 7, Source:1, Going:2, Size:2, In Truck: 3
Shipment 8, Source:3, Going:1, Size:1, In Truck: 3
Shipment 9, Source:2, Going:3, Size:1, In Truck: 3
Shipment 10, Source:1, Going:3, Size:2 In Warehouse: 3
Shipment 11, Source:2, Going:3, Size:2, In Truck: 5
Shipment 12, Source:1, Going:3, Size:1 In Warehouse: 1
Shipment 13, Source:3, Going:1, Size:2 In Warehouse: 1
Shipment 14, Source:1, Going:2, Size:3 In Warehouse: 1
Shipment 15, Source:2, Going:1, Size:3 In Warehouse: 2
Shipment 16, Source:1, Going:2, Size:3 In Warehouse: 1
Shipment 17, Source:3, Going:2, Size:1, In Truck: 7
Shipment 18, Source:1, Going:2, Size:1, In Truck: 7
Shipment 19, Source:1, Going:2, Size:3 In Warehouse: 2
Shipment 20, Source:1, Going:2, Size:2 In Warehouse: 2
Shipment 21, Source:2, Going:1, Size:1 In Warehouse: 1
Shipment 22, Source:3, Going:1, Size:3 In Warehouse: 1
Shipment 23, Source:2, Going:3, Size:1 In Warehouse: 3
Shipment 24, Source:2, Going:3, Size:1 In Warehouse: 3
Shipment 25, Source:1, Going:2, Size:3 In Warehouse: 1
Shipment 26, Source:2, Going:1, Size:2 In Warehouse: 1
Shipment 27, Source:3, Going:2, Size:2 In Warehouse: 2
Cycle: 195
Truck 1, [74,28] , Cargo:3/4, Speed:2
 (Id 1 Source: 3, Going: 2, Size:3)
Truck 3, [74,30] , Cargo:2/4, Speed:2
 (Id 6 Source: 3, Going: 2, Size:2)
Truck 5, [56,14] , Cargo:0/5, Speed:1
Truck 7, [74,34] , Cargo:1/5, Speed:1
 (Id 17 Source: 3, Going: 2, Size:1)
WareHouse 1, [82, 34], Docks:1, [Shipment18(1,true), Shipment19(3,true), Shipment20(2,true), Shipment25(3,false), Shipment3(1,true), Shipment21(1,true), Shipment13(2,true), Shipment26(2,true), Shipment22(3,true), Shipment8(1,true)]
WareHouse 2, [74, 52], Docks:1, [Shipment26(2,true), Shipment19(3,true), Shipment27(2,true), Shipment5(2,true), Shipment20(2,true), Shipment18(1,true), Shipment4(3,true), Shipment7(2,true)]
WareHouse 3, [38, 14], Docks:1, [Shipment23(1,true), Shipment24(1,true), Shipment10(2,true), Shipment9(1,true), Shipment2(2,true), Shipment11(2,true)]
Shipment 1, Source:3, Going:2, Size:3, In Truck: 1
Shipment 2, Source:2, Going:3, Size:2, In Truck: 1
Shipment 3, Source:2, Going:1, Size:1, In Truck: 1
Shipment 4, Source:3, Going:2, Size:3, In Truck: 1
Shipment 5, Source:3, Going:2, Size:2 In Warehouse: 2
Shipment 6, Source:3, Going:2, Size:2, In Truck: 3
Shipment 7, Source:1, Going:2, Size:2, In Truck: 3
Shipment 8, Source:3, Going:1, Size:1, In Truck: 3
Shipment 9, Source:2, Going:3, Size:1, In Truck: 3
Shipment 10, Source:1, Going:3, Size:2 In Warehouse: 3
Shipment 11, Source:2, Going:3, Size:2, In Truck: 5
Shipment 12, Source:1, Going:3, Size:1 In Warehouse: 1
Shipment 13, Source:3, Going:1, Size:2 In Warehouse: 1
Shipment 14, Source:1, Going:2, Size:3 In Warehouse: 1
Shipment 15, Source:2, Going:1, Size:3 In Warehouse: 2
Shipment 16, Source:1, Going:2, Size:3 In Warehouse: 1
Shipment 17, Source:3, Going:2, Size:1, In Truck: 7
Shipment 18, Source:1, Going:2, Size:1, In Truck: 7
Shipment 19, Source:1, Going:2, Size:3 In Warehouse: 2
Shipment 20, Source:1, Going:2, Size:2 In Warehouse: 2
Shipment 21, Source:2, Going:1, Size:1 In Warehouse: 1
Shipment 22, Source:3, Going:1, Size:3 In Warehouse: 1
Shipment 23, Source:2, Going:3, Size:1 In Warehouse: 3
Shipment 24, Source:2, Going:3, Size:1 In Warehouse: 3
Shipment 25, Source:1, Going:2, Size:3 In Warehouse: 1
Shipment 26, Source:2, Going:1, Size:2 In Warehouse: 1
Shipment 27, Source:3, Going:2, Size:2 In Warehouse: 2
Cycle: 196
Truck 1, [74,30] , Cargo:3/4, Speed:2
 (Id 1 Source: 3, Going: 2, Size:3)
Truck 3, [74,32] , Cargo:2/4, Speed:2
 (Id 6 Source: 3, Going: 2, Size:2)
Truck 5, [57,14] , Cargo:0/5, Speed:1
Truck 7, [74,35] , Cargo:1/5, Speed:1
 (Id 17 Source: 3, Going: 2, Size:1)
WareHouse 1, [82, 34], Docks:1, [Shipment18(1,true), Shipment19(3,true), Shipment20(2,true), Shipment25(3,false), Shipment3(1,true), Shipment21(1,true), Shipment13(2,true), Shipment26(2,true), Shipment22(3,true), Shipment8(1,true)]
WareHouse 2, [74, 52], Docks:1, [Shipment26(2,true), Shipment19(3,true), Shipment27(2,true), Shipment5(2,true), Shipment20(2,true), Shipment18(1,true), Shipment4(3,true), Shipment7(2,true)]
WareHouse 3, [38, 14], Docks:1, [Shipment23(1,true), Shipment24(1,true), Shipment10(2,true), Shipment9(1,true), Shipment2(2,true), Shipment11(2,true)]
Shipment 1, Source:3, Going:2, Size:3, In Truck: 1
Shipment 2, Source:2, Going:3, Size:2, In Truck: 1
Shipment 3, Source:2, Going:1, Size:1, In Truck: 1
Shipment 4, Source:3, Going:2, Size:3, In Truck: 1
Shipment 5, Source:3, Going:2, Size:2 In Warehouse: 2
Shipment 6, Source:3, Going:2, Size:2, In Truck: 3
Shipment 7, Source:1, Going:2, Size:2, In Truck: 3
Shipment 8, Source:3, Going:1, Size:1, In Truck: 3
Shipment 9, Source:2, Going:3, Size:1, In Truck: 3
Shipment 10, Source:1, Going:3, Size:2 In Warehouse: 3
Shipment 11, Source:2, Going:3, Size:2, In Truck: 5
Shipment 12, Source:1, Going:3, Size:1 In Warehouse: 1
Shipment 13, Source:3, Going:1, Size:2 In Warehouse: 1
Shipment 14, Source:1, Going:2, Size:3 In Warehouse: 1
Shipment 15, Source:2, Going:1, Size:3 In Warehouse: 2
Shipment 16, Source:1, Going:2, Size:3 In Warehouse: 1
Shipment 17, Source:3, Going:2, Size:1, In Truck: 7
Shipment 18, Source:1, Going:2, Size:1, In Truck: 7
Shipment 19, Source:1, Going:2, Size:3 In Warehouse: 2
Shipment 20, Source:1, Going:2, Size:2 In Warehouse: 2
Shipment 21, Source:2, Going:1, Size:1 In Warehouse: 1
Shipment 22, Source:3, Going:1, Size:3 In Warehouse: 1
Shipment 23, Source:2, Going:3, Size:1 In Warehouse: 3
Shipment 24, Source:2, Going:3, Size:1 In Warehouse: 3
Shipment 25, Source:1, Going:2, Size:3 In Warehouse: 1
Shipment 26, Source:2, Going:1, Size:2 In Warehouse: 1
Shipment 27, Source:3, Going:2, Size:2 In Warehouse: 2
Cycle: 197
Truck 1, [74,32] , Cargo:3/4, Speed:2
 (Id 1 Source: 3, Going: 2, Size:3)
Truck 3, [74,34] , Cargo:2/4, Speed:2
 (Id 6 Source: 3, Going: 2, Size:2)
Truck 5, [58,14] , Cargo:0/5, Speed:1
Truck 7, [74,36] , Cargo:1/5, Speed:1
 (Id 17 Source: 3, Going: 2, Size:1)
WareHouse 1, [82, 34], Docks:1, [Shipment18(1,true), Shipment19(3,true), Shipment20(2,true), Shipment25(3,false), Shipment3(1,true), Shipment21(1,true), Shipment13(2,true), Shipment26(2,true), Shipment22(3,true), Shipment8(1,true)]
WareHouse 2, [74, 52], Docks:1, [Shipment26(2,true), Shipment19(3,true), Shipment27(2,true), Shipment5(2,true), Shipment20(2,true), Shipment18(1,true), Shipment4(3,true), Shipment7(2,true)]
WareHouse 3, [38, 14], Docks:1, [Shipment23(1,true), Shipment24(1,true), Shipment10(2,true), Shipment9(1,true), Shipment2(2,true), Shipment11(2,true)]
Shipment 1, Source:3, Going:2, Size:3, In Truck: 1
Shipment 2, Source:2, Going:3, Size:2, In Truck: 1
Shipment 3, Source:2, Going:1, Size:1, In Truck: 1
Shipment 4, Source:3, Going:2, Size:3, In Truck: 1
Shipment 5, Source:3, Going:2, Size:2 In Warehouse: 2
Shipment 6, Source:3, Going:2, Size:2, In Truck: 3
Shipment 7, Source:1, Going:2, Size:2, In Truck: 3
Shipment 8, Source:3, Going:1, Size:1, In Truck: 3
Shipment 9, Source:2, Going:3, Size:1, In Truck: 3
Shipment 10, Source:1, Going:3, Size:2 In Warehouse: 3
Shipment 11, Source:2, Going:3, Size:2, In Truck: 5
Shipment 12, Source:1, Going:3, Size:1 In Warehouse: 1
Shipment 13, Source:3, Going:1, Size:2 In Warehouse: 1
Shipment 14, Source:1, Going:2, Size:3 In Warehouse: 1
Shipment 15, Source:2, Going:1, Size:3 In Warehouse: 2
Shipment 16, Source:1, Going:2, Size:3 In Warehouse: 1
Shipment 17, Source:3, Going:2, Size:1, In Truck: 7
Shipment 18, Source:1, Going:2, Size:1, In Truck: 7
Shipment 19, Source:1, Going:2, Size:3 In Warehouse: 2
Shipment 20, Source:1, Going:2, Size:2 In Warehouse: 2
Shipment 21, Source:2, Going:1, Size:1 In Warehouse: 1
Shipment 22, Source:3, Going:1, Size:3 In Warehouse: 1
Shipment 23, Source:2, Going:3, Size:1 In Warehouse: 3
Shipment 24, Source:2, Going:3, Size:1 In Warehouse: 3
Shipment 25, Source:1, Going:2, Size:3 In Warehouse: 1
Shipment 26, Source:2, Going:1, Size:2 In Warehouse: 1
Shipment 27, Source:3, Going:2, Size:2 In Warehouse: 2
Cycle: 198
Truck 1, [74,34] , Cargo:3/4, Speed:2
 (Id 1 Source: 3, Going: 2, Size:3)
Truck 3, [74,36] , Cargo:2/4, Speed:2
 (Id 6 Source: 3, Going: 2, Size:2)
Truck 5, [59,14] , Cargo:0/5, Speed:1
Truck 7, [74,37] , Cargo:1/5, Speed:1
 (Id 17 Source: 3, Going: 2, Size:1)
WareHouse 1, [82, 34], Docks:1, [Shipment18(1,true), Shipment19(3,true), Shipment20(2,true), Shipment25(3,false), Shipment3(1,true), Shipment21(1,true), Shipment13(2,true), Shipment26(2,true), Shipment22(3,true), Shipment8(1,true)]
WareHouse 2, [74, 52], Docks:1, [Shipment26(2,true), Shipment19(3,true), Shipment27(2,true), Shipment5(2,true), Shipment20(2,true), Shipment18(1,true), Shipment4(3,true), Shipment7(2,true)]
WareHouse 3, [38, 14], Docks:1, [Shipment23(1,true), Shipment24(1,true), Shipment10(2,true), Shipment9(1,true), Shipment2(2,true), Shipment11(2,true)]
Shipment 1, Source:3, Going:2, Size:3, In Truck: 1
Shipment 2, Source:2, Going:3, Size:2, In Truck: 1
Shipment 3, Source:2, Going:1, Size:1, In Truck: 1
Shipment 4, Source:3, Going:2, Size:3, In Truck: 1
Shipment 5, Source:3, Going:2, Size:2 In Warehouse: 2
Shipment 6, Source:3, Going:2, Size:2, In Truck: 3
Shipment 7, Source:1, Going:2, Size:2, In Truck: 3
Shipment 8, Source:3, Going:1, Size:1, In Truck: 3
Shipment 9, Source:2, Going:3, Size:1, In Truck: 3
Shipment 10, Source:1, Going:3, Size:2 In Warehouse: 3
Shipment 11, Source:2, Going:3, Size:2, In Truck: 5
Shipment 12, Source:1, Going:3, Size:1 In Warehouse: 1
Shipment 13, Source:3, Going:1, Size:2 In Warehouse: 1
Shipment 14, Source:1, Going:2, Size:3 In Warehouse: 1
Shipment 15, Source:2, Going:1, Size:3 In Warehouse: 2
Shipment 16, Source:1, Going:2, Size:3 In Warehouse: 1
Shipment 17, Source:3, Going:2, Size:1, In Truck: 7
Shipment 18, Source:1, Going:2, Size:1, In Truck: 7
Shipment 19, Source:1, Going:2, Size:3 In Warehouse: 2
Shipment 20, Source:1, Going:2, Size:2 In Warehouse: 2
Shipment 21, Source:2, Going:1, Size:1 In Warehouse: 1
Shipment 22, Source:3, Going:1, Size:3 In Warehouse: 1
Shipment 23, Source:2, Going:3, Size:1 In Warehouse: 3
Shipment 24, Source:2, Going:3, Size:1 In Warehouse: 3
Shipment 25, Source:1, Going:2, Size:3 In Warehouse: 1
Shipment 26, Source:2, Going:1, Size:2 In Warehouse: 1
Shipment 27, Source:3, Going:2, Size:2 In Warehouse: 2
Cycle: 199
Truck 1, [74,36] , Cargo:3/4, Speed:2
 (Id 1 Source: 3, Going: 2, Size:3)
Truck 3, [74,38] , Cargo:2/4, Speed:2
 (Id 6 Source: 3, Going: 2, Size:2)
Truck 5, [60,14] , Cargo:0/5, Speed:1
Truck 7, [74,38] , Cargo:1/5, Speed:1
 (Id 17 Source: 3, Going: 2, Size:1)
WareHouse 1, [82, 34], Docks:1, [Shipment18(1,true), Shipment19(3,true), Shipment20(2,true), Shipment25(3,false), Shipment3(1,true), Shipment21(1,true), Shipment13(2,true), Shipment26(2,true), Shipment22(3,true), Shipment8(1,true)]
WareHouse 2, [74, 52], Docks:1, [Shipment26(2,true), Shipment19(3,true), Shipment27(2,true), Shipment5(2,true), Shipment20(2,true), Shipment18(1,true), Shipment4(3,true), Shipment7(2,true)]
WareHouse 3, [38, 14], Docks:1, [Shipment23(1,true), Shipment24(1,true), Shipment10(2,true), Shipment9(1,true), Shipment2(2,true), Shipment11(2,true)]
Shipment 1, Source:3, Going:2, Size:3, In Truck: 1
Shipment 2, Source:2, Going:3, Size:2, In Truck: 1
Shipment 3, Source:2, Going:1, Size:1, In Truck: 1
Shipment 4, Source:3, Going:2, Size:3, In Truck: 1
Shipment 5, Source:3, Going:2, Size:2 In Warehouse: 2
Shipment 6, Source:3, Going:2, Size:2, In Truck: 3
Shipment 7, Source:1, Going:2, Size:2, In Truck: 3
Shipment 8, Source:3, Going:1, Size:1, In Truck: 3
Shipment 9, Source:2, Going:3, Size:1, In Truck: 3
Shipment 10, Source:1, Going:3, Size:2 In Warehouse: 3
Shipment 11, Source:2, Going:3, Size:2, In Truck: 5
Shipment 12, Source:1, Going:3, Size:1 In Warehouse: 1
Shipment 13, Source:3, Going:1, Size:2 In Warehouse: 1
Shipment 14, Source:1, Going:2, Size:3 In Warehouse: 1
Shipment 15, Source:2, Going:1, Size:3 In Warehouse: 2
Shipment 16, Source:1, Going:2, Size:3 In Warehouse: 1
Shipment 17, Source:3, Going:2, Size:1, In Truck: 7
Shipment 18, Source:1, Going:2, Size:1, In Truck: 7
Shipment 19, Source:1, Going:2, Size:3 In Warehouse: 2
Shipment 20, Source:1, Going:2, Size:2 In Warehouse: 2
Shipment 21, Source:2, Going:1, Size:1 In Warehouse: 1
Shipment 22, Source:3, Going:1, Size:3 In Warehouse: 1
Shipment 23, Source:2, Going:3, Size:1 In Warehouse: 3
Shipment 24, Source:2, Going:3, Size:1 In Warehouse: 3
Shipment 25, Source:1, Going:2, Size:3 In Warehouse: 1
Shipment 26, Source:2, Going:1, Size:2 In Warehouse: 1
Shipment 27, Source:3, Going:2, Size:2 In Warehouse: 2
Cycle: 200
Truck 1, [74,38] , Cargo:3/4, Speed:2
 (Id 1 Source: 3, Going: 2, Size:3)
Truck 3, [74,40] , Cargo:2/4, Speed:2
 (Id 6 Source: 3, Going: 2, Size:2)
Truck 5, [61,14] , Cargo:0/5, Speed:1
Truck 7, [74,39] , Cargo:1/5, Speed:1
 (Id 17 Source: 3, Going: 2, Size:1)
WareHouse 1, [82, 34], Docks:1, [Shipment18(1,true), Shipment19(3,true), Shipment20(2,true), Shipment25(3,false), Shipment3(1,true), Shipment21(1,true), Shipment13(2,true), Shipment26(2,true), Shipment22(3,true), Shipment8(1,true)]
WareHouse 2, [74, 52], Docks:1, [Shipment26(2,true), Shipment19(3,true), Shipment27(2,true), Shipment5(2,true), Shipment20(2,true), Shipment18(1,true), Shipment4(3,true), Shipment7(2,true)]
WareHouse 3, [38, 14], Docks:1, [Shipment23(1,true), Shipment24(1,true), Shipment10(2,true), Shipment9(1,true), Shipment2(2,true), Shipment11(2,true)]
Shipment 1, Source:3, Going:2, Size:3, In Truck: 1
Shipment 2, Source:2, Going:3, Size:2, In Truck: 1
Shipment 3, Source:2, Going:1, Size:1, In Truck: 1
Shipment 4, Source:3, Going:2, Size:3, In Truck: 1
Shipment 5, Source:3, Going:2, Size:2 In Warehouse: 2
Shipment 6, Source:3, Going:2, Size:2, In Truck: 3
Shipment 7, Source:1, Going:2, Size:2, In Truck: 3
Shipment 8, Source:3, Going:1, Size:1, In Truck: 3
Shipment 9, Source:2, Going:3, Size:1, In Truck: 3
Shipment 10, Source:1, Going:3, Size:2 In Warehouse: 3
Shipment 11, Source:2, Going:3, Size:2, In Truck: 5
Shipment 12, Source:1, Going:3, Size:1 In Warehouse: 1
Shipment 13, Source:3, Going:1, Size:2 In Warehouse: 1
Shipment 14, Source:1, Going:2, Size:3 In Warehouse: 1
Shipment 15, Source:2, Going:1, Size:3 In Warehouse: 2
Shipment 16, Source:1, Going:2, Size:3 In Warehouse: 1
Shipment 17, Source:3, Going:2, Size:1, In Truck: 7
Shipment 18, Source:1, Going:2, Size:1, In Truck: 7
Shipment 19, Source:1, Going:2, Size:3 In Warehouse: 2
Shipment 20, Source:1, Going:2, Size:2 In Warehouse: 2
Shipment 21, Source:2, Going:1, Size:1 In Warehouse: 1
Shipment 22, Source:3, Going:1, Size:3 In Warehouse: 1
Shipment 23, Source:2, Going:3, Size:1 In Warehouse: 3
Shipment 24, Source:2, Going:3, Size:1 In Warehouse: 3
Shipment 25, Source:1, Going:2, Size:3 In Warehouse: 1
Shipment 26, Source:2, Going:1, Size:2 In Warehouse: 1
Shipment 27, Source:3, Going:2, Size:2 In Warehouse: 2
Cycle: 201
Truck 1, [74,40] , Cargo:3/4, Speed:2
 (Id 1 Source: 3, Going: 2, Size:3)
Truck 3, [74,42] , Cargo:2/4, Speed:2
 (Id 6 Source: 3, Going: 2, Size:2)
Truck 5, [62,14] , Cargo:0/5, Speed:1
Truck 7, [74,40] , Cargo:1/5, Speed:1
 (Id 17 Source: 3, Going: 2, Size:1)
WareHouse 1, [82, 34], Docks:1, [Shipment18(1,true), Shipment19(3,true), Shipment20(2,true), Shipment25(3,false), Shipment3(1,true), Shipment21(1,true), Shipment13(2,true), Shipment26(2,true), Shipment22(3,true), Shipment8(1,true)]
WareHouse 2, [74, 52], Docks:1, [Shipment26(2,true), Shipment19(3,true), Shipment27(2,true), Shipment5(2,true), Shipment20(2,true), Shipment18(1,true), Shipment4(3,true), Shipment7(2,true)]
WareHouse 3, [38, 14], Docks:1, [Shipment23(1,true), Shipment24(1,true), Shipment10(2,true), Shipment9(1,true), Shipment2(2,true), Shipment11(2,true)]
Shipment 1, Source:3, Going:2, Size:3, In Truck: 1
Shipment 2, Source:2, Going:3, Size:2, In Truck: 1
Shipment 3, Source:2, Going:1, Size:1, In Truck: 1
Shipment 4, Source:3, Going:2, Size:3, In Truck: 1
Shipment 5, Source:3, Going:2, Size:2 In Warehouse: 2
Shipment 6, Source:3, Going:2, Size:2, In Truck: 3
Shipment 7, Source:1, Going:2, Size:2, In Truck: 3
Shipment 8, Source:3, Going:1, Size:1, In Truck: 3
Shipment 9, Source:2, Going:3, Size:1, In Truck: 3
Shipment 10, Source:1, Going:3, Size:2 In Warehouse: 3
Shipment 11, Source:2, Going:3, Size:2, In Truck: 5
Shipment 12, Source:1, Going:3, Size:1 In Warehouse: 1
Shipment 13, Source:3, Going:1, Size:2 In Warehouse: 1
Shipment 14, Source:1, Going:2, Size:3 In Warehouse: 1
Shipment 15, Source:2, Going:1, Size:3 In Warehouse: 2
Shipment 16, Source:1, Going:2, Size:3 In Warehouse: 1
Shipment 17, Source:3, Going:2, Size:1, In Truck: 7
Shipment 18, Source:1, Going:2, Size:1, In Truck: 7
Shipment 19, Source:1, Going:2, Size:3 In Warehouse: 2
Shipment 20, Source:1, Going:2, Size:2 In Warehouse: 2
Shipment 21, Source:2, Going:1, Size:1 In Warehouse: 1
Shipment 22, Source:3, Going:1, Size:3 In Warehouse: 1
Shipment 23, Source:2, Going:3, Size:1 In Warehouse: 3
Shipment 24, Source:2, Going:3, Size:1 In Warehouse: 3
Shipment 25, Source:1, Going:2, Size:3 In Warehouse: 1
Shipment 26, Source:2, Going:1, Size:2 In Warehouse: 1
Shipment 27, Source:3, Going:2, Size:2 In Warehouse: 2
Cycle: 202
Truck 1, [74,42] , Cargo:3/4, Speed:2
 (Id 1 Source: 3, Going: 2, Size:3)
Truck 3, [74,44] , Cargo:2/4, Speed:2
 (Id 6 Source: 3, Going: 2, Size:2)
Truck 5, [63,14] , Cargo:0/5, Speed:1
Truck 7, [74,41] , Cargo:1/5, Speed:1
 (Id 17 Source: 3, Going: 2, Size:1)
WareHouse 1, [82, 34], Docks:1, [Shipment18(1,true), Shipment19(3,true), Shipment20(2,true), Shipment25(3,false), Shipment3(1,true), Shipment21(1,true), Shipment13(2,true), Shipment26(2,true), Shipment22(3,true), Shipment8(1,true)]
WareHouse 2, [74, 52], Docks:1, [Shipment26(2,true), Shipment19(3,true), Shipment27(2,true), Shipment5(2,true), Shipment20(2,true), Shipment18(1,true), Shipment4(3,true), Shipment7(2,true)]
WareHouse 3, [38, 14], Docks:1, [Shipment23(1,true), Shipment24(1,true), Shipment10(2,true), Shipment9(1,true), Shipment2(2,true), Shipment11(2,true)]
Shipment 1, Source:3, Going:2, Size:3, In Truck: 1
Shipment 2, Source:2, Going:3, Size:2, In Truck: 1
Shipment 3, Source:2, Going:1, Size:1, In Truck: 1
Shipment 4, Source:3, Going:2, Size:3, In Truck: 1
Shipment 5, Source:3, Going:2, Size:2 In Warehouse: 2
Shipment 6, Source:3, Going:2, Size:2, In Truck: 3
Shipment 7, Source:1, Going:2, Size:2, In Truck: 3
Shipment 8, Source:3, Going:1, Size:1, In Truck: 3
Shipment 9, Source:2, Going:3, Size:1, In Truck: 3
Shipment 10, Source:1, Going:3, Size:2 In Warehouse: 3
Shipment 11, Source:2, Going:3, Size:2, In Truck: 5
Shipment 12, Source:1, Going:3, Size:1 In Warehouse: 1
Shipment 13, Source:3, Going:1, Size:2 In Warehouse: 1
Shipment 14, Source:1, Going:2, Size:3 In Warehouse: 1
Shipment 15, Source:2, Going:1, Size:3 In Warehouse: 2
Shipment 16, Source:1, Going:2, Size:3 In Warehouse: 1
Shipment 17, Source:3, Going:2, Size:1, In Truck: 7
Shipment 18, Source:1, Going:2, Size:1, In Truck: 7
Shipment 19, Source:1, Going:2, Size:3 In Warehouse: 2
Shipment 20, Source:1, Going:2, Size:2 In Warehouse: 2
Shipment 21, Source:2, Going:1, Size:1 In Warehouse: 1
Shipment 22, Source:3, Going:1, Size:3 In Warehouse: 1
Shipment 23, Source:2, Going:3, Size:1 In Warehouse: 3
Shipment 24, Source:2, Going:3, Size:1 In Warehouse: 3
Shipment 25, Source:1, Going:2, Size:3 In Warehouse: 1
Shipment 26, Source:2, Going:1, Size:2 In Warehouse: 1
Shipment 27, Source:3, Going:2, Size:2 In Warehouse: 2
Cycle: 203
Truck 1, [74,44] , Cargo:3/4, Speed:2
 (Id 1 Source: 3, Going: 2, Size:3)
Truck 3, [74,46] , Cargo:2/4, Speed:2
 (Id 6 Source: 3, Going: 2, Size:2)
Truck 5, [64,14] , Cargo:0/5, Speed:1
Truck 7, [74,42] , Cargo:1/5, Speed:1
 (Id 17 Source: 3, Going: 2, Size:1)
WareHouse 1, [82, 34], Docks:1, [Shipment18(1,true), Shipment19(3,true), Shipment20(2,true), Shipment25(3,false), Shipment3(1,true), Shipment21(1,true), Shipment13(2,true), Shipment26(2,true), Shipment22(3,true), Shipment8(1,true)]
WareHouse 2, [74, 52], Docks:1, [Shipment26(2,true), Shipment19(3,true), Shipment27(2,true), Shipment5(2,true), Shipment20(2,true), Shipment18(1,true), Shipment4(3,true), Shipment7(2,true)]
WareHouse 3, [38, 14], Docks:1, [Shipment23(1,true), Shipment24(1,true), Shipment10(2,true), Shipment9(1,true), Shipment2(2,true), Shipment11(2,true)]
Shipment 1, Source:3, Going:2, Size:3, In Truck: 1
Shipment 2, Source:2, Going:3, Size:2, In Truck: 1
Shipment 3, Source:2, Going:1, Size:1, In Truck: 1
Shipment 4, Source:3, Going:2, Size:3, In Truck: 1
Shipment 5, Source:3, Going:2, Size:2 In Warehouse: 2
Shipment 6, Source:3, Going:2, Size:2, In Truck: 3
Shipment 7, Source:1, Going:2, Size:2, In Truck: 3
Shipment 8, Source:3, Going:1, Size:1, In Truck: 3
Shipment 9, Source:2, Going:3, Size:1, In Truck: 3
Shipment 10, Source:1, Going:3, Size:2 In Warehouse: 3
Shipment 11, Source:2, Going:3, Size:2, In Truck: 5
Shipment 12, Source:1, Going:3, Size:1 In Warehouse: 1
Shipment 13, Source:3, Going:1, Size:2 In Warehouse: 1
Shipment 14, Source:1, Going:2, Size:3 In Warehouse: 1
Shipment 15, Source:2, Going:1, Size:3 In Warehouse: 2
Shipment 16, Source:1, Going:2, Size:3 In Warehouse: 1
Shipment 17, Source:3, Going:2, Size:1, In Truck: 7
Shipment 18, Source:1, Going:2, Size:1, In Truck: 7
Shipment 19, Source:1, Going:2, Size:3 In Warehouse: 2
Shipment 20, Source:1, Going:2, Size:2 In Warehouse: 2
Shipment 21, Source:2, Going:1, Size:1 In Warehouse: 1
Shipment 22, Source:3, Going:1, Size:3 In Warehouse: 1
Shipment 23, Source:2, Going:3, Size:1 In Warehouse: 3
Shipment 24, Source:2, Going:3, Size:1 In Warehouse: 3
Shipment 25, Source:1, Going:2, Size:3 In Warehouse: 1
Shipment 26, Source:2, Going:1, Size:2 In Warehouse: 1
Shipment 27, Source:3, Going:2, Size:2 In Warehouse: 2
Cycle: 204
Truck 1, [74,46] , Cargo:3/4, Speed:2
 (Id 1 Source: 3, Going: 2, Size:3)
Truck 3, [74,48] , Cargo:2/4, Speed:2
 (Id 6 Source: 3, Going: 2, Size:2)
Truck 5, [65,14] , Cargo:0/5, Speed:1
Truck 7, [74,43] , Cargo:1/5, Speed:1
 (Id 17 Source: 3, Going: 2, Size:1)
WareHouse 1, [82, 34], Docks:1, [Shipment18(1,true), Shipment19(3,true), Shipment20(2,true), Shipment25(3,false), Shipment3(1,true), Shipment21(1,true), Shipment13(2,true), Shipment26(2,true), Shipment22(3,true), Shipment8(1,true)]
WareHouse 2, [74, 52], Docks:1, [Shipment26(2,true), Shipment19(3,true), Shipment27(2,true), Shipment5(2,true), Shipment20(2,true), Shipment18(1,true), Shipment4(3,true), Shipment7(2,true)]
WareHouse 3, [38, 14], Docks:1, [Shipment23(1,true), Shipment24(1,true), Shipment10(2,true), Shipment9(1,true), Shipment2(2,true), Shipment11(2,true)]
Shipment 1, Source:3, Going:2, Size:3, In Truck: 1
Shipment 2, Source:2, Going:3, Size:2, In Truck: 1
Shipment 3, Source:2, Going:1, Size:1, In Truck: 1
Shipment 4, Source:3, Going:2, Size:3, In Truck: 1
Shipment 5, Source:3, Going:2, Size:2 In Warehouse: 2
Shipment 6, Source:3, Going:2, Size:2, In Truck: 3
Shipment 7, Source:1, Going:2, Size:2, In Truck: 3
Shipment 8, Source:3, Going:1, Size:1, In Truck: 3
Shipment 9, Source:2, Going:3, Size:1, In Truck: 3
Shipment 10, Source:1, Going:3, Size:2 In Warehouse: 3
Shipment 11, Source:2, Going:3, Size:2, In Truck: 5
Shipment 12, Source:1, Going:3, Size:1 In Warehouse: 1
Shipment 13, Source:3, Going:1, Size:2 In Warehouse: 1
Shipment 14, Source:1, Going:2, Size:3 In Warehouse: 1
Shipment 15, Source:2, Going:1, Size:3 In Warehouse: 2
Shipment 16, Source:1, Going:2, Size:3 In Warehouse: 1
Shipment 17, Source:3, Going:2, Size:1, In Truck: 7
Shipment 18, Source:1, Going:2, Size:1, In Truck: 7
Shipment 19, Source:1, Going:2, Size:3 In Warehouse: 2
Shipment 20, Source:1, Going:2, Size:2 In Warehouse: 2
Shipment 21, Source:2, Going:1, Size:1 In Warehouse: 1
Shipment 22, Source:3, Going:1, Size:3 In Warehouse: 1
Shipment 23, Source:2, Going:3, Size:1 In Warehouse: 3
Shipment 24, Source:2, Going:3, Size:1 In Warehouse: 3
Shipment 25, Source:1, Going:2, Size:3 In Warehouse: 1
Shipment 26, Source:2, Going:1, Size:2 In Warehouse: 1
Shipment 27, Source:3, Going:2, Size:2 In Warehouse: 2
Cycle: 205
Truck 1, [74,48] , Cargo:3/4, Speed:2
 (Id 1 Source: 3, Going: 2, Size:3)
Truck 3, [74,50] , Cargo:2/4, Speed:2
 (Id 6 Source: 3, Going: 2, Size:2)
Truck 5, [66,14] , Cargo:0/5, Speed:1
Truck 7, [74,44] , Cargo:1/5, Speed:1
 (Id 17 Source: 3, Going: 2, Size:1)
WareHouse 1, [82, 34], Docks:1, [Shipment18(1,true), Shipment19(3,true), Shipment20(2,true), Shipment25(3,false), Shipment3(1,true), Shipment21(1,true), Shipment13(2,true), Shipment26(2,true), Shipment22(3,true), Shipment8(1,true)]
WareHouse 2, [74, 52], Docks:1, [Shipment26(2,true), Shipment19(3,true), Shipment27(2,true), Shipment5(2,true), Shipment20(2,true), Shipment18(1,true), Shipment4(3,true), Shipment7(2,true)]
WareHouse 3, [38, 14], Docks:1, [Shipment23(1,true), Shipment24(1,true), Shipment10(2,true), Shipment9(1,true), Shipment2(2,true), Shipment11(2,true)]
Shipment 1, Source:3, Going:2, Size:3, In Truck: 1
Shipment 2, Source:2, Going:3, Size:2, In Truck: 1
Shipment 3, Source:2, Going:1, Size:1, In Truck: 1
Shipment 4, Source:3, Going:2, Size:3, In Truck: 1
Shipment 5, Source:3, Going:2, Size:2 In Warehouse: 2
Shipment 6, Source:3, Going:2, Size:2, In Truck: 3
Shipment 7, Source:1, Going:2, Size:2, In Truck: 3
Shipment 8, Source:3, Going:1, Size:1, In Truck: 3
Shipment 9, Source:2, Going:3, Size:1, In Truck: 3
Shipment 10, Source:1, Going:3, Size:2 In Warehouse: 3
Shipment 11, Source:2, Going:3, Size:2, In Truck: 5
Shipment 12, Source:1, Going:3, Size:1 In Warehouse: 1
Shipment 13, Source:3, Going:1, Size:2 In Warehouse: 1
Shipment 14, Source:1, Going:2, Size:3 In Warehouse: 1
Shipment 15, Source:2, Going:1, Size:3 In Warehouse: 2
Shipment 16, Source:1, Going:2, Size:3 In Warehouse: 1
Shipment 17, Source:3, Going:2, Size:1, In Truck: 7
Shipment 18, Source:1, Going:2, Size:1, In Truck: 7
Shipment 19, Source:1, Going:2, Size:3 In Warehouse: 2
Shipment 20, Source:1, Going:2, Size:2 In Warehouse: 2
Shipment 21, Source:2, Going:1, Size:1 In Warehouse: 1
Shipment 22, Source:3, Going:1, Size:3 In Warehouse: 1
Shipment 23, Source:2, Going:3, Size:1 In Warehouse: 3
Shipment 24, Source:2, Going:3, Size:1 In Warehouse: 3
Shipment 25, Source:1, Going:2, Size:3 In Warehouse: 1
Shipment 26, Source:2, Going:1, Size:2 In Warehouse: 1
Shipment 27, Source:3, Going:2, Size:2 In Warehouse: 2
Cycle: 206
Truck 1, [74,50] , Cargo:3/4, Speed:2
 (Id 1 Source: 3, Going: 2, Size:3)
Truck 3, [74,52] , Cargo:2/4, Speed:2
 (Id 6 Source: 3, Going: 2, Size:2)
Truck 5, [67,14] , Cargo:0/5, Speed:1
Truck 7, [74,45] , Cargo:1/5, Speed:1
 (Id 17 Source: 3, Going: 2, Size:1)
WareHouse 1, [82, 34], Docks:1, [Shipment18(1,true), Shipment19(3,true), Shipment20(2,true), Shipment25(3,false), Shipment3(1,true), Shipment21(1,true), Shipment13(2,true), Shipment26(2,true), Shipment22(3,true), Shipment8(1,true)]
WareHouse 2, [74, 52], Docks:1, [Shipment26(2,true), Shipment19(3,true), Shipment27(2,true), Shipment5(2,true), Shipment20(2,true), Shipment18(1,true), Shipment4(3,true), Shipment7(2,true)]
WareHouse 3, [38, 14], Docks:1, [Shipment23(1,true), Shipment24(1,true), Shipment10(2,true), Shipment9(1,true), Shipment2(2,true), Shipment11(2,true)]
Shipment 1, Source:3, Going:2, Size:3, In Truck: 1
Shipment 2, Source:2, Going:3, Size:2, In Truck: 1
Shipment 3, Source:2, Going:1, Size:1, In Truck: 1
Shipment 4, Source:3, Going:2, Size:3, In Truck: 1
Shipment 5, Source:3, Going:2, Size:2 In Warehouse: 2
Shipment 6, Source:3, Going:2, Size:2, In Truck: 3
Shipment 7, Source:1, Going:2, Size:2, In Truck: 3
Shipment 8, Source:3, Going:1, Size:1, In Truck: 3
Shipment 9, Source:2, Going:3, Size:1, In Truck: 3
Shipment 10, Source:1, Going:3, Size:2 In Warehouse: 3
Shipment 11, Source:2, Going:3, Size:2, In Truck: 5
Shipment 12, Source:1, Going:3, Size:1 In Warehouse: 1
Shipment 13, Source:3, Going:1, Size:2 In Warehouse: 1
Shipment 14, Source:1, Going:2, Size:3 In Warehouse: 1
Shipment 15, Source:2, Going:1, Size:3 In Warehouse: 2
Shipment 16, Source:1, Going:2, Size:3 In Warehouse: 1
Shipment 17, Source:3, Going:2, Size:1, In Truck: 7
Shipment 18, Source:1, Going:2, Size:1, In Truck: 7
Shipment 19, Source:1, Going:2, Size:3 In Warehouse: 2
Shipment 20, Source:1, Going:2, Size:2 In Warehouse: 2
Shipment 21, Source:2, Going:1, Size:1 In Warehouse: 1
Shipment 22, Source:3, Going:1, Size:3 In Warehouse: 1
Shipment 23, Source:2, Going:3, Size:1 In Warehouse: 3
Shipment 24, Source:2, Going:3, Size:1 In Warehouse: 3
Shipment 25, Source:1, Going:2, Size:3 In Warehouse: 1
Shipment 26, Source:2, Going:1, Size:2 In Warehouse: 1
Shipment 27, Source:3, Going:2, Size:2 In Warehouse: 2
Cycle: 207
Truck 1, [74,52] , Cargo:3/4, Speed:2
 (Id 1 Source: 3, Going: 2, Size:3)
Truck 3, [74,52] , Cargo:2/4, Speed:2
 (Id 6 Source: 3, Going: 2, Size:2)
Truck 5, [68,14] , Cargo:0/5, Speed:1
Truck 7, [74,46] , Cargo:1/5, Speed:1
 (Id 17 Source: 3, Going: 2, Size:1)
WareHouse 1, [82, 34], Docks:1, [Shipment18(1,true), Shipment19(3,true), Shipment20(2,true), Shipment25(3,false), Shipment3(1,true), Shipment21(1,true), Shipment13(2,true), Shipment26(2,true), Shipment22(3,true), Shipment8(1,true)]
WareHouse 2, [74, 52], Docks:1, [Shipment26(2,true), Shipment19(3,true), Shipment27(2,true), Shipment5(2,true), Shipment20(2,true), Shipment18(1,true), Shipment4(3,true), Shipment7(2,true)]
WareHouse 3, [38, 14], Docks:1, [Shipment23(1,true), Shipment24(1,true), Shipment10(2,true), Shipment9(1,true), Shipment2(2,true), Shipment11(2,true)]
Shipment 1, Source:3, Going:2, Size:3, In Truck: 1
Shipment 2, Source:2, Going:3, Size:2, In Truck: 1
Shipment 3, Source:2, Going:1, Size:1, In Truck: 1
Shipment 4, Source:3, Going:2, Size:3, In Truck: 1
Shipment 5, Source:3, Going:2, Size:2 In Warehouse: 2
Shipment 6, Source:3, Going:2, Size:2, In Truck: 3
Shipment 7, Source:1, Going:2, Size:2, In Truck: 3
Shipment 8, Source:3, Going:1, Size:1, In Truck: 3
Shipment 9, Source:2, Going:3, Size:1, In Truck: 3
Shipment 10, Source:1, Going:3, Size:2 In Warehouse: 3
Shipment 11, Source:2, Going:3, Size:2, In Truck: 5
Shipment 12, Source:1, Going:3, Size:1 In Warehouse: 1
Shipment 13, Source:3, Going:1, Size:2 In Warehouse: 1
Shipment 14, Source:1, Going:2, Size:3 In Warehouse: 1
Shipment 15, Source:2, Going:1, Size:3 In Warehouse: 2
Shipment 16, Source:1, Going:2, Size:3 In Warehouse: 1
Shipment 17, Source:3, Going:2, Size:1, In Truck: 7
Shipment 18, Source:1, Going:2, Size:1, In Truck: 7
Shipment 19, Source:1, Going:2, Size:3 In Warehouse: 2
Shipment 20, Source:1, Going:2, Size:2 In Warehouse: 2
Shipment 21, Source:2, Going:1, Size:1 In Warehouse: 1
Shipment 22, Source:3, Going:1, Size:3 In Warehouse: 1
Shipment 23, Source:2, Going:3, Size:1 In Warehouse: 3
Shipment 24, Source:2, Going:3, Size:1 In Warehouse: 3
Shipment 25, Source:1, Going:2, Size:3 In Warehouse: 1
Shipment 26, Source:2, Going:1, Size:2 In Warehouse: 1
Shipment 27, Source:3, Going:2, Size:2 In Warehouse: 2
Cycle: 208
Truck 1, [74,52] , Cargo:3/4, Speed:2
 (Id 1 Source: 3, Going: 2, Size:3)
Truck 3, [74,52] , Cargo:2/4, Speed:2
 (Id 6 Source: 3, Going: 2, Size:2)
Truck 5, [69,14] , Cargo:0/5, Speed:1
Truck 7, [74,47] , Cargo:1/5, Speed:1
 (Id 17 Source: 3, Going: 2, Size:1)
WareHouse 1, [82, 34], Docks:1, [Shipment18(1,true), Shipment19(3,true), Shipment20(2,true), Shipment25(3,false), Shipment3(1,true), Shipment21(1,true), Shipment13(2,true), Shipment26(2,true), Shipment22(3,true), Shipment8(1,true)]
WareHouse 2, [74, 52], Docks:1, [Shipment26(2,true), Shipment19(3,true), Shipment27(2,true), Shipment5(2,true), Shipment20(2,true), Shipment18(1,true), Shipment4(3,true), Shipment7(2,true)]
WareHouse 3, [38, 14], Docks:1, [Shipment23(1,true), Shipment24(1,true), Shipment10(2,true), Shipment9(1,true), Shipment2(2,true), Shipment11(2,true)]
Shipment 1, Source:3, Going:2, Size:3, In Truck: 1
Shipment 2, Source:2, Going:3, Size:2, In Truck: 1
Shipment 3, Source:2, Going:1, Size:1, In Truck: 1
Shipment 4, Source:3, Going:2, Size:3, In Truck: 1
Shipment 5, Source:3, Going:2, Size:2 In Warehouse: 2
Shipment 6, Source:3, Going:2, Size:2, In Truck: 3
Shipment 7, Source:1, Going:2, Size:2, In Truck: 3
Shipment 8, Source:3, Going:1, Size:1, In Truck: 3
Shipment 9, Source:2, Going:3, Size:1, In Truck: 3
Shipment 10, Source:1, Going:3, Size:2 In Warehouse: 3
Shipment 11, Source:2, Going:3, Size:2, In Truck: 5
Shipment 12, Source:1, Going:3, Size:1 In Warehouse: 1
Shipment 13, Source:3, Going:1, Size:2 In Warehouse: 1
Shipment 14, Source:1, Going:2, Size:3 In Warehouse: 1
Shipment 15, Source:2, Going:1, Size:3 In Warehouse: 2
Shipment 16, Source:1, Going:2, Size:3 In Warehouse: 1
Shipment 17, Source:3, Going:2, Size:1, In Truck: 7
Shipment 18, Source:1, Going:2, Size:1, In Truck: 7
Shipment 19, Source:1, Going:2, Size:3 In Warehouse: 2
Shipment 20, Source:1, Going:2, Size:2 In Warehouse: 2
Shipment 21, Source:2, Going:1, Size:1 In Warehouse: 1
Shipment 22, Source:3, Going:1, Size:3 In Warehouse: 1
Shipment 23, Source:2, Going:3, Size:1 In Warehouse: 3
Shipment 24, Source:2, Going:3, Size:1 In Warehouse: 3
Shipment 25, Source:1, Going:2, Size:3 In Warehouse: 1
Shipment 26, Source:2, Going:1, Size:2 In Warehouse: 1
Shipment 27, Source:3, Going:2, Size:2 In Warehouse: 2
Cycle: 209
Truck 1, [74,52] , Cargo:3/4, Speed:2
 (Id 1 Source: 3, Going: 2, Size:3)
Truck 5, [70,14] , Cargo:0/5, Speed:1
Truck 7, [74,48] , Cargo:1/5, Speed:1
 (Id 17 Source: 3, Going: 2, Size:1)
WareHouse 1, [82, 34], Docks:1, [Shipment18(1,true), Shipment19(3,true), Shipment20(2,true), Shipment25(3,false), Shipment3(1,true), Shipment21(1,true), Shipment13(2,true), Shipment26(2,true), Shipment22(3,true), Shipment8(1,true)]
WareHouse 2, [74, 52], Docks:1, [Shipment26(2,true), Shipment19(3,true), Shipment27(2,true), Shipment5(2,true), Shipment20(2,true), Shipment18(1,true), Shipment4(3,true), Shipment7(2,true), Shipment6(2,true)]
WareHouse 3, [38, 14], Docks:1, [Shipment23(1,true), Shipment24(1,true), Shipment10(2,true), Shipment9(1,true), Shipment2(2,true), Shipment11(2,true)]
Shipment 1, Source:3, Going:2, Size:3, In Truck: 1
Shipment 2, Source:2, Going:3, Size:2, In Truck: 1
Shipment 3, Source:2, Going:1, Size:1, In Truck: 1
Shipment 4, Source:3, Going:2, Size:3, In Truck: 1
Shipment 5, Source:3, Going:2, Size:2 In Warehouse: 2
Shipment 6, Source:3, Going:2, Size:2 In Warehouse: 2
Shipment 7, Source:1, Going:2, Size:2 In Warehouse: 2
Shipment 8, Source:3, Going:1, Size:1 In Warehouse: 1
Shipment 9, Source:2, Going:3, Size:1 In Warehouse: 3
Shipment 10, Source:1, Going:3, Size:2 In Warehouse: 3
Shipment 11, Source:2, Going:3, Size:2, In Truck: 5
Shipment 12, Source:1, Going:3, Size:1 In Warehouse: 1
Shipment 13, Source:3, Going:1, Size:2 In Warehouse: 1
Shipment 14, Source:1, Going:2, Size:3 In Warehouse: 1
Shipment 15, Source:2, Going:1, Size:3 In Warehouse: 2
Shipment 16, Source:1, Going:2, Size:3 In Warehouse: 1
Shipment 17, Source:3, Going:2, Size:1, In Truck: 7
Shipment 18, Source:1, Going:2, Size:1, In Truck: 7
Shipment 19, Source:1, Going:2, Size:3 In Warehouse: 2
Shipment 20, Source:1, Going:2, Size:2 In Warehouse: 2
Shipment 21, Source:2, Going:1, Size:1 In Warehouse: 1
Shipment 22, Source:3, Going:1, Size:3 In Warehouse: 1
Shipment 23, Source:2, Going:3, Size:1 In Warehouse: 3
Shipment 24, Source:2, Going:3, Size:1 In Warehouse: 3
Shipment 25, Source:1, Going:2, Size:3 In Warehouse: 1
Shipment 26, Source:2, Going:1, Size:2 In Warehouse: 1
Shipment 27, Source:3, Going:2, Size:2 In Warehouse: 2
Cycle: 210
Truck 1, [74,52] , Cargo:3/4, Speed:2
 (Id 1 Source: 3, Going: 2, Size:3)
Truck 5, [71,14] , Cargo:0/5, Speed:1
Truck 7, [74,49] , Cargo:1/5, Speed:1
 (Id 17 Source: 3, Going: 2, Size:1)
WareHouse 1, [82, 34], Docks:1, [Shipment18(1,true), Shipment19(3,true), Shipment20(2,true), Shipment25(3,false), Shipment3(1,true), Shipment21(1,true), Shipment13(2,true), Shipment26(2,true), Shipment22(3,true), Shipment8(1,true)]
WareHouse 2, [74, 52], Docks:1, [Shipment26(2,true), Shipment19(3,true), Shipment27(2,true), Shipment5(2,true), Shipment20(2,true), Shipment18(1,true), Shipment4(3,true), Shipment7(2,true), Shipment6(2,true)]
WareHouse 3, [38, 14], Docks:1, [Shipment23(1,true), Shipment24(1,true), Shipment10(2,true), Shipment9(1,true), Shipment2(2,true), Shipment11(2,true)]
Shipment 1, Source:3, Going:2, Size:3, In Truck: 1
Shipment 2, Source:2, Going:3, Size:2, In Truck: 1
Shipment 3, Source:2, Going:1, Size:1, In Truck: 1
Shipment 4, Source:3, Going:2, Size:3, In Truck: 1
Shipment 5, Source:3, Going:2, Size:2 In Warehouse: 2
Shipment 6, Source:3, Going:2, Size:2 In Warehouse: 2
Shipment 7, Source:1, Going:2, Size:2 In Warehouse: 2
Shipment 8, Source:3, Going:1, Size:1 In Warehouse: 1
Shipment 9, Source:2, Going:3, Size:1 In Warehouse: 3
Shipment 10, Source:1, Going:3, Size:2 In Warehouse: 3
Shipment 11, Source:2, Going:3, Size:2, In Truck: 5
Shipment 12, Source:1, Going:3, Size:1 In Warehouse: 1
Shipment 13, Source:3, Going:1, Size:2 In Warehouse: 1
Shipment 14, Source:1, Going:2, Size:3 In Warehouse: 1
Shipment 15, Source:2, Going:1, Size:3 In Warehouse: 2
Shipment 16, Source:1, Going:2, Size:3 In Warehouse: 1
Shipment 17, Source:3, Going:2, Size:1, In Truck: 7
Shipment 18, Source:1, Going:2, Size:1, In Truck: 7
Shipment 19, Source:1, Going:2, Size:3 In Warehouse: 2
Shipment 20, Source:1, Going:2, Size:2 In Warehouse: 2
Shipment 21, Source:2, Going:1, Size:1 In Warehouse: 1
Shipment 22, Source:3, Going:1, Size:3 In Warehouse: 1
Shipment 23, Source:2, Going:3, Size:1 In Warehouse: 3
Shipment 24, Source:2, Going:3, Size:1 In Warehouse: 3
Shipment 25, Source:1, Going:2, Size:3 In Warehouse: 1
Shipment 26, Source:2, Going:1, Size:2 In Warehouse: 1
Shipment 27, Source:3, Going:2, Size:2 In Warehouse: 2
Cycle: 211
Truck 5, [72,14] , Cargo:0/5, Speed:1
Truck 7, [74,50] , Cargo:1/5, Speed:1
 (Id 17 Source: 3, Going: 2, Size:1)
WareHouse 1, [82, 34], Docks:1, [Shipment18(1,true), Shipment19(3,true), Shipment20(2,true), Shipment25(3,false), Shipment3(1,true), Shipment21(1,true), Shipment13(2,true), Shipment26(2,true), Shipment22(3,true), Shipment8(1,true)]
WareHouse 2, [74, 52], Docks:1, [Shipment26(2,true), Shipment19(3,true), Shipment27(2,true), Shipment5(2,true), Shipment20(2,true), Shipment18(1,true), Shipment4(3,true), Shipment7(2,true), Shipment6(2,true), Shipment1(3,true)]
WareHouse 3, [38, 14], Docks:1, [Shipment23(1,true), Shipment24(1,true), Shipment10(2,true), Shipment9(1,true), Shipment2(2,true), Shipment11(2,true)]
Shipment 1, Source:3, Going:2, Size:3 In Warehouse: 2
Shipment 2, Source:2, Going:3, Size:2 In Warehouse: 3
Shipment 3, Source:2, Going:1, Size:1 In Warehouse: 1
Shipment 4, Source:3, Going:2, Size:3 In Warehouse: 2
Shipment 5, Source:3, Going:2, Size:2 In Warehouse: 2
Shipment 6, Source:3, Going:2, Size:2 In Warehouse: 2
Shipment 7, Source:1, Going:2, Size:2 In Warehouse: 2
Shipment 8, Source:3, Going:1, Size:1 In Warehouse: 1
Shipment 9, Source:2, Going:3, Size:1 In Warehouse: 3
Shipment 10, Source:1, Going:3, Size:2 In Warehouse: 3
Shipment 11, Source:2, Going:3, Size:2, In Truck: 5
Shipment 12, Source:1, Going:3, Size:1 In Warehouse: 1
Shipment 13, Source:3, Going:1, Size:2 In Warehouse: 1
Shipment 14, Source:1, Going:2, Size:3 In Warehouse: 1
Shipment 15, Source:2, Going:1, Size:3 In Warehouse: 2
Shipment 16, Source:1, Going:2, Size:3 In Warehouse: 1
Shipment 17, Source:3, Going:2, Size:1, In Truck: 7
Shipment 18, Source:1, Going:2, Size:1, In Truck: 7
Shipment 19, Source:1, Going:2, Size:3 In Warehouse: 2
Shipment 20, Source:1, Going:2, Size:2 In Warehouse: 2
Shipment 21, Source:2, Going:1, Size:1 In Warehouse: 1
Shipment 22, Source:3, Going:1, Size:3 In Warehouse: 1
Shipment 23, Source:2, Going:3, Size:1 In Warehouse: 3
Shipment 24, Source:2, Going:3, Size:1 In Warehouse: 3
Shipment 25, Source:1, Going:2, Size:3 In Warehouse: 1
Shipment 26, Source:2, Going:1, Size:2 In Warehouse: 1
Shipment 27, Source:3, Going:2, Size:2 In Warehouse: 2
Cycle: 212
Truck 5, [73,14] , Cargo:0/5, Speed:1
Truck 7, [74,51] , Cargo:1/5, Speed:1
 (Id 17 Source: 3, Going: 2, Size:1)
WareHouse 1, [82, 34], Docks:1, [Shipment18(1,true), Shipment19(3,true), Shipment20(2,true), Shipment25(3,false), Shipment3(1,true), Shipment21(1,true), Shipment13(2,true), Shipment26(2,true), Shipment22(3,true), Shipment8(1,true)]
WareHouse 2, [74, 52], Docks:1, [Shipment26(2,true), Shipment19(3,true), Shipment27(2,true), Shipment5(2,true), Shipment20(2,true), Shipment18(1,true), Shipment4(3,true), Shipment7(2,true), Shipment6(2,true), Shipment1(3,true)]
WareHouse 3, [38, 14], Docks:1, [Shipment23(1,true), Shipment24(1,true), Shipment10(2,true), Shipment9(1,true), Shipment2(2,true), Shipment11(2,true)]
Shipment 1, Source:3, Going:2, Size:3 In Warehouse: 2
Shipment 2, Source:2, Going:3, Size:2 In Warehouse: 3
Shipment 3, Source:2, Going:1, Size:1 In Warehouse: 1
Shipment 4, Source:3, Going:2, Size:3 In Warehouse: 2
Shipment 5, Source:3, Going:2, Size:2 In Warehouse: 2
Shipment 6, Source:3, Going:2, Size:2 In Warehouse: 2
Shipment 7, Source:1, Going:2, Size:2 In Warehouse: 2
Shipment 8, Source:3, Going:1, Size:1 In Warehouse: 1
Shipment 9, Source:2, Going:3, Size:1 In Warehouse: 3
Shipment 10, Source:1, Going:3, Size:2 In Warehouse: 3
Shipment 11, Source:2, Going:3, Size:2, In Truck: 5
Shipment 12, Source:1, Going:3, Size:1 In Warehouse: 1
Shipment 13, Source:3, Going:1, Size:2 In Warehouse: 1
Shipment 14, Source:1, Going:2, Size:3 In Warehouse: 1
Shipment 15, Source:2, Going:1, Size:3 In Warehouse: 2
Shipment 16, Source:1, Going:2, Size:3 In Warehouse: 1
Shipment 17, Source:3, Going:2, Size:1, In Truck: 7
Shipment 18, Source:1, Going:2, Size:1, In Truck: 7
Shipment 19, Source:1, Going:2, Size:3 In Warehouse: 2
Shipment 20, Source:1, Going:2, Size:2 In Warehouse: 2
Shipment 21, Source:2, Going:1, Size:1 In Warehouse: 1
Shipment 22, Source:3, Going:1, Size:3 In Warehouse: 1
Shipment 23, Source:2, Going:3, Size:1 In Warehouse: 3
Shipment 24, Source:2, Going:3, Size:1 In Warehouse: 3
Shipment 25, Source:1, Going:2, Size:3 In Warehouse: 1
Shipment 26, Source:2, Going:1, Size:2 In Warehouse: 1
Shipment 27, Source:3, Going:2, Size:2 In Warehouse: 2
Cycle: 213
Truck 5, [74,14] , Cargo:0/5, Speed:1
Truck 7, [74,52] , Cargo:1/5, Speed:1
 (Id 17 Source: 3, Going: 2, Size:1)
WareHouse 1, [82, 34], Docks:1, [Shipment18(1,true), Shipment19(3,true), Shipment20(2,true), Shipment25(3,false), Shipment3(1,true), Shipment21(1,true), Shipment13(2,true), Shipment26(2,true), Shipment22(3,true), Shipment8(1,true)]
WareHouse 2, [74, 52], Docks:1, [Shipment26(2,true), Shipment19(3,true), Shipment27(2,true), Shipment5(2,true), Shipment20(2,true), Shipment18(1,true), Shipment4(3,true), Shipment7(2,true), Shipment6(2,true), Shipment1(3,true)]
WareHouse 3, [38, 14], Docks:1, [Shipment23(1,true), Shipment24(1,true), Shipment10(2,true), Shipment9(1,true), Shipment2(2,true), Shipment11(2,true)]
Shipment 1, Source:3, Going:2, Size:3 In Warehouse: 2
Shipment 2, Source:2, Going:3, Size:2 In Warehouse: 3
Shipment 3, Source:2, Going:1, Size:1 In Warehouse: 1
Shipment 4, Source:3, Going:2, Size:3 In Warehouse: 2
Shipment 5, Source:3, Going:2, Size:2 In Warehouse: 2
Shipment 6, Source:3, Going:2, Size:2 In Warehouse: 2
Shipment 7, Source:1, Going:2, Size:2 In Warehouse: 2
Shipment 8, Source:3, Going:1, Size:1 In Warehouse: 1
Shipment 9, Source:2, Going:3, Size:1 In Warehouse: 3
Shipment 10, Source:1, Going:3, Size:2 In Warehouse: 3
Shipment 11, Source:2, Going:3, Size:2, In Truck: 5
Shipment 12, Source:1, Going:3, Size:1 In Warehouse: 1
Shipment 13, Source:3, Going:1, Size:2 In Warehouse: 1
Shipment 14, Source:1, Going:2, Size:3 In Warehouse: 1
Shipment 15, Source:2, Going:1, Size:3 In Warehouse: 2
Shipment 16, Source:1, Going:2, Size:3 In Warehouse: 1
Shipment 17, Source:3, Going:2, Size:1, In Truck: 7
Shipment 18, Source:1, Going:2, Size:1, In Truck: 7
Shipment 19, Source:1, Going:2, Size:3 In Warehouse: 2
Shipment 20, Source:1, Going:2, Size:2 In Warehouse: 2
Shipment 21, Source:2, Going:1, Size:1 In Warehouse: 1
Shipment 22, Source:3, Going:1, Size:3 In Warehouse: 1
Shipment 23, Source:2, Going:3, Size:1 In Warehouse: 3
Shipment 24, Source:2, Going:3, Size:1 In Warehouse: 3
Shipment 25, Source:1, Going:2, Size:3 In Warehouse: 1
Shipment 26, Source:2, Going:1, Size:2 In Warehouse: 1
Shipment 27, Source:3, Going:2, Size:2 In Warehouse: 2
Cycle: 214
Truck 5, [75,14] , Cargo:0/5, Speed:1
Truck 7, [74,52] , Cargo:1/5, Speed:1
 (Id 17 Source: 3, Going: 2, Size:1)
WareHouse 1, [82, 34], Docks:1, [Shipment18(1,true), Shipment19(3,true), Shipment20(2,true), Shipment25(3,false), Shipment3(1,true), Shipment21(1,true), Shipment13(2,true), Shipment26(2,true), Shipment22(3,true), Shipment8(1,true)]
WareHouse 2, [74, 52], Docks:1, [Shipment26(2,true), Shipment19(3,true), Shipment27(2,true), Shipment5(2,true), Shipment20(2,true), Shipment18(1,true), Shipment4(3,true), Shipment7(2,true), Shipment6(2,true), Shipment1(3,true)]
WareHouse 3, [38, 14], Docks:1, [Shipment23(1,true), Shipment24(1,true), Shipment10(2,true), Shipment9(1,true), Shipment2(2,true), Shipment11(2,true)]
Shipment 1, Source:3, Going:2, Size:3 In Warehouse: 2
Shipment 2, Source:2, Going:3, Size:2 In Warehouse: 3
Shipment 3, Source:2, Going:1, Size:1 In Warehouse: 1
Shipment 4, Source:3, Going:2, Size:3 In Warehouse: 2
Shipment 5, Source:3, Going:2, Size:2 In Warehouse: 2
Shipment 6, Source:3, Going:2, Size:2 In Warehouse: 2
Shipment 7, Source:1, Going:2, Size:2 In Warehouse: 2
Shipment 8, Source:3, Going:1, Size:1 In Warehouse: 1
Shipment 9, Source:2, Going:3, Size:1 In Warehouse: 3
Shipment 10, Source:1, Going:3, Size:2 In Warehouse: 3
Shipment 11, Source:2, Going:3, Size:2, In Truck: 5
Shipment 12, Source:1, Going:3, Size:1 In Warehouse: 1
Shipment 13, Source:3, Going:1, Size:2 In Warehouse: 1
Shipment 14, Source:1, Going:2, Size:3 In Warehouse: 1
Shipment 15, Source:2, Going:1, Size:3 In Warehouse: 2
Shipment 16, Source:1, Going:2, Size:3 In Warehouse: 1
Shipment 17, Source:3, Going:2, Size:1, In Truck: 7
Shipment 18, Source:1, Going:2, Size:1, In Truck: 7
Shipment 19, Source:1, Going:2, Size:3 In Warehouse: 2
Shipment 20, Source:1, Going:2, Size:2 In Warehouse: 2
Shipment 21, Source:2, Going:1, Size:1 In Warehouse: 1
Shipment 22, Source:3, Going:1, Size:3 In Warehouse: 1
Shipment 23, Source:2, Going:3, Size:1 In Warehouse: 3
Shipment 24, Source:2, Going:3, Size:1 In Warehouse: 3
Shipment 25, Source:1, Going:2, Size:3 In Warehouse: 1
Shipment 26, Source:2, Going:1, Size:2 In Warehouse: 1
Shipment 27, Source:3, Going:2, Size:2 In Warehouse: 2
Cycle: 215
Truck 5, [76,14] , Cargo:0/5, Speed:1
WareHouse 1, [82, 34], Docks:1, [Shipment18(1,true), Shipment19(3,true), Shipment20(2,true), Shipment25(3,false), Shipment3(1,true), Shipment21(1,true), Shipment13(2,true), Shipment26(2,true), Shipment22(3,true), Shipment8(1,true)]
WareHouse 2, [74, 52], Docks:1, [Shipment26(2,true), Shipment19(3,true), Shipment27(2,true), Shipment5(2,true), Shipment20(2,true), Shipment18(1,true), Shipment4(3,true), Shipment7(2,true), Shipment6(2,true), Shipment1(3,true), Shipment17(1,true)]
WareHouse 3, [38, 14], Docks:1, [Shipment23(1,true), Shipment24(1,true), Shipment10(2,true), Shipment9(1,true), Shipment2(2,true), Shipment11(2,true)]
Shipment 1, Source:3, Going:2, Size:3 In Warehouse: 2
Shipment 2, Source:2, Going:3, Size:2 In Warehouse: 3
Shipment 3, Source:2, Going:1, Size:1 In Warehouse: 1
Shipment 4, Source:3, Going:2, Size:3 In Warehouse: 2
Shipment 5, Source:3, Going:2, Size:2 In Warehouse: 2
Shipment 6, Source:3, Going:2, Size:2 In Warehouse: 2
Shipment 7, Source:1, Going:2, Size:2 In Warehouse: 2
Shipment 8, Source:3, Going:1, Size:1 In Warehouse: 1
Shipment 9, Source:2, Going:3, Size:1 In Warehouse: 3
Shipment 10, Source:1, Going:3, Size:2 In Warehouse: 3
Shipment 11, Source:2, Going:3, Size:2, In Truck: 5
Shipment 12, Source:1, Going:3, Size:1 In Warehouse: 1
Shipment 13, Source:3, Going:1, Size:2 In Warehouse: 1
Shipment 14, Source:1, Going:2, Size:3 In Warehouse: 1
Shipment 15, Source:2, Going:1, Size:3 In Warehouse: 2
Shipment 16, Source:1, Going:2, Size:3 In Warehouse: 1
Shipment 17, Source:3, Going:2, Size:1 In Warehouse: 2
Shipment 18, Source:1, Going:2, Size:1 In Warehouse: 2
Shipment 19, Source:1, Going:2, Size:3 In Warehouse: 2
Shipment 20, Source:1, Going:2, Size:2 In Warehouse: 2
Shipment 21, Source:2, Going:1, Size:1 In Warehouse: 1
Shipment 22, Source:3, Going:1, Size:3 In Warehouse: 1
Shipment 23, Source:2, Going:3, Size:1 In Warehouse: 3
Shipment 24, Source:2, Going:3, Size:1 In Warehouse: 3
Shipment 25, Source:1, Going:2, Size:3 In Warehouse: 1
Shipment 26, Source:2, Going:1, Size:2 In Warehouse: 1
Shipment 27, Source:3, Going:2, Size:2 In Warehouse: 2
Cycle: 216
Truck 5, [77,14] , Cargo:0/5, Speed:1
WareHouse 1, [82, 34], Docks:1, [Shipment18(1,true), Shipment19(3,true), Shipment20(2,true), Shipment25(3,false), Shipment3(1,true), Shipment21(1,true), Shipment13(2,true), Shipment26(2,true), Shipment22(3,true), Shipment8(1,true)]
WareHouse 2, [74, 52], Docks:1, [Shipment26(2,true), Shipment19(3,true), Shipment27(2,true), Shipment5(2,true), Shipment20(2,true), Shipment18(1,true), Shipment4(3,true), Shipment7(2,true), Shipment6(2,true), Shipment1(3,true), Shipment17(1,true)]
WareHouse 3, [38, 14], Docks:1, [Shipment23(1,true), Shipment24(1,true), Shipment10(2,true), Shipment9(1,true), Shipment2(2,true), Shipment11(2,true)]
Shipment 1, Source:3, Going:2, Size:3 In Warehouse: 2
Shipment 2, Source:2, Going:3, Size:2 In Warehouse: 3
Shipment 3, Source:2, Going:1, Size:1 In Warehouse: 1
Shipment 4, Source:3, Going:2, Size:3 In Warehouse: 2
Shipment 5, Source:3, Going:2, Size:2 In Warehouse: 2
Shipment 6, Source:3, Going:2, Size:2 In Warehouse: 2
Shipment 7, Source:1, Going:2, Size:2 In Warehouse: 2
Shipment 8, Source:3, Going:1, Size:1 In Warehouse: 1
Shipment 9, Source:2, Going:3, Size:1 In Warehouse: 3
Shipment 10, Source:1, Going:3, Size:2 In Warehouse: 3
Shipment 11, Source:2, Going:3, Size:2, In Truck: 5
Shipment 12, Source:1, Going:3, Size:1 In Warehouse: 1
Shipment 13, Source:3, Going:1, Size:2 In Warehouse: 1
Shipment 14, Source:1, Going:2, Size:3 In Warehouse: 1
Shipment 15, Source:2, Going:1, Size:3 In Warehouse: 2
Shipment 16, Source:1, Going:2, Size:3 In Warehouse: 1
Shipment 17, Source:3, Going:2, Size:1 In Warehouse: 2
Shipment 18, Source:1, Going:2, Size:1 In Warehouse: 2
Shipment 19, Source:1, Going:2, Size:3 In Warehouse: 2
Shipment 20, Source:1, Going:2, Size:2 In Warehouse: 2
Shipment 21, Source:2, Going:1, Size:1 In Warehouse: 1
Shipment 22, Source:3, Going:1, Size:3 In Warehouse: 1
Shipment 23, Source:2, Going:3, Size:1 In Warehouse: 3
Shipment 24, Source:2, Going:3, Size:1 In Warehouse: 3
Shipment 25, Source:1, Going:2, Size:3 In Warehouse: 1
Shipment 26, Source:2, Going:1, Size:2 In Warehouse: 1
Shipment 27, Source:3, Going:2, Size:2 In Warehouse: 2
Cycle: 217
Truck 5, [78,14] , Cargo:0/5, Speed:1
WareHouse 1, [82, 34], Docks:1, [Shipment18(1,true), Shipment19(3,true), Shipment20(2,true), Shipment25(3,false), Shipment3(1,true), Shipment21(1,true), Shipment13(2,true), Shipment26(2,true), Shipment22(3,true), Shipment8(1,true)]
WareHouse 2, [74, 52], Docks:1, [Shipment26(2,true), Shipment19(3,true), Shipment27(2,true), Shipment5(2,true), Shipment20(2,true), Shipment18(1,true), Shipment4(3,true), Shipment7(2,true), Shipment6(2,true), Shipment1(3,true), Shipment17(1,true)]
WareHouse 3, [38, 14], Docks:1, [Shipment23(1,true), Shipment24(1,true), Shipment10(2,true), Shipment9(1,true), Shipment2(2,true), Shipment11(2,true)]
Shipment 1, Source:3, Going:2, Size:3 In Warehouse: 2
Shipment 2, Source:2, Going:3, Size:2 In Warehouse: 3
Shipment 3, Source:2, Going:1, Size:1 In Warehouse: 1
Shipment 4, Source:3, Going:2, Size:3 In Warehouse: 2
Shipment 5, Source:3, Going:2, Size:2 In Warehouse: 2
Shipment 6, Source:3, Going:2, Size:2 In Warehouse: 2
Shipment 7, Source:1, Going:2, Size:2 In Warehouse: 2
Shipment 8, Source:3, Going:1, Size:1 In Warehouse: 1
Shipment 9, Source:2, Going:3, Size:1 In Warehouse: 3
Shipment 10, Source:1, Going:3, Size:2 In Warehouse: 3
Shipment 11, Source:2, Going:3, Size:2, In Truck: 5
Shipment 12, Source:1, Going:3, Size:1 In Warehouse: 1
Shipment 13, Source:3, Going:1, Size:2 In Warehouse: 1
Shipment 14, Source:1, Going:2, Size:3 In Warehouse: 1
Shipment 15, Source:2, Going:1, Size:3 In Warehouse: 2
Shipment 16, Source:1, Going:2, Size:3 In Warehouse: 1
Shipment 17, Source:3, Going:2, Size:1 In Warehouse: 2
Shipment 18, Source:1, Going:2, Size:1 In Warehouse: 2
Shipment 19, Source:1, Going:2, Size:3 In Warehouse: 2
Shipment 20, Source:1, Going:2, Size:2 In Warehouse: 2
Shipment 21, Source:2, Going:1, Size:1 In Warehouse: 1
Shipment 22, Source:3, Going:1, Size:3 In Warehouse: 1
Shipment 23, Source:2, Going:3, Size:1 In Warehouse: 3
Shipment 24, Source:2, Going:3, Size:1 In Warehouse: 3
Shipment 25, Source:1, Going:2, Size:3 In Warehouse: 1
Shipment 26, Source:2, Going:1, Size:2 In Warehouse: 1
Shipment 27, Source:3, Going:2, Size:2 In Warehouse: 2
Cycle: 218
Truck 5, [79,14] , Cargo:0/5, Speed:1
WareHouse 1, [82, 34], Docks:1, [Shipment18(1,true), Shipment19(3,true), Shipment20(2,true), Shipment25(3,false), Shipment3(1,true), Shipment21(1,true), Shipment13(2,true), Shipment26(2,true), Shipment22(3,true), Shipment8(1,true)]
WareHouse 2, [74, 52], Docks:1, [Shipment26(2,true), Shipment19(3,true), Shipment27(2,true), Shipment5(2,true), Shipment20(2,true), Shipment18(1,true), Shipment4(3,true), Shipment7(2,true), Shipment6(2,true), Shipment1(3,true), Shipment17(1,true)]
WareHouse 3, [38, 14], Docks:1, [Shipment23(1,true), Shipment24(1,true), Shipment10(2,true), Shipment9(1,true), Shipment2(2,true), Shipment11(2,true)]
Shipment 1, Source:3, Going:2, Size:3 In Warehouse: 2
Shipment 2, Source:2, Going:3, Size:2 In Warehouse: 3
Shipment 3, Source:2, Going:1, Size:1 In Warehouse: 1
Shipment 4, Source:3, Going:2, Size:3 In Warehouse: 2
Shipment 5, Source:3, Going:2, Size:2 In Warehouse: 2
Shipment 6, Source:3, Going:2, Size:2 In Warehouse: 2
Shipment 7, Source:1, Going:2, Size:2 In Warehouse: 2
Shipment 8, Source:3, Going:1, Size:1 In Warehouse: 1
Shipment 9, Source:2, Going:3, Size:1 In Warehouse: 3
Shipment 10, Source:1, Going:3, Size:2 In Warehouse: 3
Shipment 11, Source:2, Going:3, Size:2, In Truck: 5
Shipment 12, Source:1, Going:3, Size:1 In Warehouse: 1
Shipment 13, Source:3, Going:1, Size:2 In Warehouse: 1
Shipment 14, Source:1, Going:2, Size:3 In Warehouse: 1
Shipment 15, Source:2, Going:1, Size:3 In Warehouse: 2
Shipment 16, Source:1, Going:2, Size:3 In Warehouse: 1
Shipment 17, Source:3, Going:2, Size:1 In Warehouse: 2
Shipment 18, Source:1, Going:2, Size:1 In Warehouse: 2
Shipment 19, Source:1, Going:2, Size:3 In Warehouse: 2
Shipment 20, Source:1, Going:2, Size:2 In Warehouse: 2
Shipment 21, Source:2, Going:1, Size:1 In Warehouse: 1
Shipment 22, Source:3, Going:1, Size:3 In Warehouse: 1
Shipment 23, Source:2, Going:3, Size:1 In Warehouse: 3
Shipment 24, Source:2, Going:3, Size:1 In Warehouse: 3
Shipment 25, Source:1, Going:2, Size:3 In Warehouse: 1
Shipment 26, Source:2, Going:1, Size:2 In Warehouse: 1
Shipment 27, Source:3, Going:2, Size:2 In Warehouse: 2
Cycle: 219
Truck 5, [80,14] , Cargo:0/5, Speed:1
WareHouse 1, [82, 34], Docks:1, [Shipment18(1,true), Shipment19(3,true), Shipment20(2,true), Shipment25(3,false), Shipment3(1,true), Shipment21(1,true), Shipment13(2,true), Shipment26(2,true), Shipment22(3,true), Shipment8(1,true)]
WareHouse 2, [74, 52], Docks:1, [Shipment26(2,true), Shipment19(3,true), Shipment27(2,true), Shipment5(2,true), Shipment20(2,true), Shipment18(1,true), Shipment4(3,true), Shipment7(2,true), Shipment6(2,true), Shipment1(3,true), Shipment17(1,true)]
WareHouse 3, [38, 14], Docks:1, [Shipment23(1,true), Shipment24(1,true), Shipment10(2,true), Shipment9(1,true), Shipment2(2,true), Shipment11(2,true)]
Shipment 1, Source:3, Going:2, Size:3 In Warehouse: 2
Shipment 2, Source:2, Going:3, Size:2 In Warehouse: 3
Shipment 3, Source:2, Going:1, Size:1 In Warehouse: 1
Shipment 4, Source:3, Going:2, Size:3 In Warehouse: 2
Shipment 5, Source:3, Going:2, Size:2 In Warehouse: 2
Shipment 6, Source:3, Going:2, Size:2 In Warehouse: 2
Shipment 7, Source:1, Going:2, Size:2 In Warehouse: 2
Shipment 8, Source:3, Going:1, Size:1 In Warehouse: 1
Shipment 9, Source:2, Going:3, Size:1 In Warehouse: 3
Shipment 10, Source:1, Going:3, Size:2 In Warehouse: 3
Shipment 11, Source:2, Going:3, Size:2, In Truck: 5
Shipment 12, Source:1, Going:3, Size:1 In Warehouse: 1
Shipment 13, Source:3, Going:1, Size:2 In Warehouse: 1
Shipment 14, Source:1, Going:2, Size:3 In Warehouse: 1
Shipment 15, Source:2, Going:1, Size:3 In Warehouse: 2
Shipment 16, Source:1, Going:2, Size:3 In Warehouse: 1
Shipment 17, Source:3, Going:2, Size:1 In Warehouse: 2
Shipment 18, Source:1, Going:2, Size:1 In Warehouse: 2
Shipment 19, Source:1, Going:2, Size:3 In Warehouse: 2
Shipment 20, Source:1, Going:2, Size:2 In Warehouse: 2
Shipment 21, Source:2, Going:1, Size:1 In Warehouse: 1
Shipment 22, Source:3, Going:1, Size:3 In Warehouse: 1
Shipment 23, Source:2, Going:3, Size:1 In Warehouse: 3
Shipment 24, Source:2, Going:3, Size:1 In Warehouse: 3
Shipment 25, Source:1, Going:2, Size:3 In Warehouse: 1
Shipment 26, Source:2, Going:1, Size:2 In Warehouse: 1
Shipment 27, Source:3, Going:2, Size:2 In Warehouse: 2
Cycle: 220
Truck 5, [81,14] , Cargo:0/5, Speed:1
WareHouse 1, [82, 34], Docks:1, [Shipment18(1,true), Shipment19(3,true), Shipment20(2,true), Shipment25(3,false), Shipment3(1,true), Shipment21(1,true), Shipment13(2,true), Shipment26(2,true), Shipment22(3,true), Shipment8(1,true)]
WareHouse 2, [74, 52], Docks:1, [Shipment26(2,true), Shipment19(3,true), Shipment27(2,true), Shipment5(2,true), Shipment20(2,true), Shipment18(1,true), Shipment4(3,true), Shipment7(2,true), Shipment6(2,true), Shipment1(3,true), Shipment17(1,true)]
WareHouse 3, [38, 14], Docks:1, [Shipment23(1,true), Shipment24(1,true), Shipment10(2,true), Shipment9(1,true), Shipment2(2,true), Shipment11(2,true)]
Shipment 1, Source:3, Going:2, Size:3 In Warehouse: 2
Shipment 2, Source:2, Going:3, Size:2 In Warehouse: 3
Shipment 3, Source:2, Going:1, Size:1 In Warehouse: 1
Shipment 4, Source:3, Going:2, Size:3 In Warehouse: 2
Shipment 5, Source:3, Going:2, Size:2 In Warehouse: 2
Shipment 6, Source:3, Going:2, Size:2 In Warehouse: 2
Shipment 7, Source:1, Going:2, Size:2 In Warehouse: 2
Shipment 8, Source:3, Going:1, Size:1 In Warehouse: 1
Shipment 9, Source:2, Going:3, Size:1 In Warehouse: 3
Shipment 10, Source:1, Going:3, Size:2 In Warehouse: 3
Shipment 11, Source:2, Going:3, Size:2, In Truck: 5
Shipment 12, Source:1, Going:3, Size:1 In Warehouse: 1
Shipment 13, Source:3, Going:1, Size:2 In Warehouse: 1
Shipment 14, Source:1, Going:2, Size:3 In Warehouse: 1
Shipment 15, Source:2, Going:1, Size:3 In Warehouse: 2
Shipment 16, Source:1, Going:2, Size:3 In Warehouse: 1
Shipment 17, Source:3, Going:2, Size:1 In Warehouse: 2
Shipment 18, Source:1, Going:2, Size:1 In Warehouse: 2
Shipment 19, Source:1, Going:2, Size:3 In Warehouse: 2
Shipment 20, Source:1, Going:2, Size:2 In Warehouse: 2
Shipment 21, Source:2, Going:1, Size:1 In Warehouse: 1
Shipment 22, Source:3, Going:1, Size:3 In Warehouse: 1
Shipment 23, Source:2, Going:3, Size:1 In Warehouse: 3
Shipment 24, Source:2, Going:3, Size:1 In Warehouse: 3
Shipment 25, Source:1, Going:2, Size:3 In Warehouse: 1
Shipment 26, Source:2, Going:1, Size:2 In Warehouse: 1
Shipment 27, Source:3, Going:2, Size:2 In Warehouse: 2
Cycle: 221
Truck 5, [82,14] , Cargo:0/5, Speed:1
WareHouse 1, [82, 34], Docks:1, [Shipment18(1,true), Shipment19(3,true), Shipment20(2,true), Shipment25(3,false), Shipment3(1,true), Shipment21(1,true), Shipment13(2,true), Shipment26(2,true), Shipment22(3,true), Shipment8(1,true)]
WareHouse 2, [74, 52], Docks:1, [Shipment26(2,true), Shipment19(3,true), Shipment27(2,true), Shipment5(2,true), Shipment20(2,true), Shipment18(1,true), Shipment4(3,true), Shipment7(2,true), Shipment6(2,true), Shipment1(3,true), Shipment17(1,true)]
WareHouse 3, [38, 14], Docks:1, [Shipment23(1,true), Shipment24(1,true), Shipment10(2,true), Shipment9(1,true), Shipment2(2,true), Shipment11(2,true)]
Shipment 1, Source:3, Going:2, Size:3 In Warehouse: 2
Shipment 2, Source:2, Going:3, Size:2 In Warehouse: 3
Shipment 3, Source:2, Going:1, Size:1 In Warehouse: 1
Shipment 4, Source:3, Going:2, Size:3 In Warehouse: 2
Shipment 5, Source:3, Going:2, Size:2 In Warehouse: 2
Shipment 6, Source:3, Going:2, Size:2 In Warehouse: 2
Shipment 7, Source:1, Going:2, Size:2 In Warehouse: 2
Shipment 8, Source:3, Going:1, Size:1 In Warehouse: 1
Shipment 9, Source:2, Going:3, Size:1 In Warehouse: 3
Shipment 10, Source:1, Going:3, Size:2 In Warehouse: 3
Shipment 11, Source:2, Going:3, Size:2, In Truck: 5
Shipment 12, Source:1, Going:3, Size:1 In Warehouse: 1
Shipment 13, Source:3, Going:1, Size:2 In Warehouse: 1
Shipment 14, Source:1, Going:2, Size:3 In Warehouse: 1
Shipment 15, Source:2, Going:1, Size:3 In Warehouse: 2
Shipment 16, Source:1, Going:2, Size:3 In Warehouse: 1
Shipment 17, Source:3, Going:2, Size:1 In Warehouse: 2
Shipment 18, Source:1, Going:2, Size:1 In Warehouse: 2
Shipment 19, Source:1, Going:2, Size:3 In Warehouse: 2
Shipment 20, Source:1, Going:2, Size:2 In Warehouse: 2
Shipment 21, Source:2, Going:1, Size:1 In Warehouse: 1
Shipment 22, Source:3, Going:1, Size:3 In Warehouse: 1
Shipment 23, Source:2, Going:3, Size:1 In Warehouse: 3
Shipment 24, Source:2, Going:3, Size:1 In Warehouse: 3
Shipment 25, Source:1, Going:2, Size:3 In Warehouse: 1
Shipment 26, Source:2, Going:1, Size:2 In Warehouse: 1
Shipment 27, Source:3, Going:2, Size:2 In Warehouse: 2
Cycle: 222
Truck 5, [82,15] , Cargo:0/5, Speed:1
WareHouse 1, [82, 34], Docks:1, [Shipment18(1,true), Shipment19(3,true), Shipment20(2,true), Shipment25(3,false), Shipment3(1,true), Shipment21(1,true), Shipment13(2,true), Shipment26(2,true), Shipment22(3,true), Shipment8(1,true)]
WareHouse 2, [74, 52], Docks:1, [Shipment26(2,true), Shipment19(3,true), Shipment27(2,true), Shipment5(2,true), Shipment20(2,true), Shipment18(1,true), Shipment4(3,true), Shipment7(2,true), Shipment6(2,true), Shipment1(3,true), Shipment17(1,true)]
WareHouse 3, [38, 14], Docks:1, [Shipment23(1,true), Shipment24(1,true), Shipment10(2,true), Shipment9(1,true), Shipment2(2,true), Shipment11(2,true)]
Shipment 1, Source:3, Going:2, Size:3 In Warehouse: 2
Shipment 2, Source:2, Going:3, Size:2 In Warehouse: 3
Shipment 3, Source:2, Going:1, Size:1 In Warehouse: 1
Shipment 4, Source:3, Going:2, Size:3 In Warehouse: 2
Shipment 5, Source:3, Going:2, Size:2 In Warehouse: 2
Shipment 6, Source:3, Going:2, Size:2 In Warehouse: 2
Shipment 7, Source:1, Going:2, Size:2 In Warehouse: 2
Shipment 8, Source:3, Going:1, Size:1 In Warehouse: 1
Shipment 9, Source:2, Going:3, Size:1 In Warehouse: 3
Shipment 10, Source:1, Going:3, Size:2 In Warehouse: 3
Shipment 11, Source:2, Going:3, Size:2, In Truck: 5
Shipment 12, Source:1, Going:3, Size:1 In Warehouse: 1
Shipment 13, Source:3, Going:1, Size:2 In Warehouse: 1
Shipment 14, Source:1, Going:2, Size:3 In Warehouse: 1
Shipment 15, Source:2, Going:1, Size:3 In Warehouse: 2
Shipment 16, Source:1, Going:2, Size:3 In Warehouse: 1
Shipment 17, Source:3, Going:2, Size:1 In Warehouse: 2
Shipment 18, Source:1, Going:2, Size:1 In Warehouse: 2
Shipment 19, Source:1, Going:2, Size:3 In Warehouse: 2
Shipment 20, Source:1, Going:2, Size:2 In Warehouse: 2
Shipment 21, Source:2, Going:1, Size:1 In Warehouse: 1
Shipment 22, Source:3, Going:1, Size:3 In Warehouse: 1
Shipment 23, Source:2, Going:3, Size:1 In Warehouse: 3
Shipment 24, Source:2, Going:3, Size:1 In Warehouse: 3
Shipment 25, Source:1, Going:2, Size:3 In Warehouse: 1
Shipment 26, Source:2, Going:1, Size:2 In Warehouse: 1
Shipment 27, Source:3, Going:2, Size:2 In Warehouse: 2
Cycle: 223
Truck 5, [82,16] , Cargo:0/5, Speed:1
WareHouse 1, [82, 34], Docks:1, [Shipment18(1,true), Shipment19(3,true), Shipment20(2,true), Shipment25(3,false), Shipment3(1,true), Shipment21(1,true), Shipment13(2,true), Shipment26(2,true), Shipment22(3,true), Shipment8(1,true)]
WareHouse 2, [74, 52], Docks:1, [Shipment26(2,true), Shipment19(3,true), Shipment27(2,true), Shipment5(2,true), Shipment20(2,true), Shipment18(1,true), Shipment4(3,true), Shipment7(2,true), Shipment6(2,true), Shipment1(3,true), Shipment17(1,true)]
WareHouse 3, [38, 14], Docks:1, [Shipment23(1,true), Shipment24(1,true), Shipment10(2,true), Shipment9(1,true), Shipment2(2,true), Shipment11(2,true)]
Shipment 1, Source:3, Going:2, Size:3 In Warehouse: 2
Shipment 2, Source:2, Going:3, Size:2 In Warehouse: 3
Shipment 3, Source:2, Going:1, Size:1 In Warehouse: 1
Shipment 4, Source:3, Going:2, Size:3 In Warehouse: 2
Shipment 5, Source:3, Going:2, Size:2 In Warehouse: 2
Shipment 6, Source:3, Going:2, Size:2 In Warehouse: 2
Shipment 7, Source:1, Going:2, Size:2 In Warehouse: 2
Shipment 8, Source:3, Going:1, Size:1 In Warehouse: 1
Shipment 9, Source:2, Going:3, Size:1 In Warehouse: 3
Shipment 10, Source:1, Going:3, Size:2 In Warehouse: 3
Shipment 11, Source:2, Going:3, Size:2, In Truck: 5
Shipment 12, Source:1, Going:3, Size:1 In Warehouse: 1
Shipment 13, Source:3, Going:1, Size:2 In Warehouse: 1
Shipment 14, Source:1, Going:2, Size:3 In Warehouse: 1
Shipment 15, Source:2, Going:1, Size:3 In Warehouse: 2
Shipment 16, Source:1, Going:2, Size:3 In Warehouse: 1
Shipment 17, Source:3, Going:2, Size:1 In Warehouse: 2
Shipment 18, Source:1, Going:2, Size:1 In Warehouse: 2
Shipment 19, Source:1, Going:2, Size:3 In Warehouse: 2
Shipment 20, Source:1, Going:2, Size:2 In Warehouse: 2
Shipment 21, Source:2, Going:1, Size:1 In Warehouse: 1
Shipment 22, Source:3, Going:1, Size:3 In Warehouse: 1
Shipment 23, Source:2, Going:3, Size:1 In Warehouse: 3
Shipment 24, Source:2, Going:3, Size:1 In Warehouse: 3
Shipment 25, Source:1, Going:2, Size:3 In Warehouse: 1
Shipment 26, Source:2, Going:1, Size:2 In Warehouse: 1
Shipment 27, Source:3, Going:2, Size:2 In Warehouse: 2
Cycle: 224
Truck 5, [82,17] , Cargo:0/5, Speed:1
WareHouse 1, [82, 34], Docks:1, [Shipment18(1,true), Shipment19(3,true), Shipment20(2,true), Shipment25(3,false), Shipment3(1,true), Shipment21(1,true), Shipment13(2,true), Shipment26(2,true), Shipment22(3,true), Shipment8(1,true)]
WareHouse 2, [74, 52], Docks:1, [Shipment26(2,true), Shipment19(3,true), Shipment27(2,true), Shipment5(2,true), Shipment20(2,true), Shipment18(1,true), Shipment4(3,true), Shipment7(2,true), Shipment6(2,true), Shipment1(3,true), Shipment17(1,true)]
WareHouse 3, [38, 14], Docks:1, [Shipment23(1,true), Shipment24(1,true), Shipment10(2,true), Shipment9(1,true), Shipment2(2,true), Shipment11(2,true)]
Shipment 1, Source:3, Going:2, Size:3 In Warehouse: 2
Shipment 2, Source:2, Going:3, Size:2 In Warehouse: 3
Shipment 3, Source:2, Going:1, Size:1 In Warehouse: 1
Shipment 4, Source:3, Going:2, Size:3 In Warehouse: 2
Shipment 5, Source:3, Going:2, Size:2 In Warehouse: 2
Shipment 6, Source:3, Going:2, Size:2 In Warehouse: 2
Shipment 7, Source:1, Going:2, Size:2 In Warehouse: 2
Shipment 8, Source:3, Going:1, Size:1 In Warehouse: 1
Shipment 9, Source:2, Going:3, Size:1 In Warehouse: 3
Shipment 10, Source:1, Going:3, Size:2 In Warehouse: 3
Shipment 11, Source:2, Going:3, Size:2, In Truck: 5
Shipment 12, Source:1, Going:3, Size:1 In Warehouse: 1
Shipment 13, Source:3, Going:1, Size:2 In Warehouse: 1
Shipment 14, Source:1, Going:2, Size:3 In Warehouse: 1
Shipment 15, Source:2, Going:1, Size:3 In Warehouse: 2
Shipment 16, Source:1, Going:2, Size:3 In Warehouse: 1
Shipment 17, Source:3, Going:2, Size:1 In Warehouse: 2
Shipment 18, Source:1, Going:2, Size:1 In Warehouse: 2
Shipment 19, Source:1, Going:2, Size:3 In Warehouse: 2
Shipment 20, Source:1, Going:2, Size:2 In Warehouse: 2
Shipment 21, Source:2, Going:1, Size:1 In Warehouse: 1
Shipment 22, Source:3, Going:1, Size:3 In Warehouse: 1
Shipment 23, Source:2, Going:3, Size:1 In Warehouse: 3
Shipment 24, Source:2, Going:3, Size:1 In Warehouse: 3
Shipment 25, Source:1, Going:2, Size:3 In Warehouse: 1
Shipment 26, Source:2, Going:1, Size:2 In Warehouse: 1
Shipment 27, Source:3, Going:2, Size:2 In Warehouse: 2
Cycle: 225
Truck 5, [82,18] , Cargo:0/5, Speed:1
WareHouse 1, [82, 34], Docks:1, [Shipment18(1,true), Shipment19(3,true), Shipment20(2,true), Shipment25(3,false), Shipment3(1,true), Shipment21(1,true), Shipment13(2,true), Shipment26(2,true), Shipment22(3,true), Shipment8(1,true)]
WareHouse 2, [74, 52], Docks:1, [Shipment26(2,true), Shipment19(3,true), Shipment27(2,true), Shipment5(2,true), Shipment20(2,true), Shipment18(1,true), Shipment4(3,true), Shipment7(2,true), Shipment6(2,true), Shipment1(3,true), Shipment17(1,true)]
WareHouse 3, [38, 14], Docks:1, [Shipment23(1,true), Shipment24(1,true), Shipment10(2,true), Shipment9(1,true), Shipment2(2,true), Shipment11(2,true)]
Shipment 1, Source:3, Going:2, Size:3 In Warehouse: 2
Shipment 2, Source:2, Going:3, Size:2 In Warehouse: 3
Shipment 3, Source:2, Going:1, Size:1 In Warehouse: 1
Shipment 4, Source:3, Going:2, Size:3 In Warehouse: 2
Shipment 5, Source:3, Going:2, Size:2 In Warehouse: 2
Shipment 6, Source:3, Going:2, Size:2 In Warehouse: 2
Shipment 7, Source:1, Going:2, Size:2 In Warehouse: 2
Shipment 8, Source:3, Going:1, Size:1 In Warehouse: 1
Shipment 9, Source:2, Going:3, Size:1 In Warehouse: 3
Shipment 10, Source:1, Going:3, Size:2 In Warehouse: 3
Shipment 11, Source:2, Going:3, Size:2, In Truck: 5
Shipment 12, Source:1, Going:3, Size:1 In Warehouse: 1
Shipment 13, Source:3, Going:1, Size:2 In Warehouse: 1
Shipment 14, Source:1, Going:2, Size:3 In Warehouse: 1
Shipment 15, Source:2, Going:1, Size:3 In Warehouse: 2
Shipment 16, Source:1, Going:2, Size:3 In Warehouse: 1
Shipment 17, Source:3, Going:2, Size:1 In Warehouse: 2
Shipment 18, Source:1, Going:2, Size:1 In Warehouse: 2
Shipment 19, Source:1, Going:2, Size:3 In Warehouse: 2
Shipment 20, Source:1, Going:2, Size:2 In Warehouse: 2
Shipment 21, Source:2, Going:1, Size:1 In Warehouse: 1
Shipment 22, Source:3, Going:1, Size:3 In Warehouse: 1
Shipment 23, Source:2, Going:3, Size:1 In Warehouse: 3
Shipment 24, Source:2, Going:3, Size:1 In Warehouse: 3
Shipment 25, Source:1, Going:2, Size:3 In Warehouse: 1
Shipment 26, Source:2, Going:1, Size:2 In Warehouse: 1
Shipment 27, Source:3, Going:2, Size:2 In Warehouse: 2
Cycle: 226
Truck 5, [82,19] , Cargo:0/5, Speed:1
WareHouse 1, [82, 34], Docks:1, [Shipment18(1,true), Shipment19(3,true), Shipment20(2,true), Shipment25(3,false), Shipment3(1,true), Shipment21(1,true), Shipment13(2,true), Shipment26(2,true), Shipment22(3,true), Shipment8(1,true)]
WareHouse 2, [74, 52], Docks:1, [Shipment26(2,true), Shipment19(3,true), Shipment27(2,true), Shipment5(2,true), Shipment20(2,true), Shipment18(1,true), Shipment4(3,true), Shipment7(2,true), Shipment6(2,true), Shipment1(3,true), Shipment17(1,true)]
WareHouse 3, [38, 14], Docks:1, [Shipment23(1,true), Shipment24(1,true), Shipment10(2,true), Shipment9(1,true), Shipment2(2,true), Shipment11(2,true)]
Shipment 1, Source:3, Going:2, Size:3 In Warehouse: 2
Shipment 2, Source:2, Going:3, Size:2 In Warehouse: 3
Shipment 3, Source:2, Going:1, Size:1 In Warehouse: 1
Shipment 4, Source:3, Going:2, Size:3 In Warehouse: 2
Shipment 5, Source:3, Going:2, Size:2 In Warehouse: 2
Shipment 6, Source:3, Going:2, Size:2 In Warehouse: 2
Shipment 7, Source:1, Going:2, Size:2 In Warehouse: 2
Shipment 8, Source:3, Going:1, Size:1 In Warehouse: 1
Shipment 9, Source:2, Going:3, Size:1 In Warehouse: 3
Shipment 10, Source:1, Going:3, Size:2 In Warehouse: 3
Shipment 11, Source:2, Going:3, Size:2, In Truck: 5
Shipment 12, Source:1, Going:3, Size:1 In Warehouse: 1
Shipment 13, Source:3, Going:1, Size:2 In Warehouse: 1
Shipment 14, Source:1, Going:2, Size:3 In Warehouse: 1
Shipment 15, Source:2, Going:1, Size:3 In Warehouse: 2
Shipment 16, Source:1, Going:2, Size:3 In Warehouse: 1
Shipment 17, Source:3, Going:2, Size:1 In Warehouse: 2
Shipment 18, Source:1, Going:2, Size:1 In Warehouse: 2
Shipment 19, Source:1, Going:2, Size:3 In Warehouse: 2
Shipment 20, Source:1, Going:2, Size:2 In Warehouse: 2
Shipment 21, Source:2, Going:1, Size:1 In Warehouse: 1
Shipment 22, Source:3, Going:1, Size:3 In Warehouse: 1
Shipment 23, Source:2, Going:3, Size:1 In Warehouse: 3
Shipment 24, Source:2, Going:3, Size:1 In Warehouse: 3
Shipment 25, Source:1, Going:2, Size:3 In Warehouse: 1
Shipment 26, Source:2, Going:1, Size:2 In Warehouse: 1
Shipment 27, Source:3, Going:2, Size:2 In Warehouse: 2
Cycle: 227
Truck 5, [82,20] , Cargo:0/5, Speed:1
WareHouse 1, [82, 34], Docks:1, [Shipment18(1,true), Shipment19(3,true), Shipment20(2,true), Shipment25(3,false), Shipment3(1,true), Shipment21(1,true), Shipment13(2,true), Shipment26(2,true), Shipment22(3,true), Shipment8(1,true)]
WareHouse 2, [74, 52], Docks:1, [Shipment26(2,true), Shipment19(3,true), Shipment27(2,true), Shipment5(2,true), Shipment20(2,true), Shipment18(1,true), Shipment4(3,true), Shipment7(2,true), Shipment6(2,true), Shipment1(3,true), Shipment17(1,true)]
WareHouse 3, [38, 14], Docks:1, [Shipment23(1,true), Shipment24(1,true), Shipment10(2,true), Shipment9(1,true), Shipment2(2,true), Shipment11(2,true)]
Shipment 1, Source:3, Going:2, Size:3 In Warehouse: 2
Shipment 2, Source:2, Going:3, Size:2 In Warehouse: 3
Shipment 3, Source:2, Going:1, Size:1 In Warehouse: 1
Shipment 4, Source:3, Going:2, Size:3 In Warehouse: 2
Shipment 5, Source:3, Going:2, Size:2 In Warehouse: 2
Shipment 6, Source:3, Going:2, Size:2 In Warehouse: 2
Shipment 7, Source:1, Going:2, Size:2 In Warehouse: 2
Shipment 8, Source:3, Going:1, Size:1 In Warehouse: 1
Shipment 9, Source:2, Going:3, Size:1 In Warehouse: 3
Shipment 10, Source:1, Going:3, Size:2 In Warehouse: 3
Shipment 11, Source:2, Going:3, Size:2, In Truck: 5
Shipment 12, Source:1, Going:3, Size:1 In Warehouse: 1
Shipment 13, Source:3, Going:1, Size:2 In Warehouse: 1
Shipment 14, Source:1, Going:2, Size:3 In Warehouse: 1
Shipment 15, Source:2, Going:1, Size:3 In Warehouse: 2
Shipment 16, Source:1, Going:2, Size:3 In Warehouse: 1
Shipment 17, Source:3, Going:2, Size:1 In Warehouse: 2
Shipment 18, Source:1, Going:2, Size:1 In Warehouse: 2
Shipment 19, Source:1, Going:2, Size:3 In Warehouse: 2
Shipment 20, Source:1, Going:2, Size:2 In Warehouse: 2
Shipment 21, Source:2, Going:1, Size:1 In Warehouse: 1
Shipment 22, Source:3, Going:1, Size:3 In Warehouse: 1
Shipment 23, Source:2, Going:3, Size:1 In Warehouse: 3
Shipment 24, Source:2, Going:3, Size:1 In Warehouse: 3
Shipment 25, Source:1, Going:2, Size:3 In Warehouse: 1
Shipment 26, Source:2, Going:1, Size:2 In Warehouse: 1
Shipment 27, Source:3, Going:2, Size:2 In Warehouse: 2
Cycle: 228
Truck 5, [82,21] , Cargo:0/5, Speed:1
WareHouse 1, [82, 34], Docks:1, [Shipment18(1,true), Shipment19(3,true), Shipment20(2,true), Shipment25(3,false), Shipment3(1,true), Shipment21(1,true), Shipment13(2,true), Shipment26(2,true), Shipment22(3,true), Shipment8(1,true)]
WareHouse 2, [74, 52], Docks:1, [Shipment26(2,true), Shipment19(3,true), Shipment27(2,true), Shipment5(2,true), Shipment20(2,true), Shipment18(1,true), Shipment4(3,true), Shipment7(2,true), Shipment6(2,true), Shipment1(3,true), Shipment17(1,true)]
WareHouse 3, [38, 14], Docks:1, [Shipment23(1,true), Shipment24(1,true), Shipment10(2,true), Shipment9(1,true), Shipment2(2,true), Shipment11(2,true)]
Shipment 1, Source:3, Going:2, Size:3 In Warehouse: 2
Shipment 2, Source:2, Going:3, Size:2 In Warehouse: 3
Shipment 3, Source:2, Going:1, Size:1 In Warehouse: 1
Shipment 4, Source:3, Going:2, Size:3 In Warehouse: 2
Shipment 5, Source:3, Going:2, Size:2 In Warehouse: 2
Shipment 6, Source:3, Going:2, Size:2 In Warehouse: 2
Shipment 7, Source:1, Going:2, Size:2 In Warehouse: 2
Shipment 8, Source:3, Going:1, Size:1 In Warehouse: 1
Shipment 9, Source:2, Going:3, Size:1 In Warehouse: 3
Shipment 10, Source:1, Going:3, Size:2 In Warehouse: 3
Shipment 11, Source:2, Going:3, Size:2, In Truck: 5
Shipment 12, Source:1, Going:3, Size:1 In Warehouse: 1
Shipment 13, Source:3, Going:1, Size:2 In Warehouse: 1
Shipment 14, Source:1, Going:2, Size:3 In Warehouse: 1
Shipment 15, Source:2, Going:1, Size:3 In Warehouse: 2
Shipment 16, Source:1, Going:2, Size:3 In Warehouse: 1
Shipment 17, Source:3, Going:2, Size:1 In Warehouse: 2
Shipment 18, Source:1, Going:2, Size:1 In Warehouse: 2
Shipment 19, Source:1, Going:2, Size:3 In Warehouse: 2
Shipment 20, Source:1, Going:2, Size:2 In Warehouse: 2
Shipment 21, Source:2, Going:1, Size:1 In Warehouse: 1
Shipment 22, Source:3, Going:1, Size:3 In Warehouse: 1
Shipment 23, Source:2, Going:3, Size:1 In Warehouse: 3
Shipment 24, Source:2, Going:3, Size:1 In Warehouse: 3
Shipment 25, Source:1, Going:2, Size:3 In Warehouse: 1
Shipment 26, Source:2, Going:1, Size:2 In Warehouse: 1
Shipment 27, Source:3, Going:2, Size:2 In Warehouse: 2
Cycle: 229
Truck 5, [82,22] , Cargo:0/5, Speed:1
WareHouse 1, [82, 34], Docks:1, [Shipment18(1,true), Shipment19(3,true), Shipment20(2,true), Shipment25(3,false), Shipment3(1,true), Shipment21(1,true), Shipment13(2,true), Shipment26(2,true), Shipment22(3,true), Shipment8(1,true)]
WareHouse 2, [74, 52], Docks:1, [Shipment26(2,true), Shipment19(3,true), Shipment27(2,true), Shipment5(2,true), Shipment20(2,true), Shipment18(1,true), Shipment4(3,true), Shipment7(2,true), Shipment6(2,true), Shipment1(3,true), Shipment17(1,true)]
WareHouse 3, [38, 14], Docks:1, [Shipment23(1,true), Shipment24(1,true), Shipment10(2,true), Shipment9(1,true), Shipment2(2,true), Shipment11(2,true)]
Shipment 1, Source:3, Going:2, Size:3 In Warehouse: 2
Shipment 2, Source:2, Going:3, Size:2 In Warehouse: 3
Shipment 3, Source:2, Going:1, Size:1 In Warehouse: 1
Shipment 4, Source:3, Going:2, Size:3 In Warehouse: 2
Shipment 5, Source:3, Going:2, Size:2 In Warehouse: 2
Shipment 6, Source:3, Going:2, Size:2 In Warehouse: 2
Shipment 7, Source:1, Going:2, Size:2 In Warehouse: 2
Shipment 8, Source:3, Going:1, Size:1 In Warehouse: 1
Shipment 9, Source:2, Going:3, Size:1 In Warehouse: 3
Shipment 10, Source:1, Going:3, Size:2 In Warehouse: 3
Shipment 11, Source:2, Going:3, Size:2, In Truck: 5
Shipment 12, Source:1, Going:3, Size:1 In Warehouse: 1
Shipment 13, Source:3, Going:1, Size:2 In Warehouse: 1
Shipment 14, Source:1, Going:2, Size:3 In Warehouse: 1
Shipment 15, Source:2, Going:1, Size:3 In Warehouse: 2
Shipment 16, Source:1, Going:2, Size:3 In Warehouse: 1
Shipment 17, Source:3, Going:2, Size:1 In Warehouse: 2
Shipment 18, Source:1, Going:2, Size:1 In Warehouse: 2
Shipment 19, Source:1, Going:2, Size:3 In Warehouse: 2
Shipment 20, Source:1, Going:2, Size:2 In Warehouse: 2
Shipment 21, Source:2, Going:1, Size:1 In Warehouse: 1
Shipment 22, Source:3, Going:1, Size:3 In Warehouse: 1
Shipment 23, Source:2, Going:3, Size:1 In Warehouse: 3
Shipment 24, Source:2, Going:3, Size:1 In Warehouse: 3
Shipment 25, Source:1, Going:2, Size:3 In Warehouse: 1
Shipment 26, Source:2, Going:1, Size:2 In Warehouse: 1
Shipment 27, Source:3, Going:2, Size:2 In Warehouse: 2
Cycle: 230
Truck 5, [82,23] , Cargo:0/5, Speed:1
WareHouse 1, [82, 34], Docks:1, [Shipment18(1,true), Shipment19(3,true), Shipment20(2,true), Shipment25(3,false), Shipment3(1,true), Shipment21(1,true), Shipment13(2,true), Shipment26(2,true), Shipment22(3,true), Shipment8(1,true)]
WareHouse 2, [74, 52], Docks:1, [Shipment26(2,true), Shipment19(3,true), Shipment27(2,true), Shipment5(2,true), Shipment20(2,true), Shipment18(1,true), Shipment4(3,true), Shipment7(2,true), Shipment6(2,true), Shipment1(3,true), Shipment17(1,true)]
WareHouse 3, [38, 14], Docks:1, [Shipment23(1,true), Shipment24(1,true), Shipment10(2,true), Shipment9(1,true), Shipment2(2,true), Shipment11(2,true)]
Shipment 1, Source:3, Going:2, Size:3 In Warehouse: 2
Shipment 2, Source:2, Going:3, Size:2 In Warehouse: 3
Shipment 3, Source:2, Going:1, Size:1 In Warehouse: 1
Shipment 4, Source:3, Going:2, Size:3 In Warehouse: 2
Shipment 5, Source:3, Going:2, Size:2 In Warehouse: 2
Shipment 6, Source:3, Going:2, Size:2 In Warehouse: 2
Shipment 7, Source:1, Going:2, Size:2 In Warehouse: 2
Shipment 8, Source:3, Going:1, Size:1 In Warehouse: 1
Shipment 9, Source:2, Going:3, Size:1 In Warehouse: 3
Shipment 10, Source:1, Going:3, Size:2 In Warehouse: 3
Shipment 11, Source:2, Going:3, Size:2, In Truck: 5
Shipment 12, Source:1, Going:3, Size:1 In Warehouse: 1
Shipment 13, Source:3, Going:1, Size:2 In Warehouse: 1
Shipment 14, Source:1, Going:2, Size:3 In Warehouse: 1
Shipment 15, Source:2, Going:1, Size:3 In Warehouse: 2
Shipment 16, Source:1, Going:2, Size:3 In Warehouse: 1
Shipment 17, Source:3, Going:2, Size:1 In Warehouse: 2
Shipment 18, Source:1, Going:2, Size:1 In Warehouse: 2
Shipment 19, Source:1, Going:2, Size:3 In Warehouse: 2
Shipment 20, Source:1, Going:2, Size:2 In Warehouse: 2
Shipment 21, Source:2, Going:1, Size:1 In Warehouse: 1
Shipment 22, Source:3, Going:1, Size:3 In Warehouse: 1
Shipment 23, Source:2, Going:3, Size:1 In Warehouse: 3
Shipment 24, Source:2, Going:3, Size:1 In Warehouse: 3
Shipment 25, Source:1, Going:2, Size:3 In Warehouse: 1
Shipment 26, Source:2, Going:1, Size:2 In Warehouse: 1
Shipment 27, Source:3, Going:2, Size:2 In Warehouse: 2
Cycle: 231
Truck 5, [82,24] , Cargo:0/5, Speed:1
WareHouse 1, [82, 34], Docks:1, [Shipment18(1,true), Shipment19(3,true), Shipment20(2,true), Shipment25(3,false), Shipment3(1,true), Shipment21(1,true), Shipment13(2,true), Shipment26(2,true), Shipment22(3,true), Shipment8(1,true)]
WareHouse 2, [74, 52], Docks:1, [Shipment26(2,true), Shipment19(3,true), Shipment27(2,true), Shipment5(2,true), Shipment20(2,true), Shipment18(1,true), Shipment4(3,true), Shipment7(2,true), Shipment6(2,true), Shipment1(3,true), Shipment17(1,true)]
WareHouse 3, [38, 14], Docks:1, [Shipment23(1,true), Shipment24(1,true), Shipment10(2,true), Shipment9(1,true), Shipment2(2,true), Shipment11(2,true)]
Shipment 1, Source:3, Going:2, Size:3 In Warehouse: 2
Shipment 2, Source:2, Going:3, Size:2 In Warehouse: 3
Shipment 3, Source:2, Going:1, Size:1 In Warehouse: 1
Shipment 4, Source:3, Going:2, Size:3 In Warehouse: 2
Shipment 5, Source:3, Going:2, Size:2 In Warehouse: 2
Shipment 6, Source:3, Going:2, Size:2 In Warehouse: 2
Shipment 7, Source:1, Going:2, Size:2 In Warehouse: 2
Shipment 8, Source:3, Going:1, Size:1 In Warehouse: 1
Shipment 9, Source:2, Going:3, Size:1 In Warehouse: 3
Shipment 10, Source:1, Going:3, Size:2 In Warehouse: 3
Shipment 11, Source:2, Going:3, Size:2, In Truck: 5
Shipment 12, Source:1, Going:3, Size:1 In Warehouse: 1
Shipment 13, Source:3, Going:1, Size:2 In Warehouse: 1
Shipment 14, Source:1, Going:2, Size:3 In Warehouse: 1
Shipment 15, Source:2, Going:1, Size:3 In Warehouse: 2
Shipment 16, Source:1, Going:2, Size:3 In Warehouse: 1
Shipment 17, Source:3, Going:2, Size:1 In Warehouse: 2
Shipment 18, Source:1, Going:2, Size:1 In Warehouse: 2
Shipment 19, Source:1, Going:2, Size:3 In Warehouse: 2
Shipment 20, Source:1, Going:2, Size:2 In Warehouse: 2
Shipment 21, Source:2, Going:1, Size:1 In Warehouse: 1
Shipment 22, Source:3, Going:1, Size:3 In Warehouse: 1
Shipment 23, Source:2, Going:3, Size:1 In Warehouse: 3
Shipment 24, Source:2, Going:3, Size:1 In Warehouse: 3
Shipment 25, Source:1, Going:2, Size:3 In Warehouse: 1
Shipment 26, Source:2, Going:1, Size:2 In Warehouse: 1
Shipment 27, Source:3, Going:2, Size:2 In Warehouse: 2
Cycle: 232
Truck 5, [82,25] , Cargo:0/5, Speed:1
WareHouse 1, [82, 34], Docks:1, [Shipment18(1,true), Shipment19(3,true), Shipment20(2,true), Shipment25(3,false), Shipment3(1,true), Shipment21(1,true), Shipment13(2,true), Shipment26(2,true), Shipment22(3,true), Shipment8(1,true)]
WareHouse 2, [74, 52], Docks:1, [Shipment26(2,true), Shipment19(3,true), Shipment27(2,true), Shipment5(2,true), Shipment20(2,true), Shipment18(1,true), Shipment4(3,true), Shipment7(2,true), Shipment6(2,true), Shipment1(3,true), Shipment17(1,true)]
WareHouse 3, [38, 14], Docks:1, [Shipment23(1,true), Shipment24(1,true), Shipment10(2,true), Shipment9(1,true), Shipment2(2,true), Shipment11(2,true)]
Shipment 1, Source:3, Going:2, Size:3 In Warehouse: 2
Shipment 2, Source:2, Going:3, Size:2 In Warehouse: 3
Shipment 3, Source:2, Going:1, Size:1 In Warehouse: 1
Shipment 4, Source:3, Going:2, Size:3 In Warehouse: 2
Shipment 5, Source:3, Going:2, Size:2 In Warehouse: 2
Shipment 6, Source:3, Going:2, Size:2 In Warehouse: 2
Shipment 7, Source:1, Going:2, Size:2 In Warehouse: 2
Shipment 8, Source:3, Going:1, Size:1 In Warehouse: 1
Shipment 9, Source:2, Going:3, Size:1 In Warehouse: 3
Shipment 10, Source:1, Going:3, Size:2 In Warehouse: 3
Shipment 11, Source:2, Going:3, Size:2, In Truck: 5
Shipment 12, Source:1, Going:3, Size:1 In Warehouse: 1
Shipment 13, Source:3, Going:1, Size:2 In Warehouse: 1
Shipment 14, Source:1, Going:2, Size:3 In Warehouse: 1
Shipment 15, Source:2, Going:1, Size:3 In Warehouse: 2
Shipment 16, Source:1, Going:2, Size:3 In Warehouse: 1
Shipment 17, Source:3, Going:2, Size:1 In Warehouse: 2
Shipment 18, Source:1, Going:2, Size:1 In Warehouse: 2
Shipment 19, Source:1, Going:2, Size:3 In Warehouse: 2
Shipment 20, Source:1, Going:2, Size:2 In Warehouse: 2
Shipment 21, Source:2, Going:1, Size:1 In Warehouse: 1
Shipment 22, Source:3, Going:1, Size:3 In Warehouse: 1
Shipment 23, Source:2, Going:3, Size:1 In Warehouse: 3
Shipment 24, Source:2, Going:3, Size:1 In Warehouse: 3
Shipment 25, Source:1, Going:2, Size:3 In Warehouse: 1
Shipment 26, Source:2, Going:1, Size:2 In Warehouse: 1
Shipment 27, Source:3, Going:2, Size:2 In Warehouse: 2
Cycle: 233
Truck 5, [82,26] , Cargo:0/5, Speed:1
WareHouse 1, [82, 34], Docks:1, [Shipment18(1,true), Shipment19(3,true), Shipment20(2,true), Shipment25(3,false), Shipment3(1,true), Shipment21(1,true), Shipment13(2,true), Shipment26(2,true), Shipment22(3,true), Shipment8(1,true)]
WareHouse 2, [74, 52], Docks:1, [Shipment26(2,true), Shipment19(3,true), Shipment27(2,true), Shipment5(2,true), Shipment20(2,true), Shipment18(1,true), Shipment4(3,true), Shipment7(2,true), Shipment6(2,true), Shipment1(3,true), Shipment17(1,true)]
WareHouse 3, [38, 14], Docks:1, [Shipment23(1,true), Shipment24(1,true), Shipment10(2,true), Shipment9(1,true), Shipment2(2,true), Shipment11(2,true)]
Shipment 1, Source:3, Going:2, Size:3 In Warehouse: 2
Shipment 2, Source:2, Going:3, Size:2 In Warehouse: 3
Shipment 3, Source:2, Going:1, Size:1 In Warehouse: 1
Shipment 4, Source:3, Going:2, Size:3 In Warehouse: 2
Shipment 5, Source:3, Going:2, Size:2 In Warehouse: 2
Shipment 6, Source:3, Going:2, Size:2 In Warehouse: 2
Shipment 7, Source:1, Going:2, Size:2 In Warehouse: 2
Shipment 8, Source:3, Going:1, Size:1 In Warehouse: 1
Shipment 9, Source:2, Going:3, Size:1 In Warehouse: 3
Shipment 10, Source:1, Going:3, Size:2 In Warehouse: 3
Shipment 11, Source:2, Going:3, Size:2, In Truck: 5
Shipment 12, Source:1, Going:3, Size:1 In Warehouse: 1
Shipment 13, Source:3, Going:1, Size:2 In Warehouse: 1
Shipment 14, Source:1, Going:2, Size:3 In Warehouse: 1
Shipment 15, Source:2, Going:1, Size:3 In Warehouse: 2
Shipment 16, Source:1, Going:2, Size:3 In Warehouse: 1
Shipment 17, Source:3, Going:2, Size:1 In Warehouse: 2
Shipment 18, Source:1, Going:2, Size:1 In Warehouse: 2
Shipment 19, Source:1, Going:2, Size:3 In Warehouse: 2
Shipment 20, Source:1, Going:2, Size:2 In Warehouse: 2
Shipment 21, Source:2, Going:1, Size:1 In Warehouse: 1
Shipment 22, Source:3, Going:1, Size:3 In Warehouse: 1
Shipment 23, Source:2, Going:3, Size:1 In Warehouse: 3
Shipment 24, Source:2, Going:3, Size:1 In Warehouse: 3
Shipment 25, Source:1, Going:2, Size:3 In Warehouse: 1
Shipment 26, Source:2, Going:1, Size:2 In Warehouse: 1
Shipment 27, Source:3, Going:2, Size:2 In Warehouse: 2
Cycle: 234
Truck 5, [82,27] , Cargo:0/5, Speed:1
WareHouse 1, [82, 34], Docks:1, [Shipment18(1,true), Shipment19(3,true), Shipment20(2,true), Shipment25(3,false), Shipment3(1,true), Shipment21(1,true), Shipment13(2,true), Shipment26(2,true), Shipment22(3,true), Shipment8(1,true)]
WareHouse 2, [74, 52], Docks:1, [Shipment26(2,true), Shipment19(3,true), Shipment27(2,true), Shipment5(2,true), Shipment20(2,true), Shipment18(1,true), Shipment4(3,true), Shipment7(2,true), Shipment6(2,true), Shipment1(3,true), Shipment17(1,true)]
WareHouse 3, [38, 14], Docks:1, [Shipment23(1,true), Shipment24(1,true), Shipment10(2,true), Shipment9(1,true), Shipment2(2,true), Shipment11(2,true)]
Shipment 1, Source:3, Going:2, Size:3 In Warehouse: 2
Shipment 2, Source:2, Going:3, Size:2 In Warehouse: 3
Shipment 3, Source:2, Going:1, Size:1 In Warehouse: 1
Shipment 4, Source:3, Going:2, Size:3 In Warehouse: 2
Shipment 5, Source:3, Going:2, Size:2 In Warehouse: 2
Shipment 6, Source:3, Going:2, Size:2 In Warehouse: 2
Shipment 7, Source:1, Going:2, Size:2 In Warehouse: 2
Shipment 8, Source:3, Going:1, Size:1 In Warehouse: 1
Shipment 9, Source:2, Going:3, Size:1 In Warehouse: 3
Shipment 10, Source:1, Going:3, Size:2 In Warehouse: 3
Shipment 11, Source:2, Going:3, Size:2, In Truck: 5
Shipment 12, Source:1, Going:3, Size:1 In Warehouse: 1
Shipment 13, Source:3, Going:1, Size:2 In Warehouse: 1
Shipment 14, Source:1, Going:2, Size:3 In Warehouse: 1
Shipment 15, Source:2, Going:1, Size:3 In Warehouse: 2
Shipment 16, Source:1, Going:2, Size:3 In Warehouse: 1
Shipment 17, Source:3, Going:2, Size:1 In Warehouse: 2
Shipment 18, Source:1, Going:2, Size:1 In Warehouse: 2
Shipment 19, Source:1, Going:2, Size:3 In Warehouse: 2
Shipment 20, Source:1, Going:2, Size:2 In Warehouse: 2
Shipment 21, Source:2, Going:1, Size:1 In Warehouse: 1
Shipment 22, Source:3, Going:1, Size:3 In Warehouse: 1
Shipment 23, Source:2, Going:3, Size:1 In Warehouse: 3
Shipment 24, Source:2, Going:3, Size:1 In Warehouse: 3
Shipment 25, Source:1, Going:2, Size:3 In Warehouse: 1
Shipment 26, Source:2, Going:1, Size:2 In Warehouse: 1
Shipment 27, Source:3, Going:2, Size:2 In Warehouse: 2
Cycle: 235
Truck 5, [82,28] , Cargo:0/5, Speed:1
WareHouse 1, [82, 34], Docks:1, [Shipment18(1,true), Shipment19(3,true), Shipment20(2,true), Shipment25(3,false), Shipment3(1,true), Shipment21(1,true), Shipment13(2,true), Shipment26(2,true), Shipment22(3,true), Shipment8(1,true)]
WareHouse 2, [74, 52], Docks:1, [Shipment26(2,true), Shipment19(3,true), Shipment27(2,true), Shipment5(2,true), Shipment20(2,true), Shipment18(1,true), Shipment4(3,true), Shipment7(2,true), Shipment6(2,true), Shipment1(3,true), Shipment17(1,true)]
WareHouse 3, [38, 14], Docks:1, [Shipment23(1,true), Shipment24(1,true), Shipment10(2,true), Shipment9(1,true), Shipment2(2,true), Shipment11(2,true)]
Shipment 1, Source:3, Going:2, Size:3 In Warehouse: 2
Shipment 2, Source:2, Going:3, Size:2 In Warehouse: 3
Shipment 3, Source:2, Going:1, Size:1 In Warehouse: 1
Shipment 4, Source:3, Going:2, Size:3 In Warehouse: 2
Shipment 5, Source:3, Going:2, Size:2 In Warehouse: 2
Shipment 6, Source:3, Going:2, Size:2 In Warehouse: 2
Shipment 7, Source:1, Going:2, Size:2 In Warehouse: 2
Shipment 8, Source:3, Going:1, Size:1 In Warehouse: 1
Shipment 9, Source:2, Going:3, Size:1 In Warehouse: 3
Shipment 10, Source:1, Going:3, Size:2 In Warehouse: 3
Shipment 11, Source:2, Going:3, Size:2, In Truck: 5
Shipment 12, Source:1, Going:3, Size:1 In Warehouse: 1
Shipment 13, Source:3, Going:1, Size:2 In Warehouse: 1
Shipment 14, Source:1, Going:2, Size:3 In Warehouse: 1
Shipment 15, Source:2, Going:1, Size:3 In Warehouse: 2
Shipment 16, Source:1, Going:2, Size:3 In Warehouse: 1
Shipment 17, Source:3, Going:2, Size:1 In Warehouse: 2
Shipment 18, Source:1, Going:2, Size:1 In Warehouse: 2
Shipment 19, Source:1, Going:2, Size:3 In Warehouse: 2
Shipment 20, Source:1, Going:2, Size:2 In Warehouse: 2
Shipment 21, Source:2, Going:1, Size:1 In Warehouse: 1
Shipment 22, Source:3, Going:1, Size:3 In Warehouse: 1
Shipment 23, Source:2, Going:3, Size:1 In Warehouse: 3
Shipment 24, Source:2, Going:3, Size:1 In Warehouse: 3
Shipment 25, Source:1, Going:2, Size:3 In Warehouse: 1
Shipment 26, Source:2, Going:1, Size:2 In Warehouse: 1
Shipment 27, Source:3, Going:2, Size:2 In Warehouse: 2
Cycle: 236
Truck 5, [82,29] , Cargo:0/5, Speed:1
WareHouse 1, [82, 34], Docks:1, [Shipment18(1,true), Shipment19(3,true), Shipment20(2,true), Shipment25(3,false), Shipment3(1,true), Shipment21(1,true), Shipment13(2,true), Shipment26(2,true), Shipment22(3,true), Shipment8(1,true)]
WareHouse 2, [74, 52], Docks:1, [Shipment26(2,true), Shipment19(3,true), Shipment27(2,true), Shipment5(2,true), Shipment20(2,true), Shipment18(1,true), Shipment4(3,true), Shipment7(2,true), Shipment6(2,true), Shipment1(3,true), Shipment17(1,true)]
WareHouse 3, [38, 14], Docks:1, [Shipment23(1,true), Shipment24(1,true), Shipment10(2,true), Shipment9(1,true), Shipment2(2,true), Shipment11(2,true)]
Shipment 1, Source:3, Going:2, Size:3 In Warehouse: 2
Shipment 2, Source:2, Going:3, Size:2 In Warehouse: 3
Shipment 3, Source:2, Going:1, Size:1 In Warehouse: 1
Shipment 4, Source:3, Going:2, Size:3 In Warehouse: 2
Shipment 5, Source:3, Going:2, Size:2 In Warehouse: 2
Shipment 6, Source:3, Going:2, Size:2 In Warehouse: 2
Shipment 7, Source:1, Going:2, Size:2 In Warehouse: 2
Shipment 8, Source:3, Going:1, Size:1 In Warehouse: 1
Shipment 9, Source:2, Going:3, Size:1 In Warehouse: 3
Shipment 10, Source:1, Going:3, Size:2 In Warehouse: 3
Shipment 11, Source:2, Going:3, Size:2, In Truck: 5
Shipment 12, Source:1, Going:3, Size:1 In Warehouse: 1
Shipment 13, Source:3, Going:1, Size:2 In Warehouse: 1
Shipment 14, Source:1, Going:2, Size:3 In Warehouse: 1
Shipment 15, Source:2, Going:1, Size:3 In Warehouse: 2
Shipment 16, Source:1, Going:2, Size:3 In Warehouse: 1
Shipment 17, Source:3, Going:2, Size:1 In Warehouse: 2
Shipment 18, Source:1, Going:2, Size:1 In Warehouse: 2
Shipment 19, Source:1, Going:2, Size:3 In Warehouse: 2
Shipment 20, Source:1, Going:2, Size:2 In Warehouse: 2
Shipment 21, Source:2, Going:1, Size:1 In Warehouse: 1
Shipment 22, Source:3, Going:1, Size:3 In Warehouse: 1
Shipment 23, Source:2, Going:3, Size:1 In Warehouse: 3
Shipment 24, Source:2, Going:3, Size:1 In Warehouse: 3
Shipment 25, Source:1, Going:2, Size:3 In Warehouse: 1
Shipment 26, Source:2, Going:1, Size:2 In Warehouse: 1
Shipment 27, Source:3, Going:2, Size:2 In Warehouse: 2
Cycle: 237
Truck 5, [82,30] , Cargo:0/5, Speed:1
WareHouse 1, [82, 34], Docks:1, [Shipment18(1,true), Shipment19(3,true), Shipment20(2,true), Shipment25(3,false), Shipment3(1,true), Shipment21(1,true), Shipment13(2,true), Shipment26(2,true), Shipment22(3,true), Shipment8(1,true)]
WareHouse 2, [74, 52], Docks:1, [Shipment26(2,true), Shipment19(3,true), Shipment27(2,true), Shipment5(2,true), Shipment20(2,true), Shipment18(1,true), Shipment4(3,true), Shipment7(2,true), Shipment6(2,true), Shipment1(3,true), Shipment17(1,true)]
WareHouse 3, [38, 14], Docks:1, [Shipment23(1,true), Shipment24(1,true), Shipment10(2,true), Shipment9(1,true), Shipment2(2,true), Shipment11(2,true)]
Shipment 1, Source:3, Going:2, Size:3 In Warehouse: 2
Shipment 2, Source:2, Going:3, Size:2 In Warehouse: 3
Shipment 3, Source:2, Going:1, Size:1 In Warehouse: 1
Shipment 4, Source:3, Going:2, Size:3 In Warehouse: 2
Shipment 5, Source:3, Going:2, Size:2 In Warehouse: 2
Shipment 6, Source:3, Going:2, Size:2 In Warehouse: 2
Shipment 7, Source:1, Going:2, Size:2 In Warehouse: 2
Shipment 8, Source:3, Going:1, Size:1 In Warehouse: 1
Shipment 9, Source:2, Going:3, Size:1 In Warehouse: 3
Shipment 10, Source:1, Going:3, Size:2 In Warehouse: 3
Shipment 11, Source:2, Going:3, Size:2, In Truck: 5
Shipment 12, Source:1, Going:3, Size:1 In Warehouse: 1
Shipment 13, Source:3, Going:1, Size:2 In Warehouse: 1
Shipment 14, Source:1, Going:2, Size:3 In Warehouse: 1
Shipment 15, Source:2, Going:1, Size:3 In Warehouse: 2
Shipment 16, Source:1, Going:2, Size:3 In Warehouse: 1
Shipment 17, Source:3, Going:2, Size:1 In Warehouse: 2
Shipment 18, Source:1, Going:2, Size:1 In Warehouse: 2
Shipment 19, Source:1, Going:2, Size:3 In Warehouse: 2
Shipment 20, Source:1, Going:2, Size:2 In Warehouse: 2
Shipment 21, Source:2, Going:1, Size:1 In Warehouse: 1
Shipment 22, Source:3, Going:1, Size:3 In Warehouse: 1
Shipment 23, Source:2, Going:3, Size:1 In Warehouse: 3
Shipment 24, Source:2, Going:3, Size:1 In Warehouse: 3
Shipment 25, Source:1, Going:2, Size:3 In Warehouse: 1
Shipment 26, Source:2, Going:1, Size:2 In Warehouse: 1
Shipment 27, Source:3, Going:2, Size:2 In Warehouse: 2
Cycle: 238
Truck 5, [82,31] , Cargo:0/5, Speed:1
WareHouse 1, [82, 34], Docks:1, [Shipment18(1,true), Shipment19(3,true), Shipment20(2,true), Shipment25(3,false), Shipment3(1,true), Shipment21(1,true), Shipment13(2,true), Shipment26(2,true), Shipment22(3,true), Shipment8(1,true)]
WareHouse 2, [74, 52], Docks:1, [Shipment26(2,true), Shipment19(3,true), Shipment27(2,true), Shipment5(2,true), Shipment20(2,true), Shipment18(1,true), Shipment4(3,true), Shipment7(2,true), Shipment6(2,true), Shipment1(3,true), Shipment17(1,true)]
WareHouse 3, [38, 14], Docks:1, [Shipment23(1,true), Shipment24(1,true), Shipment10(2,true), Shipment9(1,true), Shipment2(2,true), Shipment11(2,true)]
Shipment 1, Source:3, Going:2, Size:3 In Warehouse: 2
Shipment 2, Source:2, Going:3, Size:2 In Warehouse: 3
Shipment 3, Source:2, Going:1, Size:1 In Warehouse: 1
Shipment 4, Source:3, Going:2, Size:3 In Warehouse: 2
Shipment 5, Source:3, Going:2, Size:2 In Warehouse: 2
Shipment 6, Source:3, Going:2, Size:2 In Warehouse: 2
Shipment 7, Source:1, Going:2, Size:2 In Warehouse: 2
Shipment 8, Source:3, Going:1, Size:1 In Warehouse: 1
Shipment 9, Source:2, Going:3, Size:1 In Warehouse: 3
Shipment 10, Source:1, Going:3, Size:2 In Warehouse: 3
Shipment 11, Source:2, Going:3, Size:2, In Truck: 5
Shipment 12, Source:1, Going:3, Size:1 In Warehouse: 1
Shipment 13, Source:3, Going:1, Size:2 In Warehouse: 1
Shipment 14, Source:1, Going:2, Size:3 In Warehouse: 1
Shipment 15, Source:2, Going:1, Size:3 In Warehouse: 2
Shipment 16, Source:1, Going:2, Size:3 In Warehouse: 1
Shipment 17, Source:3, Going:2, Size:1 In Warehouse: 2
Shipment 18, Source:1, Going:2, Size:1 In Warehouse: 2
Shipment 19, Source:1, Going:2, Size:3 In Warehouse: 2
Shipment 20, Source:1, Going:2, Size:2 In Warehouse: 2
Shipment 21, Source:2, Going:1, Size:1 In Warehouse: 1
Shipment 22, Source:3, Going:1, Size:3 In Warehouse: 1
Shipment 23, Source:2, Going:3, Size:1 In Warehouse: 3
Shipment 24, Source:2, Going:3, Size:1 In Warehouse: 3
Shipment 25, Source:1, Going:2, Size:3 In Warehouse: 1
Shipment 26, Source:2, Going:1, Size:2 In Warehouse: 1
Shipment 27, Source:3, Going:2, Size:2 In Warehouse: 2
Cycle: 239
Truck 5, [82,32] , Cargo:0/5, Speed:1
WareHouse 1, [82, 34], Docks:1, [Shipment18(1,true), Shipment19(3,true), Shipment20(2,true), Shipment25(3,false), Shipment3(1,true), Shipment21(1,true), Shipment13(2,true), Shipment26(2,true), Shipment22(3,true), Shipment8(1,true)]
WareHouse 2, [74, 52], Docks:1, [Shipment26(2,true), Shipment19(3,true), Shipment27(2,true), Shipment5(2,true), Shipment20(2,true), Shipment18(1,true), Shipment4(3,true), Shipment7(2,true), Shipment6(2,true), Shipment1(3,true), Shipment17(1,true)]
WareHouse 3, [38, 14], Docks:1, [Shipment23(1,true), Shipment24(1,true), Shipment10(2,true), Shipment9(1,true), Shipment2(2,true), Shipment11(2,true)]
Shipment 1, Source:3, Going:2, Size:3 In Warehouse: 2
Shipment 2, Source:2, Going:3, Size:2 In Warehouse: 3
Shipment 3, Source:2, Going:1, Size:1 In Warehouse: 1
Shipment 4, Source:3, Going:2, Size:3 In Warehouse: 2
Shipment 5, Source:3, Going:2, Size:2 In Warehouse: 2
Shipment 6, Source:3, Going:2, Size:2 In Warehouse: 2
Shipment 7, Source:1, Going:2, Size:2 In Warehouse: 2
Shipment 8, Source:3, Going:1, Size:1 In Warehouse: 1
Shipment 9, Source:2, Going:3, Size:1 In Warehouse: 3
Shipment 10, Source:1, Going:3, Size:2 In Warehouse: 3
Shipment 11, Source:2, Going:3, Size:2, In Truck: 5
Shipment 12, Source:1, Going:3, Size:1 In Warehouse: 1
Shipment 13, Source:3, Going:1, Size:2 In Warehouse: 1
Shipment 14, Source:1, Going:2, Size:3 In Warehouse: 1
Shipment 15, Source:2, Going:1, Size:3 In Warehouse: 2
Shipment 16, Source:1, Going:2, Size:3 In Warehouse: 1
Shipment 17, Source:3, Going:2, Size:1 In Warehouse: 2
Shipment 18, Source:1, Going:2, Size:1 In Warehouse: 2
Shipment 19, Source:1, Going:2, Size:3 In Warehouse: 2
Shipment 20, Source:1, Going:2, Size:2 In Warehouse: 2
Shipment 21, Source:2, Going:1, Size:1 In Warehouse: 1
Shipment 22, Source:3, Going:1, Size:3 In Warehouse: 1
Shipment 23, Source:2, Going:3, Size:1 In Warehouse: 3
Shipment 24, Source:2, Going:3, Size:1 In Warehouse: 3
Shipment 25, Source:1, Going:2, Size:3 In Warehouse: 1
Shipment 26, Source:2, Going:1, Size:2 In Warehouse: 1
Shipment 27, Source:3, Going:2, Size:2 In Warehouse: 2
Cycle: 240
Truck 5, [82,33] , Cargo:0/5, Speed:1
WareHouse 1, [82, 34], Docks:1, [Shipment18(1,true), Shipment19(3,true), Shipment20(2,true), Shipment25(3,false), Shipment3(1,true), Shipment21(1,true), Shipment13(2,true), Shipment26(2,true), Shipment22(3,true), Shipment8(1,true)]
WareHouse 2, [74, 52], Docks:1, [Shipment26(2,true), Shipment19(3,true), Shipment27(2,true), Shipment5(2,true), Shipment20(2,true), Shipment18(1,true), Shipment4(3,true), Shipment7(2,true), Shipment6(2,true), Shipment1(3,true), Shipment17(1,true)]
WareHouse 3, [38, 14], Docks:1, [Shipment23(1,true), Shipment24(1,true), Shipment10(2,true), Shipment9(1,true), Shipment2(2,true), Shipment11(2,true)]
Shipment 1, Source:3, Going:2, Size:3 In Warehouse: 2
Shipment 2, Source:2, Going:3, Size:2 In Warehouse: 3
Shipment 3, Source:2, Going:1, Size:1 In Warehouse: 1
Shipment 4, Source:3, Going:2, Size:3 In Warehouse: 2
Shipment 5, Source:3, Going:2, Size:2 In Warehouse: 2
Shipment 6, Source:3, Going:2, Size:2 In Warehouse: 2
Shipment 7, Source:1, Going:2, Size:2 In Warehouse: 2
Shipment 8, Source:3, Going:1, Size:1 In Warehouse: 1
Shipment 9, Source:2, Going:3, Size:1 In Warehouse: 3
Shipment 10, Source:1, Going:3, Size:2 In Warehouse: 3
Shipment 11, Source:2, Going:3, Size:2, In Truck: 5
Shipment 12, Source:1, Going:3, Size:1 In Warehouse: 1
Shipment 13, Source:3, Going:1, Size:2 In Warehouse: 1
Shipment 14, Source:1, Going:2, Size:3 In Warehouse: 1
Shipment 15, Source:2, Going:1, Size:3 In Warehouse: 2
Shipment 16, Source:1, Going:2, Size:3 In Warehouse: 1
Shipment 17, Source:3, Going:2, Size:1 In Warehouse: 2
Shipment 18, Source:1, Going:2, Size:1 In Warehouse: 2
Shipment 19, Source:1, Going:2, Size:3 In Warehouse: 2
Shipment 20, Source:1, Going:2, Size:2 In Warehouse: 2
Shipment 21, Source:2, Going:1, Size:1 In Warehouse: 1
Shipment 22, Source:3, Going:1, Size:3 In Warehouse: 1
Shipment 23, Source:2, Going:3, Size:1 In Warehouse: 3
Shipment 24, Source:2, Going:3, Size:1 In Warehouse: 3
Shipment 25, Source:1, Going:2, Size:3 In Warehouse: 1
Shipment 26, Source:2, Going:1, Size:2 In Warehouse: 1
Shipment 27, Source:3, Going:2, Size:2 In Warehouse: 2
Cycle: 241
Truck 5, [82,34] , Cargo:0/5, Speed:1
WareHouse 1, [82, 34], Docks:1, [Shipment18(1,true), Shipment19(3,true), Shipment20(2,true), Shipment25(3,false), Shipment3(1,true), Shipment21(1,true), Shipment13(2,true), Shipment26(2,true), Shipment22(3,true), Shipment8(1,true)]
WareHouse 2, [74, 52], Docks:1, [Shipment26(2,true), Shipment19(3,true), Shipment27(2,true), Shipment5(2,true), Shipment20(2,true), Shipment18(1,true), Shipment4(3,true), Shipment7(2,true), Shipment6(2,true), Shipment1(3,true), Shipment17(1,true)]
WareHouse 3, [38, 14], Docks:1, [Shipment23(1,true), Shipment24(1,true), Shipment10(2,true), Shipment9(1,true), Shipment2(2,true), Shipment11(2,true)]
Shipment 1, Source:3, Going:2, Size:3 In Warehouse: 2
Shipment 2, Source:2, Going:3, Size:2 In Warehouse: 3
Shipment 3, Source:2, Going:1, Size:1 In Warehouse: 1
Shipment 4, Source:3, Going:2, Size:3 In Warehouse: 2
Shipment 5, Source:3, Going:2, Size:2 In Warehouse: 2
Shipment 6, Source:3, Going:2, Size:2 In Warehouse: 2
Shipment 7, Source:1, Going:2, Size:2 In Warehouse: 2
Shipment 8, Source:3, Going:1, Size:1 In Warehouse: 1
Shipment 9, Source:2, Going:3, Size:1 In Warehouse: 3
Shipment 10, Source:1, Going:3, Size:2 In Warehouse: 3
Shipment 11, Source:2, Going:3, Size:2, In Truck: 5
Shipment 12, Source:1, Going:3, Size:1 In Warehouse: 1
Shipment 13, Source:3, Going:1, Size:2 In Warehouse: 1
Shipment 14, Source:1, Going:2, Size:3 In Warehouse: 1
Shipment 15, Source:2, Going:1, Size:3 In Warehouse: 2
Shipment 16, Source:1, Going:2, Size:3 In Warehouse: 1
Shipment 17, Source:3, Going:2, Size:1 In Warehouse: 2
Shipment 18, Source:1, Going:2, Size:1 In Warehouse: 2
Shipment 19, Source:1, Going:2, Size:3 In Warehouse: 2
Shipment 20, Source:1, Going:2, Size:2 In Warehouse: 2
Shipment 21, Source:2, Going:1, Size:1 In Warehouse: 1
Shipment 22, Source:3, Going:1, Size:3 In Warehouse: 1
Shipment 23, Source:2, Going:3, Size:1 In Warehouse: 3
Shipment 24, Source:2, Going:3, Size:1 In Warehouse: 3
Shipment 25, Source:1, Going:2, Size:3 In Warehouse: 1
Shipment 26, Source:2, Going:1, Size:2 In Warehouse: 1
Shipment 27, Source:3, Going:2, Size:2 In Warehouse: 2
Cycle: 242
Truck 5, [82,34] , Cargo:0/5, Speed:1
WareHouse 1, [82, 34], Docks:1, [Shipment18(1,true), Shipment19(3,true), Shipment20(2,true), Shipment25(3,false), Shipment3(1,true), Shipment21(1,true), Shipment13(2,true), Shipment26(2,true), Shipment22(3,true), Shipment8(1,true)]
WareHouse 2, [74, 52], Docks:1, [Shipment26(2,true), Shipment19(3,true), Shipment27(2,true), Shipment5(2,true), Shipment20(2,true), Shipment18(1,true), Shipment4(3,true), Shipment7(2,true), Shipment6(2,true), Shipment1(3,true), Shipment17(1,true)]
WareHouse 3, [38, 14], Docks:1, [Shipment23(1,true), Shipment24(1,true), Shipment10(2,true), Shipment9(1,true), Shipment2(2,true), Shipment11(2,true)]
Shipment 1, Source:3, Going:2, Size:3 In Warehouse: 2
Shipment 2, Source:2, Going:3, Size:2 In Warehouse: 3
Shipment 3, Source:2, Going:1, Size:1 In Warehouse: 1
Shipment 4, Source:3, Going:2, Size:3 In Warehouse: 2
Shipment 5, Source:3, Going:2, Size:2 In Warehouse: 2
Shipment 6, Source:3, Going:2, Size:2 In Warehouse: 2
Shipment 7, Source:1, Going:2, Size:2 In Warehouse: 2
Shipment 8, Source:3, Going:1, Size:1 In Warehouse: 1
Shipment 9, Source:2, Going:3, Size:1 In Warehouse: 3
Shipment 10, Source:1, Going:3, Size:2 In Warehouse: 3
Shipment 11, Source:2, Going:3, Size:2, In Truck: 5
Shipment 12, Source:1, Going:3, Size:1 In Warehouse: 1
Shipment 13, Source:3, Going:1, Size:2 In Warehouse: 1
Shipment 14, Source:1, Going:2, Size:3 In Warehouse: 1
Shipment 15, Source:2, Going:1, Size:3 In Warehouse: 2
Shipment 16, Source:1, Going:2, Size:3 In Warehouse: 1
Shipment 17, Source:3, Going:2, Size:1 In Warehouse: 2
Shipment 18, Source:1, Going:2, Size:1 In Warehouse: 2
Shipment 19, Source:1, Going:2, Size:3 In Warehouse: 2
Shipment 20, Source:1, Going:2, Size:2 In Warehouse: 2
Shipment 21, Source:2, Going:1, Size:1 In Warehouse: 1
Shipment 22, Source:3, Going:1, Size:3 In Warehouse: 1
Shipment 23, Source:2, Going:3, Size:1 In Warehouse: 3
Shipment 24, Source:2, Going:3, Size:1 In Warehouse: 3
Shipment 25, Source:1, Going:2, Size:3 In Warehouse: 1
Shipment 26, Source:2, Going:1, Size:2 In Warehouse: 1
Shipment 27, Source:3, Going:2, Size:2 In Warehouse: 2
Cycle: 243
Truck 5, [82,34] , Cargo:1/5, Speed:1
 (Id 12 Source: 1, Going: 3, Size:1)
WareHouse 1, [82, 34], Docks:1, [Shipment19(3,true), Shipment20(2,true), Shipment25(3,false), Shipment3(1,true), Shipment21(1,true), Shipment13(2,true), Shipment26(2,true), Shipment22(3,true), Shipment8(1,true)]
WareHouse 2, [74, 52], Docks:1, [Shipment26(2,true), Shipment19(3,true), Shipment27(2,true), Shipment5(2,true), Shipment20(2,true), Shipment18(1,true), Shipment4(3,true), Shipment7(2,true), Shipment6(2,true), Shipment1(3,true), Shipment17(1,true)]
WareHouse 3, [38, 14], Docks:1, [Shipment23(1,true), Shipment24(1,true), Shipment10(2,true), Shipment9(1,true), Shipment2(2,true), Shipment11(2,true)]
Shipment 1, Source:3, Going:2, Size:3 In Warehouse: 2
Shipment 2, Source:2, Going:3, Size:2 In Warehouse: 3
Shipment 3, Source:2, Going:1, Size:1 In Warehouse: 1
Shipment 4, Source:3, Going:2, Size:3 In Warehouse: 2
Shipment 5, Source:3, Going:2, Size:2 In Warehouse: 2
Shipment 6, Source:3, Going:2, Size:2 In Warehouse: 2
Shipment 7, Source:1, Going:2, Size:2 In Warehouse: 2
Shipment 8, Source:3, Going:1, Size:1 In Warehouse: 1
Shipment 9, Source:2, Going:3, Size:1 In Warehouse: 3
Shipment 10, Source:1, Going:3, Size:2 In Warehouse: 3
Shipment 11, Source:2, Going:3, Size:2, In Truck: 5
Shipment 12, Source:1, Going:3, Size:1, In Truck: 5
Shipment 13, Source:3, Going:1, Size:2 In Warehouse: 1
Shipment 14, Source:1, Going:2, Size:3 In Warehouse: 1
Shipment 15, Source:2, Going:1, Size:3 In Warehouse: 2
Shipment 16, Source:1, Going:2, Size:3 In Warehouse: 1
Shipment 17, Source:3, Going:2, Size:1 In Warehouse: 2
Shipment 18, Source:1, Going:2, Size:1 In Warehouse: 2
Shipment 19, Source:1, Going:2, Size:3 In Warehouse: 2
Shipment 20, Source:1, Going:2, Size:2 In Warehouse: 2
Shipment 21, Source:2, Going:1, Size:1 In Warehouse: 1
Shipment 22, Source:3, Going:1, Size:3 In Warehouse: 1
Shipment 23, Source:2, Going:3, Size:1 In Warehouse: 3
Shipment 24, Source:2, Going:3, Size:1 In Warehouse: 3
Shipment 25, Source:1, Going:2, Size:3 In Warehouse: 1
Shipment 26, Source:2, Going:1, Size:2 In Warehouse: 1
Shipment 27, Source:3, Going:2, Size:2 In Warehouse: 2
Cycle: 244
Truck 5, [81,34] , Cargo:1/5, Speed:1
 (Id 12 Source: 1, Going: 3, Size:1)
WareHouse 1, [82, 34], Docks:1, [Shipment19(3,true), Shipment20(2,true), Shipment25(3,false), Shipment3(1,true), Shipment21(1,true), Shipment13(2,true), Shipment26(2,true), Shipment22(3,true), Shipment8(1,true)]
WareHouse 2, [74, 52], Docks:1, [Shipment26(2,true), Shipment19(3,true), Shipment27(2,true), Shipment5(2,true), Shipment20(2,true), Shipment18(1,true), Shipment4(3,true), Shipment7(2,true), Shipment6(2,true), Shipment1(3,true), Shipment17(1,true)]
WareHouse 3, [38, 14], Docks:1, [Shipment23(1,true), Shipment24(1,true), Shipment10(2,true), Shipment9(1,true), Shipment2(2,true), Shipment11(2,true)]
Shipment 1, Source:3, Going:2, Size:3 In Warehouse: 2
Shipment 2, Source:2, Going:3, Size:2 In Warehouse: 3
Shipment 3, Source:2, Going:1, Size:1 In Warehouse: 1
Shipment 4, Source:3, Going:2, Size:3 In Warehouse: 2
Shipment 5, Source:3, Going:2, Size:2 In Warehouse: 2
Shipment 6, Source:3, Going:2, Size:2 In Warehouse: 2
Shipment 7, Source:1, Going:2, Size:2 In Warehouse: 2
Shipment 8, Source:3, Going:1, Size:1 In Warehouse: 1
Shipment 9, Source:2, Going:3, Size:1 In Warehouse: 3
Shipment 10, Source:1, Going:3, Size:2 In Warehouse: 3
Shipment 11, Source:2, Going:3, Size:2, In Truck: 5
Shipment 12, Source:1, Going:3, Size:1, In Truck: 5
Shipment 13, Source:3, Going:1, Size:2 In Warehouse: 1
Shipment 14, Source:1, Going:2, Size:3 In Warehouse: 1
Shipment 15, Source:2, Going:1, Size:3 In Warehouse: 2
Shipment 16, Source:1, Going:2, Size:3 In Warehouse: 1
Shipment 17, Source:3, Going:2, Size:1 In Warehouse: 2
Shipment 18, Source:1, Going:2, Size:1 In Warehouse: 2
Shipment 19, Source:1, Going:2, Size:3 In Warehouse: 2
Shipment 20, Source:1, Going:2, Size:2 In Warehouse: 2
Shipment 21, Source:2, Going:1, Size:1 In Warehouse: 1
Shipment 22, Source:3, Going:1, Size:3 In Warehouse: 1
Shipment 23, Source:2, Going:3, Size:1 In Warehouse: 3
Shipment 24, Source:2, Going:3, Size:1 In Warehouse: 3
Shipment 25, Source:1, Going:2, Size:3 In Warehouse: 1
Shipment 26, Source:2, Going:1, Size:2 In Warehouse: 1
Shipment 27, Source:3, Going:2, Size:2 In Warehouse: 2
Cycle: 245
Truck 5, [80,34] , Cargo:1/5, Speed:1
 (Id 12 Source: 1, Going: 3, Size:1)
WareHouse 1, [82, 34], Docks:1, [Shipment19(3,true), Shipment20(2,true), Shipment25(3,false), Shipment3(1,true), Shipment21(1,true), Shipment13(2,true), Shipment26(2,true), Shipment22(3,true), Shipment8(1,true)]
WareHouse 2, [74, 52], Docks:1, [Shipment26(2,true), Shipment19(3,true), Shipment27(2,true), Shipment5(2,true), Shipment20(2,true), Shipment18(1,true), Shipment4(3,true), Shipment7(2,true), Shipment6(2,true), Shipment1(3,true), Shipment17(1,true)]
WareHouse 3, [38, 14], Docks:1, [Shipment23(1,true), Shipment24(1,true), Shipment10(2,true), Shipment9(1,true), Shipment2(2,true), Shipment11(2,true)]
Shipment 1, Source:3, Going:2, Size:3 In Warehouse: 2
Shipment 2, Source:2, Going:3, Size:2 In Warehouse: 3
Shipment 3, Source:2, Going:1, Size:1 In Warehouse: 1
Shipment 4, Source:3, Going:2, Size:3 In Warehouse: 2
Shipment 5, Source:3, Going:2, Size:2 In Warehouse: 2
Shipment 6, Source:3, Going:2, Size:2 In Warehouse: 2
Shipment 7, Source:1, Going:2, Size:2 In Warehouse: 2
Shipment 8, Source:3, Going:1, Size:1 In Warehouse: 1
Shipment 9, Source:2, Going:3, Size:1 In Warehouse: 3
Shipment 10, Source:1, Going:3, Size:2 In Warehouse: 3
Shipment 11, Source:2, Going:3, Size:2, In Truck: 5
Shipment 12, Source:1, Going:3, Size:1, In Truck: 5
Shipment 13, Source:3, Going:1, Size:2 In Warehouse: 1
Shipment 14, Source:1, Going:2, Size:3 In Warehouse: 1
Shipment 15, Source:2, Going:1, Size:3 In Warehouse: 2
Shipment 16, Source:1, Going:2, Size:3 In Warehouse: 1
Shipment 17, Source:3, Going:2, Size:1 In Warehouse: 2
Shipment 18, Source:1, Going:2, Size:1 In Warehouse: 2
Shipment 19, Source:1, Going:2, Size:3 In Warehouse: 2
Shipment 20, Source:1, Going:2, Size:2 In Warehouse: 2
Shipment 21, Source:2, Going:1, Size:1 In Warehouse: 1
Shipment 22, Source:3, Going:1, Size:3 In Warehouse: 1
Shipment 23, Source:2, Going:3, Size:1 In Warehouse: 3
Shipment 24, Source:2, Going:3, Size:1 In Warehouse: 3
Shipment 25, Source:1, Going:2, Size:3 In Warehouse: 1
Shipment 26, Source:2, Going:1, Size:2 In Warehouse: 1
Shipment 27, Source:3, Going:2, Size:2 In Warehouse: 2
Cycle: 246
Truck 5, [79,34] , Cargo:1/5, Speed:1
 (Id 12 Source: 1, Going: 3, Size:1)
WareHouse 1, [82, 34], Docks:1, [Shipment19(3,true), Shipment20(2,true), Shipment25(3,false), Shipment3(1,true), Shipment21(1,true), Shipment13(2,true), Shipment26(2,true), Shipment22(3,true), Shipment8(1,true)]
WareHouse 2, [74, 52], Docks:1, [Shipment26(2,true), Shipment19(3,true), Shipment27(2,true), Shipment5(2,true), Shipment20(2,true), Shipment18(1,true), Shipment4(3,true), Shipment7(2,true), Shipment6(2,true), Shipment1(3,true), Shipment17(1,true)]
WareHouse 3, [38, 14], Docks:1, [Shipment23(1,true), Shipment24(1,true), Shipment10(2,true), Shipment9(1,true), Shipment2(2,true), Shipment11(2,true)]
Shipment 1, Source:3, Going:2, Size:3 In Warehouse: 2
Shipment 2, Source:2, Going:3, Size:2 In Warehouse: 3
Shipment 3, Source:2, Going:1, Size:1 In Warehouse: 1
Shipment 4, Source:3, Going:2, Size:3 In Warehouse: 2
Shipment 5, Source:3, Going:2, Size:2 In Warehouse: 2
Shipment 6, Source:3, Going:2, Size:2 In Warehouse: 2
Shipment 7, Source:1, Going:2, Size:2 In Warehouse: 2
Shipment 8, Source:3, Going:1, Size:1 In Warehouse: 1
Shipment 9, Source:2, Going:3, Size:1 In Warehouse: 3
Shipment 10, Source:1, Going:3, Size:2 In Warehouse: 3
Shipment 11, Source:2, Going:3, Size:2, In Truck: 5
Shipment 12, Source:1, Going:3, Size:1, In Truck: 5
Shipment 13, Source:3, Going:1, Size:2 In Warehouse: 1
Shipment 14, Source:1, Going:2, Size:3 In Warehouse: 1
Shipment 15, Source:2, Going:1, Size:3 In Warehouse: 2
Shipment 16, Source:1, Going:2, Size:3 In Warehouse: 1
Shipment 17, Source:3, Going:2, Size:1 In Warehouse: 2
Shipment 18, Source:1, Going:2, Size:1 In Warehouse: 2
Shipment 19, Source:1, Going:2, Size:3 In Warehouse: 2
Shipment 20, Source:1, Going:2, Size:2 In Warehouse: 2
Shipment 21, Source:2, Going:1, Size:1 In Warehouse: 1
Shipment 22, Source:3, Going:1, Size:3 In Warehouse: 1
Shipment 23, Source:2, Going:3, Size:1 In Warehouse: 3
Shipment 24, Source:2, Going:3, Size:1 In Warehouse: 3
Shipment 25, Source:1, Going:2, Size:3 In Warehouse: 1
Shipment 26, Source:2, Going:1, Size:2 In Warehouse: 1
Shipment 27, Source:3, Going:2, Size:2 In Warehouse: 2
Cycle: 247
Truck 5, [78,34] , Cargo:1/5, Speed:1
 (Id 12 Source: 1, Going: 3, Size:1)
WareHouse 1, [82, 34], Docks:1, [Shipment19(3,true), Shipment20(2,true), Shipment25(3,false), Shipment3(1,true), Shipment21(1,true), Shipment13(2,true), Shipment26(2,true), Shipment22(3,true), Shipment8(1,true)]
WareHouse 2, [74, 52], Docks:1, [Shipment26(2,true), Shipment19(3,true), Shipment27(2,true), Shipment5(2,true), Shipment20(2,true), Shipment18(1,true), Shipment4(3,true), Shipment7(2,true), Shipment6(2,true), Shipment1(3,true), Shipment17(1,true)]
WareHouse 3, [38, 14], Docks:1, [Shipment23(1,true), Shipment24(1,true), Shipment10(2,true), Shipment9(1,true), Shipment2(2,true), Shipment11(2,true)]
Shipment 1, Source:3, Going:2, Size:3 In Warehouse: 2
Shipment 2, Source:2, Going:3, Size:2 In Warehouse: 3
Shipment 3, Source:2, Going:1, Size:1 In Warehouse: 1
Shipment 4, Source:3, Going:2, Size:3 In Warehouse: 2
Shipment 5, Source:3, Going:2, Size:2 In Warehouse: 2
Shipment 6, Source:3, Going:2, Size:2 In Warehouse: 2
Shipment 7, Source:1, Going:2, Size:2 In Warehouse: 2
Shipment 8, Source:3, Going:1, Size:1 In Warehouse: 1
Shipment 9, Source:2, Going:3, Size:1 In Warehouse: 3
Shipment 10, Source:1, Going:3, Size:2 In Warehouse: 3
Shipment 11, Source:2, Going:3, Size:2, In Truck: 5
Shipment 12, Source:1, Going:3, Size:1, In Truck: 5
Shipment 13, Source:3, Going:1, Size:2 In Warehouse: 1
Shipment 14, Source:1, Going:2, Size:3 In Warehouse: 1
Shipment 15, Source:2, Going:1, Size:3 In Warehouse: 2
Shipment 16, Source:1, Going:2, Size:3 In Warehouse: 1
Shipment 17, Source:3, Going:2, Size:1 In Warehouse: 2
Shipment 18, Source:1, Going:2, Size:1 In Warehouse: 2
Shipment 19, Source:1, Going:2, Size:3 In Warehouse: 2
Shipment 20, Source:1, Going:2, Size:2 In Warehouse: 2
Shipment 21, Source:2, Going:1, Size:1 In Warehouse: 1
Shipment 22, Source:3, Going:1, Size:3 In Warehouse: 1
Shipment 23, Source:2, Going:3, Size:1 In Warehouse: 3
Shipment 24, Source:2, Going:3, Size:1 In Warehouse: 3
Shipment 25, Source:1, Going:2, Size:3 In Warehouse: 1
Shipment 26, Source:2, Going:1, Size:2 In Warehouse: 1
Shipment 27, Source:3, Going:2, Size:2 In Warehouse: 2
Cycle: 248
Truck 5, [77,34] , Cargo:1/5, Speed:1
 (Id 12 Source: 1, Going: 3, Size:1)
WareHouse 1, [82, 34], Docks:1, [Shipment19(3,true), Shipment20(2,true), Shipment25(3,false), Shipment3(1,true), Shipment21(1,true), Shipment13(2,true), Shipment26(2,true), Shipment22(3,true), Shipment8(1,true)]
WareHouse 2, [74, 52], Docks:1, [Shipment26(2,true), Shipment19(3,true), Shipment27(2,true), Shipment5(2,true), Shipment20(2,true), Shipment18(1,true), Shipment4(3,true), Shipment7(2,true), Shipment6(2,true), Shipment1(3,true), Shipment17(1,true)]
WareHouse 3, [38, 14], Docks:1, [Shipment23(1,true), Shipment24(1,true), Shipment10(2,true), Shipment9(1,true), Shipment2(2,true), Shipment11(2,true)]
Shipment 1, Source:3, Going:2, Size:3 In Warehouse: 2
Shipment 2, Source:2, Going:3, Size:2 In Warehouse: 3
Shipment 3, Source:2, Going:1, Size:1 In Warehouse: 1
Shipment 4, Source:3, Going:2, Size:3 In Warehouse: 2
Shipment 5, Source:3, Going:2, Size:2 In Warehouse: 2
Shipment 6, Source:3, Going:2, Size:2 In Warehouse: 2
Shipment 7, Source:1, Going:2, Size:2 In Warehouse: 2
Shipment 8, Source:3, Going:1, Size:1 In Warehouse: 1
Shipment 9, Source:2, Going:3, Size:1 In Warehouse: 3
Shipment 10, Source:1, Going:3, Size:2 In Warehouse: 3
Shipment 11, Source:2, Going:3, Size:2, In Truck: 5
Shipment 12, Source:1, Going:3, Size:1, In Truck: 5
Shipment 13, Source:3, Going:1, Size:2 In Warehouse: 1
Shipment 14, Source:1, Going:2, Size:3 In Warehouse: 1
Shipment 15, Source:2, Going:1, Size:3 In Warehouse: 2
Shipment 16, Source:1, Going:2, Size:3 In Warehouse: 1
Shipment 17, Source:3, Going:2, Size:1 In Warehouse: 2
Shipment 18, Source:1, Going:2, Size:1 In Warehouse: 2
Shipment 19, Source:1, Going:2, Size:3 In Warehouse: 2
Shipment 20, Source:1, Going:2, Size:2 In Warehouse: 2
Shipment 21, Source:2, Going:1, Size:1 In Warehouse: 1
Shipment 22, Source:3, Going:1, Size:3 In Warehouse: 1
Shipment 23, Source:2, Going:3, Size:1 In Warehouse: 3
Shipment 24, Source:2, Going:3, Size:1 In Warehouse: 3
Shipment 25, Source:1, Going:2, Size:3 In Warehouse: 1
Shipment 26, Source:2, Going:1, Size:2 In Warehouse: 1
Shipment 27, Source:3, Going:2, Size:2 In Warehouse: 2
Cycle: 249
Truck 5, [76,34] , Cargo:1/5, Speed:1
 (Id 12 Source: 1, Going: 3, Size:1)
WareHouse 1, [82, 34], Docks:1, [Shipment19(3,true), Shipment20(2,true), Shipment25(3,false), Shipment3(1,true), Shipment21(1,true), Shipment13(2,true), Shipment26(2,true), Shipment22(3,true), Shipment8(1,true)]
WareHouse 2, [74, 52], Docks:1, [Shipment26(2,true), Shipment19(3,true), Shipment27(2,true), Shipment5(2,true), Shipment20(2,true), Shipment18(1,true), Shipment4(3,true), Shipment7(2,true), Shipment6(2,true), Shipment1(3,true), Shipment17(1,true)]
WareHouse 3, [38, 14], Docks:1, [Shipment23(1,true), Shipment24(1,true), Shipment10(2,true), Shipment9(1,true), Shipment2(2,true), Shipment11(2,true)]
Shipment 1, Source:3, Going:2, Size:3 In Warehouse: 2
Shipment 2, Source:2, Going:3, Size:2 In Warehouse: 3
Shipment 3, Source:2, Going:1, Size:1 In Warehouse: 1
Shipment 4, Source:3, Going:2, Size:3 In Warehouse: 2
Shipment 5, Source:3, Going:2, Size:2 In Warehouse: 2
Shipment 6, Source:3, Going:2, Size:2 In Warehouse: 2
Shipment 7, Source:1, Going:2, Size:2 In Warehouse: 2
Shipment 8, Source:3, Going:1, Size:1 In Warehouse: 1
Shipment 9, Source:2, Going:3, Size:1 In Warehouse: 3
Shipment 10, Source:1, Going:3, Size:2 In Warehouse: 3
Shipment 11, Source:2, Going:3, Size:2, In Truck: 5
Shipment 12, Source:1, Going:3, Size:1, In Truck: 5
Shipment 13, Source:3, Going:1, Size:2 In Warehouse: 1
Shipment 14, Source:1, Going:2, Size:3 In Warehouse: 1
Shipment 15, Source:2, Going:1, Size:3 In Warehouse: 2
Shipment 16, Source:1, Going:2, Size:3 In Warehouse: 1
Shipment 17, Source:3, Going:2, Size:1 In Warehouse: 2
Shipment 18, Source:1, Going:2, Size:1 In Warehouse: 2
Shipment 19, Source:1, Going:2, Size:3 In Warehouse: 2
Shipment 20, Source:1, Going:2, Size:2 In Warehouse: 2
Shipment 21, Source:2, Going:1, Size:1 In Warehouse: 1
Shipment 22, Source:3, Going:1, Size:3 In Warehouse: 1
Shipment 23, Source:2, Going:3, Size:1 In Warehouse: 3
Shipment 24, Source:2, Going:3, Size:1 In Warehouse: 3
Shipment 25, Source:1, Going:2, Size:3 In Warehouse: 1
Shipment 26, Source:2, Going:1, Size:2 In Warehouse: 1
Shipment 27, Source:3, Going:2, Size:2 In Warehouse: 2
Cycle: 250
Truck 5, [75,34] , Cargo:1/5, Speed:1
 (Id 12 Source: 1, Going: 3, Size:1)
WareHouse 1, [82, 34], Docks:1, [Shipment19(3,true), Shipment20(2,true), Shipment25(3,false), Shipment3(1,true), Shipment21(1,true), Shipment13(2,true), Shipment26(2,true), Shipment22(3,true), Shipment8(1,true)]
WareHouse 2, [74, 52], Docks:1, [Shipment26(2,true), Shipment19(3,true), Shipment27(2,true), Shipment5(2,true), Shipment20(2,true), Shipment18(1,true), Shipment4(3,true), Shipment7(2,true), Shipment6(2,true), Shipment1(3,true), Shipment17(1,true)]
WareHouse 3, [38, 14], Docks:1, [Shipment23(1,true), Shipment24(1,true), Shipment10(2,true), Shipment9(1,true), Shipment2(2,true), Shipment11(2,true)]
Shipment 1, Source:3, Going:2, Size:3 In Warehouse: 2
Shipment 2, Source:2, Going:3, Size:2 In Warehouse: 3
Shipment 3, Source:2, Going:1, Size:1 In Warehouse: 1
Shipment 4, Source:3, Going:2, Size:3 In Warehouse: 2
Shipment 5, Source:3, Going:2, Size:2 In Warehouse: 2
Shipment 6, Source:3, Going:2, Size:2 In Warehouse: 2
Shipment 7, Source:1, Going:2, Size:2 In Warehouse: 2
Shipment 8, Source:3, Going:1, Size:1 In Warehouse: 1
Shipment 9, Source:2, Going:3, Size:1 In Warehouse: 3
Shipment 10, Source:1, Going:3, Size:2 In Warehouse: 3
Shipment 11, Source:2, Going:3, Size:2, In Truck: 5
Shipment 12, Source:1, Going:3, Size:1, In Truck: 5
Shipment 13, Source:3, Going:1, Size:2 In Warehouse: 1
Shipment 14, Source:1, Going:2, Size:3 In Warehouse: 1
Shipment 15, Source:2, Going:1, Size:3 In Warehouse: 2
Shipment 16, Source:1, Going:2, Size:3 In Warehouse: 1
Shipment 17, Source:3, Going:2, Size:1 In Warehouse: 2
Shipment 18, Source:1, Going:2, Size:1 In Warehouse: 2
Shipment 19, Source:1, Going:2, Size:3 In Warehouse: 2
Shipment 20, Source:1, Going:2, Size:2 In Warehouse: 2
Shipment 21, Source:2, Going:1, Size:1 In Warehouse: 1
Shipment 22, Source:3, Going:1, Size:3 In Warehouse: 1
Shipment 23, Source:2, Going:3, Size:1 In Warehouse: 3
Shipment 24, Source:2, Going:3, Size:1 In Warehouse: 3
Shipment 25, Source:1, Going:2, Size:3 In Warehouse: 1
Shipment 26, Source:2, Going:1, Size:2 In Warehouse: 1
Shipment 27, Source:3, Going:2, Size:2 In Warehouse: 2
Cycle: 251
Truck 5, [74,34] , Cargo:1/5, Speed:1
 (Id 12 Source: 1, Going: 3, Size:1)
WareHouse 1, [82, 34], Docks:1, [Shipment19(3,true), Shipment20(2,true), Shipment25(3,false), Shipment3(1,true), Shipment21(1,true), Shipment13(2,true), Shipment26(2,true), Shipment22(3,true), Shipment8(1,true)]
WareHouse 2, [74, 52], Docks:1, [Shipment26(2,true), Shipment19(3,true), Shipment27(2,true), Shipment5(2,true), Shipment20(2,true), Shipment18(1,true), Shipment4(3,true), Shipment7(2,true), Shipment6(2,true), Shipment1(3,true), Shipment17(1,true)]
WareHouse 3, [38, 14], Docks:1, [Shipment23(1,true), Shipment24(1,true), Shipment10(2,true), Shipment9(1,true), Shipment2(2,true), Shipment11(2,true)]
Shipment 1, Source:3, Going:2, Size:3 In Warehouse: 2
Shipment 2, Source:2, Going:3, Size:2 In Warehouse: 3
Shipment 3, Source:2, Going:1, Size:1 In Warehouse: 1
Shipment 4, Source:3, Going:2, Size:3 In Warehouse: 2
Shipment 5, Source:3, Going:2, Size:2 In Warehouse: 2
Shipment 6, Source:3, Going:2, Size:2 In Warehouse: 2
Shipment 7, Source:1, Going:2, Size:2 In Warehouse: 2
Shipment 8, Source:3, Going:1, Size:1 In Warehouse: 1
Shipment 9, Source:2, Going:3, Size:1 In Warehouse: 3
Shipment 10, Source:1, Going:3, Size:2 In Warehouse: 3
Shipment 11, Source:2, Going:3, Size:2, In Truck: 5
Shipment 12, Source:1, Going:3, Size:1, In Truck: 5
Shipment 13, Source:3, Going:1, Size:2 In Warehouse: 1
Shipment 14, Source:1, Going:2, Size:3 In Warehouse: 1
Shipment 15, Source:2, Going:1, Size:3 In Warehouse: 2
Shipment 16, Source:1, Going:2, Size:3 In Warehouse: 1
Shipment 17, Source:3, Going:2, Size:1 In Warehouse: 2
Shipment 18, Source:1, Going:2, Size:1 In Warehouse: 2
Shipment 19, Source:1, Going:2, Size:3 In Warehouse: 2
Shipment 20, Source:1, Going:2, Size:2 In Warehouse: 2
Shipment 21, Source:2, Going:1, Size:1 In Warehouse: 1
Shipment 22, Source:3, Going:1, Size:3 In Warehouse: 1
Shipment 23, Source:2, Going:3, Size:1 In Warehouse: 3
Shipment 24, Source:2, Going:3, Size:1 In Warehouse: 3
Shipment 25, Source:1, Going:2, Size:3 In Warehouse: 1
Shipment 26, Source:2, Going:1, Size:2 In Warehouse: 1
Shipment 27, Source:3, Going:2, Size:2 In Warehouse: 2
Cycle: 252
Truck 5, [73,34] , Cargo:1/5, Speed:1
 (Id 12 Source: 1, Going: 3, Size:1)
WareHouse 1, [82, 34], Docks:1, [Shipment19(3,true), Shipment20(2,true), Shipment25(3,false), Shipment3(1,true), Shipment21(1,true), Shipment13(2,true), Shipment26(2,true), Shipment22(3,true), Shipment8(1,true)]
WareHouse 2, [74, 52], Docks:1, [Shipment26(2,true), Shipment19(3,true), Shipment27(2,true), Shipment5(2,true), Shipment20(2,true), Shipment18(1,true), Shipment4(3,true), Shipment7(2,true), Shipment6(2,true), Shipment1(3,true), Shipment17(1,true)]
WareHouse 3, [38, 14], Docks:1, [Shipment23(1,true), Shipment24(1,true), Shipment10(2,true), Shipment9(1,true), Shipment2(2,true), Shipment11(2,true)]
Shipment 1, Source:3, Going:2, Size:3 In Warehouse: 2
Shipment 2, Source:2, Going:3, Size:2 In Warehouse: 3
Shipment 3, Source:2, Going:1, Size:1 In Warehouse: 1
Shipment 4, Source:3, Going:2, Size:3 In Warehouse: 2
Shipment 5, Source:3, Going:2, Size:2 In Warehouse: 2
Shipment 6, Source:3, Going:2, Size:2 In Warehouse: 2
Shipment 7, Source:1, Going:2, Size:2 In Warehouse: 2
Shipment 8, Source:3, Going:1, Size:1 In Warehouse: 1
Shipment 9, Source:2, Going:3, Size:1 In Warehouse: 3
Shipment 10, Source:1, Going:3, Size:2 In Warehouse: 3
Shipment 11, Source:2, Going:3, Size:2, In Truck: 5
Shipment 12, Source:1, Going:3, Size:1, In Truck: 5
Shipment 13, Source:3, Going:1, Size:2 In Warehouse: 1
Shipment 14, Source:1, Going:2, Size:3 In Warehouse: 1
Shipment 15, Source:2, Going:1, Size:3 In Warehouse: 2
Shipment 16, Source:1, Going:2, Size:3 In Warehouse: 1
Shipment 17, Source:3, Going:2, Size:1 In Warehouse: 2
Shipment 18, Source:1, Going:2, Size:1 In Warehouse: 2
Shipment 19, Source:1, Going:2, Size:3 In Warehouse: 2
Shipment 20, Source:1, Going:2, Size:2 In Warehouse: 2
Shipment 21, Source:2, Going:1, Size:1 In Warehouse: 1
Shipment 22, Source:3, Going:1, Size:3 In Warehouse: 1
Shipment 23, Source:2, Going:3, Size:1 In Warehouse: 3
Shipment 24, Source:2, Going:3, Size:1 In Warehouse: 3
Shipment 25, Source:1, Going:2, Size:3 In Warehouse: 1
Shipment 26, Source:2, Going:1, Size:2 In Warehouse: 1
Shipment 27, Source:3, Going:2, Size:2 In Warehouse: 2
Cycle: 253
Truck 5, [72,34] , Cargo:1/5, Speed:1
 (Id 12 Source: 1, Going: 3, Size:1)
WareHouse 1, [82, 34], Docks:1, [Shipment19(3,true), Shipment20(2,true), Shipment25(3,false), Shipment3(1,true), Shipment21(1,true), Shipment13(2,true), Shipment26(2,true), Shipment22(3,true), Shipment8(1,true)]
WareHouse 2, [74, 52], Docks:1, [Shipment26(2,true), Shipment19(3,true), Shipment27(2,true), Shipment5(2,true), Shipment20(2,true), Shipment18(1,true), Shipment4(3,true), Shipment7(2,true), Shipment6(2,true), Shipment1(3,true), Shipment17(1,true)]
WareHouse 3, [38, 14], Docks:1, [Shipment23(1,true), Shipment24(1,true), Shipment10(2,true), Shipment9(1,true), Shipment2(2,true), Shipment11(2,true)]
Shipment 1, Source:3, Going:2, Size:3 In Warehouse: 2
Shipment 2, Source:2, Going:3, Size:2 In Warehouse: 3
Shipment 3, Source:2, Going:1, Size:1 In Warehouse: 1
Shipment 4, Source:3, Going:2, Size:3 In Warehouse: 2
Shipment 5, Source:3, Going:2, Size:2 In Warehouse: 2
Shipment 6, Source:3, Going:2, Size:2 In Warehouse: 2
Shipment 7, Source:1, Going:2, Size:2 In Warehouse: 2
Shipment 8, Source:3, Going:1, Size:1 In Warehouse: 1
Shipment 9, Source:2, Going:3, Size:1 In Warehouse: 3
Shipment 10, Source:1, Going:3, Size:2 In Warehouse: 3
Shipment 11, Source:2, Going:3, Size:2, In Truck: 5
Shipment 12, Source:1, Going:3, Size:1, In Truck: 5
Shipment 13, Source:3, Going:1, Size:2 In Warehouse: 1
Shipment 14, Source:1, Going:2, Size:3 In Warehouse: 1
Shipment 15, Source:2, Going:1, Size:3 In Warehouse: 2
Shipment 16, Source:1, Going:2, Size:3 In Warehouse: 1
Shipment 17, Source:3, Going:2, Size:1 In Warehouse: 2
Shipment 18, Source:1, Going:2, Size:1 In Warehouse: 2
Shipment 19, Source:1, Going:2, Size:3 In Warehouse: 2
Shipment 20, Source:1, Going:2, Size:2 In Warehouse: 2
Shipment 21, Source:2, Going:1, Size:1 In Warehouse: 1
Shipment 22, Source:3, Going:1, Size:3 In Warehouse: 1
Shipment 23, Source:2, Going:3, Size:1 In Warehouse: 3
Shipment 24, Source:2, Going:3, Size:1 In Warehouse: 3
Shipment 25, Source:1, Going:2, Size:3 In Warehouse: 1
Shipment 26, Source:2, Going:1, Size:2 In Warehouse: 1
Shipment 27, Source:3, Going:2, Size:2 In Warehouse: 2
Cycle: 254
Truck 5, [71,34] , Cargo:1/5, Speed:1
 (Id 12 Source: 1, Going: 3, Size:1)
WareHouse 1, [82, 34], Docks:1, [Shipment19(3,true), Shipment20(2,true), Shipment25(3,false), Shipment3(1,true), Shipment21(1,true), Shipment13(2,true), Shipment26(2,true), Shipment22(3,true), Shipment8(1,true)]
WareHouse 2, [74, 52], Docks:1, [Shipment26(2,true), Shipment19(3,true), Shipment27(2,true), Shipment5(2,true), Shipment20(2,true), Shipment18(1,true), Shipment4(3,true), Shipment7(2,true), Shipment6(2,true), Shipment1(3,true), Shipment17(1,true)]
WareHouse 3, [38, 14], Docks:1, [Shipment23(1,true), Shipment24(1,true), Shipment10(2,true), Shipment9(1,true), Shipment2(2,true), Shipment11(2,true)]
Shipment 1, Source:3, Going:2, Size:3 In Warehouse: 2
Shipment 2, Source:2, Going:3, Size:2 In Warehouse: 3
Shipment 3, Source:2, Going:1, Size:1 In Warehouse: 1
Shipment 4, Source:3, Going:2, Size:3 In Warehouse: 2
Shipment 5, Source:3, Going:2, Size:2 In Warehouse: 2
Shipment 6, Source:3, Going:2, Size:2 In Warehouse: 2
Shipment 7, Source:1, Going:2, Size:2 In Warehouse: 2
Shipment 8, Source:3, Going:1, Size:1 In Warehouse: 1
Shipment 9, Source:2, Going:3, Size:1 In Warehouse: 3
Shipment 10, Source:1, Going:3, Size:2 In Warehouse: 3
Shipment 11, Source:2, Going:3, Size:2, In Truck: 5
Shipment 12, Source:1, Going:3, Size:1, In Truck: 5
Shipment 13, Source:3, Going:1, Size:2 In Warehouse: 1
Shipment 14, Source:1, Going:2, Size:3 In Warehouse: 1
Shipment 15, Source:2, Going:1, Size:3 In Warehouse: 2
Shipment 16, Source:1, Going:2, Size:3 In Warehouse: 1
Shipment 17, Source:3, Going:2, Size:1 In Warehouse: 2
Shipment 18, Source:1, Going:2, Size:1 In Warehouse: 2
Shipment 19, Source:1, Going:2, Size:3 In Warehouse: 2
Shipment 20, Source:1, Going:2, Size:2 In Warehouse: 2
Shipment 21, Source:2, Going:1, Size:1 In Warehouse: 1
Shipment 22, Source:3, Going:1, Size:3 In Warehouse: 1
Shipment 23, Source:2, Going:3, Size:1 In Warehouse: 3
Shipment 24, Source:2, Going:3, Size:1 In Warehouse: 3
Shipment 25, Source:1, Going:2, Size:3 In Warehouse: 1
Shipment 26, Source:2, Going:1, Size:2 In Warehouse: 1
Shipment 27, Source:3, Going:2, Size:2 In Warehouse: 2
Cycle: 255
Truck 5, [70,34] , Cargo:1/5, Speed:1
 (Id 12 Source: 1, Going: 3, Size:1)
WareHouse 1, [82, 34], Docks:1, [Shipment19(3,true), Shipment20(2,true), Shipment25(3,false), Shipment3(1,true), Shipment21(1,true), Shipment13(2,true), Shipment26(2,true), Shipment22(3,true), Shipment8(1,true)]
WareHouse 2, [74, 52], Docks:1, [Shipment26(2,true), Shipment19(3,true), Shipment27(2,true), Shipment5(2,true), Shipment20(2,true), Shipment18(1,true), Shipment4(3,true), Shipment7(2,true), Shipment6(2,true), Shipment1(3,true), Shipment17(1,true)]
WareHouse 3, [38, 14], Docks:1, [Shipment23(1,true), Shipment24(1,true), Shipment10(2,true), Shipment9(1,true), Shipment2(2,true), Shipment11(2,true)]
Shipment 1, Source:3, Going:2, Size:3 In Warehouse: 2
Shipment 2, Source:2, Going:3, Size:2 In Warehouse: 3
Shipment 3, Source:2, Going:1, Size:1 In Warehouse: 1
Shipment 4, Source:3, Going:2, Size:3 In Warehouse: 2
Shipment 5, Source:3, Going:2, Size:2 In Warehouse: 2
Shipment 6, Source:3, Going:2, Size:2 In Warehouse: 2
Shipment 7, Source:1, Going:2, Size:2 In Warehouse: 2
Shipment 8, Source:3, Going:1, Size:1 In Warehouse: 1
Shipment 9, Source:2, Going:3, Size:1 In Warehouse: 3
Shipment 10, Source:1, Going:3, Size:2 In Warehouse: 3
Shipment 11, Source:2, Going:3, Size:2, In Truck: 5
Shipment 12, Source:1, Going:3, Size:1, In Truck: 5
Shipment 13, Source:3, Going:1, Size:2 In Warehouse: 1
Shipment 14, Source:1, Going:2, Size:3 In Warehouse: 1
Shipment 15, Source:2, Going:1, Size:3 In Warehouse: 2
Shipment 16, Source:1, Going:2, Size:3 In Warehouse: 1
Shipment 17, Source:3, Going:2, Size:1 In Warehouse: 2
Shipment 18, Source:1, Going:2, Size:1 In Warehouse: 2
Shipment 19, Source:1, Going:2, Size:3 In Warehouse: 2
Shipment 20, Source:1, Going:2, Size:2 In Warehouse: 2
Shipment 21, Source:2, Going:1, Size:1 In Warehouse: 1
Shipment 22, Source:3, Going:1, Size:3 In Warehouse: 1
Shipment 23, Source:2, Going:3, Size:1 In Warehouse: 3
Shipment 24, Source:2, Going:3, Size:1 In Warehouse: 3
Shipment 25, Source:1, Going:2, Size:3 In Warehouse: 1
Shipment 26, Source:2, Going:1, Size:2 In Warehouse: 1
Shipment 27, Source:3, Going:2, Size:2 In Warehouse: 2
Cycle: 256
Truck 5, [69,34] , Cargo:1/5, Speed:1
 (Id 12 Source: 1, Going: 3, Size:1)
WareHouse 1, [82, 34], Docks:1, [Shipment19(3,true), Shipment20(2,true), Shipment25(3,false), Shipment3(1,true), Shipment21(1,true), Shipment13(2,true), Shipment26(2,true), Shipment22(3,true), Shipment8(1,true)]
WareHouse 2, [74, 52], Docks:1, [Shipment26(2,true), Shipment19(3,true), Shipment27(2,true), Shipment5(2,true), Shipment20(2,true), Shipment18(1,true), Shipment4(3,true), Shipment7(2,true), Shipment6(2,true), Shipment1(3,true), Shipment17(1,true)]
WareHouse 3, [38, 14], Docks:1, [Shipment23(1,true), Shipment24(1,true), Shipment10(2,true), Shipment9(1,true), Shipment2(2,true), Shipment11(2,true)]
Shipment 1, Source:3, Going:2, Size:3 In Warehouse: 2
Shipment 2, Source:2, Going:3, Size:2 In Warehouse: 3
Shipment 3, Source:2, Going:1, Size:1 In Warehouse: 1
Shipment 4, Source:3, Going:2, Size:3 In Warehouse: 2
Shipment 5, Source:3, Going:2, Size:2 In Warehouse: 2
Shipment 6, Source:3, Going:2, Size:2 In Warehouse: 2
Shipment 7, Source:1, Going:2, Size:2 In Warehouse: 2
Shipment 8, Source:3, Going:1, Size:1 In Warehouse: 1
Shipment 9, Source:2, Going:3, Size:1 In Warehouse: 3
Shipment 10, Source:1, Going:3, Size:2 In Warehouse: 3
Shipment 11, Source:2, Going:3, Size:2, In Truck: 5
Shipment 12, Source:1, Going:3, Size:1, In Truck: 5
Shipment 13, Source:3, Going:1, Size:2 In Warehouse: 1
Shipment 14, Source:1, Going:2, Size:3 In Warehouse: 1
Shipment 15, Source:2, Going:1, Size:3 In Warehouse: 2
Shipment 16, Source:1, Going:2, Size:3 In Warehouse: 1
Shipment 17, Source:3, Going:2, Size:1 In Warehouse: 2
Shipment 18, Source:1, Going:2, Size:1 In Warehouse: 2
Shipment 19, Source:1, Going:2, Size:3 In Warehouse: 2
Shipment 20, Source:1, Going:2, Size:2 In Warehouse: 2
Shipment 21, Source:2, Going:1, Size:1 In Warehouse: 1
Shipment 22, Source:3, Going:1, Size:3 In Warehouse: 1
Shipment 23, Source:2, Going:3, Size:1 In Warehouse: 3
Shipment 24, Source:2, Going:3, Size:1 In Warehouse: 3
Shipment 25, Source:1, Going:2, Size:3 In Warehouse: 1
Shipment 26, Source:2, Going:1, Size:2 In Warehouse: 1
Shipment 27, Source:3, Going:2, Size:2 In Warehouse: 2
Cycle: 257
Truck 5, [68,34] , Cargo:1/5, Speed:1
 (Id 12 Source: 1, Going: 3, Size:1)
WareHouse 1, [82, 34], Docks:1, [Shipment19(3,true), Shipment20(2,true), Shipment25(3,false), Shipment3(1,true), Shipment21(1,true), Shipment13(2,true), Shipment26(2,true), Shipment22(3,true), Shipment8(1,true)]
WareHouse 2, [74, 52], Docks:1, [Shipment26(2,true), Shipment19(3,true), Shipment27(2,true), Shipment5(2,true), Shipment20(2,true), Shipment18(1,true), Shipment4(3,true), Shipment7(2,true), Shipment6(2,true), Shipment1(3,true), Shipment17(1,true)]
WareHouse 3, [38, 14], Docks:1, [Shipment23(1,true), Shipment24(1,true), Shipment10(2,true), Shipment9(1,true), Shipment2(2,true), Shipment11(2,true)]
Shipment 1, Source:3, Going:2, Size:3 In Warehouse: 2
Shipment 2, Source:2, Going:3, Size:2 In Warehouse: 3
Shipment 3, Source:2, Going:1, Size:1 In Warehouse: 1
Shipment 4, Source:3, Going:2, Size:3 In Warehouse: 2
Shipment 5, Source:3, Going:2, Size:2 In Warehouse: 2
Shipment 6, Source:3, Going:2, Size:2 In Warehouse: 2
Shipment 7, Source:1, Going:2, Size:2 In Warehouse: 2
Shipment 8, Source:3, Going:1, Size:1 In Warehouse: 1
Shipment 9, Source:2, Going:3, Size:1 In Warehouse: 3
Shipment 10, Source:1, Going:3, Size:2 In Warehouse: 3
Shipment 11, Source:2, Going:3, Size:2, In Truck: 5
Shipment 12, Source:1, Going:3, Size:1, In Truck: 5
Shipment 13, Source:3, Going:1, Size:2 In Warehouse: 1
Shipment 14, Source:1, Going:2, Size:3 In Warehouse: 1
Shipment 15, Source:2, Going:1, Size:3 In Warehouse: 2
Shipment 16, Source:1, Going:2, Size:3 In Warehouse: 1
Shipment 17, Source:3, Going:2, Size:1 In Warehouse: 2
Shipment 18, Source:1, Going:2, Size:1 In Warehouse: 2
Shipment 19, Source:1, Going:2, Size:3 In Warehouse: 2
Shipment 20, Source:1, Going:2, Size:2 In Warehouse: 2
Shipment 21, Source:2, Going:1, Size:1 In Warehouse: 1
Shipment 22, Source:3, Going:1, Size:3 In Warehouse: 1
Shipment 23, Source:2, Going:3, Size:1 In Warehouse: 3
Shipment 24, Source:2, Going:3, Size:1 In Warehouse: 3
Shipment 25, Source:1, Going:2, Size:3 In Warehouse: 1
Shipment 26, Source:2, Going:1, Size:2 In Warehouse: 1
Shipment 27, Source:3, Going:2, Size:2 In Warehouse: 2
Cycle: 258
Truck 5, [67,34] , Cargo:1/5, Speed:1
 (Id 12 Source: 1, Going: 3, Size:1)
WareHouse 1, [82, 34], Docks:1, [Shipment19(3,true), Shipment20(2,true), Shipment25(3,false), Shipment3(1,true), Shipment21(1,true), Shipment13(2,true), Shipment26(2,true), Shipment22(3,true), Shipment8(1,true)]
WareHouse 2, [74, 52], Docks:1, [Shipment26(2,true), Shipment19(3,true), Shipment27(2,true), Shipment5(2,true), Shipment20(2,true), Shipment18(1,true), Shipment4(3,true), Shipment7(2,true), Shipment6(2,true), Shipment1(3,true), Shipment17(1,true)]
WareHouse 3, [38, 14], Docks:1, [Shipment23(1,true), Shipment24(1,true), Shipment10(2,true), Shipment9(1,true), Shipment2(2,true), Shipment11(2,true)]
Shipment 1, Source:3, Going:2, Size:3 In Warehouse: 2
Shipment 2, Source:2, Going:3, Size:2 In Warehouse: 3
Shipment 3, Source:2, Going:1, Size:1 In Warehouse: 1
Shipment 4, Source:3, Going:2, Size:3 In Warehouse: 2
Shipment 5, Source:3, Going:2, Size:2 In Warehouse: 2
Shipment 6, Source:3, Going:2, Size:2 In Warehouse: 2
Shipment 7, Source:1, Going:2, Size:2 In Warehouse: 2
Shipment 8, Source:3, Going:1, Size:1 In Warehouse: 1
Shipment 9, Source:2, Going:3, Size:1 In Warehouse: 3
Shipment 10, Source:1, Going:3, Size:2 In Warehouse: 3
Shipment 11, Source:2, Going:3, Size:2, In Truck: 5
Shipment 12, Source:1, Going:3, Size:1, In Truck: 5
Shipment 13, Source:3, Going:1, Size:2 In Warehouse: 1
Shipment 14, Source:1, Going:2, Size:3 In Warehouse: 1
Shipment 15, Source:2, Going:1, Size:3 In Warehouse: 2
Shipment 16, Source:1, Going:2, Size:3 In Warehouse: 1
Shipment 17, Source:3, Going:2, Size:1 In Warehouse: 2
Shipment 18, Source:1, Going:2, Size:1 In Warehouse: 2
Shipment 19, Source:1, Going:2, Size:3 In Warehouse: 2
Shipment 20, Source:1, Going:2, Size:2 In Warehouse: 2
Shipment 21, Source:2, Going:1, Size:1 In Warehouse: 1
Shipment 22, Source:3, Going:1, Size:3 In Warehouse: 1
Shipment 23, Source:2, Going:3, Size:1 In Warehouse: 3
Shipment 24, Source:2, Going:3, Size:1 In Warehouse: 3
Shipment 25, Source:1, Going:2, Size:3 In Warehouse: 1
Shipment 26, Source:2, Going:1, Size:2 In Warehouse: 1
Shipment 27, Source:3, Going:2, Size:2 In Warehouse: 2
Cycle: 259
Truck 5, [66,34] , Cargo:1/5, Speed:1
 (Id 12 Source: 1, Going: 3, Size:1)
WareHouse 1, [82, 34], Docks:1, [Shipment19(3,true), Shipment20(2,true), Shipment25(3,false), Shipment3(1,true), Shipment21(1,true), Shipment13(2,true), Shipment26(2,true), Shipment22(3,true), Shipment8(1,true)]
WareHouse 2, [74, 52], Docks:1, [Shipment26(2,true), Shipment19(3,true), Shipment27(2,true), Shipment5(2,true), Shipment20(2,true), Shipment18(1,true), Shipment4(3,true), Shipment7(2,true), Shipment6(2,true), Shipment1(3,true), Shipment17(1,true)]
WareHouse 3, [38, 14], Docks:1, [Shipment23(1,true), Shipment24(1,true), Shipment10(2,true), Shipment9(1,true), Shipment2(2,true), Shipment11(2,true)]
Shipment 1, Source:3, Going:2, Size:3 In Warehouse: 2
Shipment 2, Source:2, Going:3, Size:2 In Warehouse: 3
Shipment 3, Source:2, Going:1, Size:1 In Warehouse: 1
Shipment 4, Source:3, Going:2, Size:3 In Warehouse: 2
Shipment 5, Source:3, Going:2, Size:2 In Warehouse: 2
Shipment 6, Source:3, Going:2, Size:2 In Warehouse: 2
Shipment 7, Source:1, Going:2, Size:2 In Warehouse: 2
Shipment 8, Source:3, Going:1, Size:1 In Warehouse: 1
Shipment 9, Source:2, Going:3, Size:1 In Warehouse: 3
Shipment 10, Source:1, Going:3, Size:2 In Warehouse: 3
Shipment 11, Source:2, Going:3, Size:2, In Truck: 5
Shipment 12, Source:1, Going:3, Size:1, In Truck: 5
Shipment 13, Source:3, Going:1, Size:2 In Warehouse: 1
Shipment 14, Source:1, Going:2, Size:3 In Warehouse: 1
Shipment 15, Source:2, Going:1, Size:3 In Warehouse: 2
Shipment 16, Source:1, Going:2, Size:3 In Warehouse: 1
Shipment 17, Source:3, Going:2, Size:1 In Warehouse: 2
Shipment 18, Source:1, Going:2, Size:1 In Warehouse: 2
Shipment 19, Source:1, Going:2, Size:3 In Warehouse: 2
Shipment 20, Source:1, Going:2, Size:2 In Warehouse: 2
Shipment 21, Source:2, Going:1, Size:1 In Warehouse: 1
Shipment 22, Source:3, Going:1, Size:3 In Warehouse: 1
Shipment 23, Source:2, Going:3, Size:1 In Warehouse: 3
Shipment 24, Source:2, Going:3, Size:1 In Warehouse: 3
Shipment 25, Source:1, Going:2, Size:3 In Warehouse: 1
Shipment 26, Source:2, Going:1, Size:2 In Warehouse: 1
Shipment 27, Source:3, Going:2, Size:2 In Warehouse: 2
Cycle: 260
Truck 5, [65,34] , Cargo:1/5, Speed:1
 (Id 12 Source: 1, Going: 3, Size:1)
WareHouse 1, [82, 34], Docks:1, [Shipment19(3,true), Shipment20(2,true), Shipment25(3,false), Shipment3(1,true), Shipment21(1,true), Shipment13(2,true), Shipment26(2,true), Shipment22(3,true), Shipment8(1,true)]
WareHouse 2, [74, 52], Docks:1, [Shipment26(2,true), Shipment19(3,true), Shipment27(2,true), Shipment5(2,true), Shipment20(2,true), Shipment18(1,true), Shipment4(3,true), Shipment7(2,true), Shipment6(2,true), Shipment1(3,true), Shipment17(1,true)]
WareHouse 3, [38, 14], Docks:1, [Shipment23(1,true), Shipment24(1,true), Shipment10(2,true), Shipment9(1,true), Shipment2(2,true), Shipment11(2,true)]
Shipment 1, Source:3, Going:2, Size:3 In Warehouse: 2
Shipment 2, Source:2, Going:3, Size:2 In Warehouse: 3
Shipment 3, Source:2, Going:1, Size:1 In Warehouse: 1
Shipment 4, Source:3, Going:2, Size:3 In Warehouse: 2
Shipment 5, Source:3, Going:2, Size:2 In Warehouse: 2
Shipment 6, Source:3, Going:2, Size:2 In Warehouse: 2
Shipment 7, Source:1, Going:2, Size:2 In Warehouse: 2
Shipment 8, Source:3, Going:1, Size:1 In Warehouse: 1
Shipment 9, Source:2, Going:3, Size:1 In Warehouse: 3
Shipment 10, Source:1, Going:3, Size:2 In Warehouse: 3
Shipment 11, Source:2, Going:3, Size:2, In Truck: 5
Shipment 12, Source:1, Going:3, Size:1, In Truck: 5
Shipment 13, Source:3, Going:1, Size:2 In Warehouse: 1
Shipment 14, Source:1, Going:2, Size:3 In Warehouse: 1
Shipment 15, Source:2, Going:1, Size:3 In Warehouse: 2
Shipment 16, Source:1, Going:2, Size:3 In Warehouse: 1
Shipment 17, Source:3, Going:2, Size:1 In Warehouse: 2
Shipment 18, Source:1, Going:2, Size:1 In Warehouse: 2
Shipment 19, Source:1, Going:2, Size:3 In Warehouse: 2
Shipment 20, Source:1, Going:2, Size:2 In Warehouse: 2
Shipment 21, Source:2, Going:1, Size:1 In Warehouse: 1
Shipment 22, Source:3, Going:1, Size:3 In Warehouse: 1
Shipment 23, Source:2, Going:3, Size:1 In Warehouse: 3
Shipment 24, Source:2, Going:3, Size:1 In Warehouse: 3
Shipment 25, Source:1, Going:2, Size:3 In Warehouse: 1
Shipment 26, Source:2, Going:1, Size:2 In Warehouse: 1
Shipment 27, Source:3, Going:2, Size:2 In Warehouse: 2
Cycle: 261
Truck 5, [64,34] , Cargo:1/5, Speed:1
 (Id 12 Source: 1, Going: 3, Size:1)
WareHouse 1, [82, 34], Docks:1, [Shipment19(3,true), Shipment20(2,true), Shipment25(3,false), Shipment3(1,true), Shipment21(1,true), Shipment13(2,true), Shipment26(2,true), Shipment22(3,true), Shipment8(1,true)]
WareHouse 2, [74, 52], Docks:1, [Shipment26(2,true), Shipment19(3,true), Shipment27(2,true), Shipment5(2,true), Shipment20(2,true), Shipment18(1,true), Shipment4(3,true), Shipment7(2,true), Shipment6(2,true), Shipment1(3,true), Shipment17(1,true)]
WareHouse 3, [38, 14], Docks:1, [Shipment23(1,true), Shipment24(1,true), Shipment10(2,true), Shipment9(1,true), Shipment2(2,true), Shipment11(2,true)]
Shipment 1, Source:3, Going:2, Size:3 In Warehouse: 2
Shipment 2, Source:2, Going:3, Size:2 In Warehouse: 3
Shipment 3, Source:2, Going:1, Size:1 In Warehouse: 1
Shipment 4, Source:3, Going:2, Size:3 In Warehouse: 2
Shipment 5, Source:3, Going:2, Size:2 In Warehouse: 2
Shipment 6, Source:3, Going:2, Size:2 In Warehouse: 2
Shipment 7, Source:1, Going:2, Size:2 In Warehouse: 2
Shipment 8, Source:3, Going:1, Size:1 In Warehouse: 1
Shipment 9, Source:2, Going:3, Size:1 In Warehouse: 3
Shipment 10, Source:1, Going:3, Size:2 In Warehouse: 3
Shipment 11, Source:2, Going:3, Size:2, In Truck: 5
Shipment 12, Source:1, Going:3, Size:1, In Truck: 5
Shipment 13, Source:3, Going:1, Size:2 In Warehouse: 1
Shipment 14, Source:1, Going:2, Size:3 In Warehouse: 1
Shipment 15, Source:2, Going:1, Size:3 In Warehouse: 2
Shipment 16, Source:1, Going:2, Size:3 In Warehouse: 1
Shipment 17, Source:3, Going:2, Size:1 In Warehouse: 2
Shipment 18, Source:1, Going:2, Size:1 In Warehouse: 2
Shipment 19, Source:1, Going:2, Size:3 In Warehouse: 2
Shipment 20, Source:1, Going:2, Size:2 In Warehouse: 2
Shipment 21, Source:2, Going:1, Size:1 In Warehouse: 1
Shipment 22, Source:3, Going:1, Size:3 In Warehouse: 1
Shipment 23, Source:2, Going:3, Size:1 In Warehouse: 3
Shipment 24, Source:2, Going:3, Size:1 In Warehouse: 3
Shipment 25, Source:1, Going:2, Size:3 In Warehouse: 1
Shipment 26, Source:2, Going:1, Size:2 In Warehouse: 1
Shipment 27, Source:3, Going:2, Size:2 In Warehouse: 2
Cycle: 262
Truck 5, [63,34] , Cargo:1/5, Speed:1
 (Id 12 Source: 1, Going: 3, Size:1)
WareHouse 1, [82, 34], Docks:1, [Shipment19(3,true), Shipment20(2,true), Shipment25(3,false), Shipment3(1,true), Shipment21(1,true), Shipment13(2,true), Shipment26(2,true), Shipment22(3,true), Shipment8(1,true)]
WareHouse 2, [74, 52], Docks:1, [Shipment26(2,true), Shipment19(3,true), Shipment27(2,true), Shipment5(2,true), Shipment20(2,true), Shipment18(1,true), Shipment4(3,true), Shipment7(2,true), Shipment6(2,true), Shipment1(3,true), Shipment17(1,true)]
WareHouse 3, [38, 14], Docks:1, [Shipment23(1,true), Shipment24(1,true), Shipment10(2,true), Shipment9(1,true), Shipment2(2,true), Shipment11(2,true)]
Shipment 1, Source:3, Going:2, Size:3 In Warehouse: 2
Shipment 2, Source:2, Going:3, Size:2 In Warehouse: 3
Shipment 3, Source:2, Going:1, Size:1 In Warehouse: 1
Shipment 4, Source:3, Going:2, Size:3 In Warehouse: 2
Shipment 5, Source:3, Going:2, Size:2 In Warehouse: 2
Shipment 6, Source:3, Going:2, Size:2 In Warehouse: 2
Shipment 7, Source:1, Going:2, Size:2 In Warehouse: 2
Shipment 8, Source:3, Going:1, Size:1 In Warehouse: 1
Shipment 9, Source:2, Going:3, Size:1 In Warehouse: 3
Shipment 10, Source:1, Going:3, Size:2 In Warehouse: 3
Shipment 11, Source:2, Going:3, Size:2, In Truck: 5
Shipment 12, Source:1, Going:3, Size:1, In Truck: 5
Shipment 13, Source:3, Going:1, Size:2 In Warehouse: 1
Shipment 14, Source:1, Going:2, Size:3 In Warehouse: 1
Shipment 15, Source:2, Going:1, Size:3 In Warehouse: 2
Shipment 16, Source:1, Going:2, Size:3 In Warehouse: 1
Shipment 17, Source:3, Going:2, Size:1 In Warehouse: 2
Shipment 18, Source:1, Going:2, Size:1 In Warehouse: 2
Shipment 19, Source:1, Going:2, Size:3 In Warehouse: 2
Shipment 20, Source:1, Going:2, Size:2 In Warehouse: 2
Shipment 21, Source:2, Going:1, Size:1 In Warehouse: 1
Shipment 22, Source:3, Going:1, Size:3 In Warehouse: 1
Shipment 23, Source:2, Going:3, Size:1 In Warehouse: 3
Shipment 24, Source:2, Going:3, Size:1 In Warehouse: 3
Shipment 25, Source:1, Going:2, Size:3 In Warehouse: 1
Shipment 26, Source:2, Going:1, Size:2 In Warehouse: 1
Shipment 27, Source:3, Going:2, Size:2 In Warehouse: 2
Cycle: 263
Truck 5, [62,34] , Cargo:1/5, Speed:1
 (Id 12 Source: 1, Going: 3, Size:1)
WareHouse 1, [82, 34], Docks:1, [Shipment19(3,true), Shipment20(2,true), Shipment25(3,false), Shipment3(1,true), Shipment21(1,true), Shipment13(2,true), Shipment26(2,true), Shipment22(3,true), Shipment8(1,true)]
WareHouse 2, [74, 52], Docks:1, [Shipment26(2,true), Shipment19(3,true), Shipment27(2,true), Shipment5(2,true), Shipment20(2,true), Shipment18(1,true), Shipment4(3,true), Shipment7(2,true), Shipment6(2,true), Shipment1(3,true), Shipment17(1,true)]
WareHouse 3, [38, 14], Docks:1, [Shipment23(1,true), Shipment24(1,true), Shipment10(2,true), Shipment9(1,true), Shipment2(2,true), Shipment11(2,true)]
Shipment 1, Source:3, Going:2, Size:3 In Warehouse: 2
Shipment 2, Source:2, Going:3, Size:2 In Warehouse: 3
Shipment 3, Source:2, Going:1, Size:1 In Warehouse: 1
Shipment 4, Source:3, Going:2, Size:3 In Warehouse: 2
Shipment 5, Source:3, Going:2, Size:2 In Warehouse: 2
Shipment 6, Source:3, Going:2, Size:2 In Warehouse: 2
Shipment 7, Source:1, Going:2, Size:2 In Warehouse: 2
Shipment 8, Source:3, Going:1, Size:1 In Warehouse: 1
Shipment 9, Source:2, Going:3, Size:1 In Warehouse: 3
Shipment 10, Source:1, Going:3, Size:2 In Warehouse: 3
Shipment 11, Source:2, Going:3, Size:2, In Truck: 5
Shipment 12, Source:1, Going:3, Size:1, In Truck: 5
Shipment 13, Source:3, Going:1, Size:2 In Warehouse: 1
Shipment 14, Source:1, Going:2, Size:3 In Warehouse: 1
Shipment 15, Source:2, Going:1, Size:3 In Warehouse: 2
Shipment 16, Source:1, Going:2, Size:3 In Warehouse: 1
Shipment 17, Source:3, Going:2, Size:1 In Warehouse: 2
Shipment 18, Source:1, Going:2, Size:1 In Warehouse: 2
Shipment 19, Source:1, Going:2, Size:3 In Warehouse: 2
Shipment 20, Source:1, Going:2, Size:2 In Warehouse: 2
Shipment 21, Source:2, Going:1, Size:1 In Warehouse: 1
Shipment 22, Source:3, Going:1, Size:3 In Warehouse: 1
Shipment 23, Source:2, Going:3, Size:1 In Warehouse: 3
Shipment 24, Source:2, Going:3, Size:1 In Warehouse: 3
Shipment 25, Source:1, Going:2, Size:3 In Warehouse: 1
Shipment 26, Source:2, Going:1, Size:2 In Warehouse: 1
Shipment 27, Source:3, Going:2, Size:2 In Warehouse: 2
Cycle: 264
Truck 5, [61,34] , Cargo:1/5, Speed:1
 (Id 12 Source: 1, Going: 3, Size:1)
WareHouse 1, [82, 34], Docks:1, [Shipment19(3,true), Shipment20(2,true), Shipment25(3,false), Shipment3(1,true), Shipment21(1,true), Shipment13(2,true), Shipment26(2,true), Shipment22(3,true), Shipment8(1,true)]
WareHouse 2, [74, 52], Docks:1, [Shipment26(2,true), Shipment19(3,true), Shipment27(2,true), Shipment5(2,true), Shipment20(2,true), Shipment18(1,true), Shipment4(3,true), Shipment7(2,true), Shipment6(2,true), Shipment1(3,true), Shipment17(1,true)]
WareHouse 3, [38, 14], Docks:1, [Shipment23(1,true), Shipment24(1,true), Shipment10(2,true), Shipment9(1,true), Shipment2(2,true), Shipment11(2,true)]
Shipment 1, Source:3, Going:2, Size:3 In Warehouse: 2
Shipment 2, Source:2, Going:3, Size:2 In Warehouse: 3
Shipment 3, Source:2, Going:1, Size:1 In Warehouse: 1
Shipment 4, Source:3, Going:2, Size:3 In Warehouse: 2
Shipment 5, Source:3, Going:2, Size:2 In Warehouse: 2
Shipment 6, Source:3, Going:2, Size:2 In Warehouse: 2
Shipment 7, Source:1, Going:2, Size:2 In Warehouse: 2
Shipment 8, Source:3, Going:1, Size:1 In Warehouse: 1
Shipment 9, Source:2, Going:3, Size:1 In Warehouse: 3
Shipment 10, Source:1, Going:3, Size:2 In Warehouse: 3
Shipment 11, Source:2, Going:3, Size:2, In Truck: 5
Shipment 12, Source:1, Going:3, Size:1, In Truck: 5
Shipment 13, Source:3, Going:1, Size:2 In Warehouse: 1
Shipment 14, Source:1, Going:2, Size:3 In Warehouse: 1
Shipment 15, Source:2, Going:1, Size:3 In Warehouse: 2
Shipment 16, Source:1, Going:2, Size:3 In Warehouse: 1
Shipment 17, Source:3, Going:2, Size:1 In Warehouse: 2
Shipment 18, Source:1, Going:2, Size:1 In Warehouse: 2
Shipment 19, Source:1, Going:2, Size:3 In Warehouse: 2
Shipment 20, Source:1, Going:2, Size:2 In Warehouse: 2
Shipment 21, Source:2, Going:1, Size:1 In Warehouse: 1
Shipment 22, Source:3, Going:1, Size:3 In Warehouse: 1
Shipment 23, Source:2, Going:3, Size:1 In Warehouse: 3
Shipment 24, Source:2, Going:3, Size:1 In Warehouse: 3
Shipment 25, Source:1, Going:2, Size:3 In Warehouse: 1
Shipment 26, Source:2, Going:1, Size:2 In Warehouse: 1
Shipment 27, Source:3, Going:2, Size:2 In Warehouse: 2
Cycle: 265
Truck 5, [60,34] , Cargo:1/5, Speed:1
 (Id 12 Source: 1, Going: 3, Size:1)
WareHouse 1, [82, 34], Docks:1, [Shipment19(3,true), Shipment20(2,true), Shipment25(3,false), Shipment3(1,true), Shipment21(1,true), Shipment13(2,true), Shipment26(2,true), Shipment22(3,true), Shipment8(1,true)]
WareHouse 2, [74, 52], Docks:1, [Shipment26(2,true), Shipment19(3,true), Shipment27(2,true), Shipment5(2,true), Shipment20(2,true), Shipment18(1,true), Shipment4(3,true), Shipment7(2,true), Shipment6(2,true), Shipment1(3,true), Shipment17(1,true)]
WareHouse 3, [38, 14], Docks:1, [Shipment23(1,true), Shipment24(1,true), Shipment10(2,true), Shipment9(1,true), Shipment2(2,true), Shipment11(2,true)]
Shipment 1, Source:3, Going:2, Size:3 In Warehouse: 2
Shipment 2, Source:2, Going:3, Size:2 In Warehouse: 3
Shipment 3, Source:2, Going:1, Size:1 In Warehouse: 1
Shipment 4, Source:3, Going:2, Size:3 In Warehouse: 2
Shipment 5, Source:3, Going:2, Size:2 In Warehouse: 2
Shipment 6, Source:3, Going:2, Size:2 In Warehouse: 2
Shipment 7, Source:1, Going:2, Size:2 In Warehouse: 2
Shipment 8, Source:3, Going:1, Size:1 In Warehouse: 1
Shipment 9, Source:2, Going:3, Size:1 In Warehouse: 3
Shipment 10, Source:1, Going:3, Size:2 In Warehouse: 3
Shipment 11, Source:2, Going:3, Size:2, In Truck: 5
Shipment 12, Source:1, Going:3, Size:1, In Truck: 5
Shipment 13, Source:3, Going:1, Size:2 In Warehouse: 1
Shipment 14, Source:1, Going:2, Size:3 In Warehouse: 1
Shipment 15, Source:2, Going:1, Size:3 In Warehouse: 2
Shipment 16, Source:1, Going:2, Size:3 In Warehouse: 1
Shipment 17, Source:3, Going:2, Size:1 In Warehouse: 2
Shipment 18, Source:1, Going:2, Size:1 In Warehouse: 2
Shipment 19, Source:1, Going:2, Size:3 In Warehouse: 2
Shipment 20, Source:1, Going:2, Size:2 In Warehouse: 2
Shipment 21, Source:2, Going:1, Size:1 In Warehouse: 1
Shipment 22, Source:3, Going:1, Size:3 In Warehouse: 1
Shipment 23, Source:2, Going:3, Size:1 In Warehouse: 3
Shipment 24, Source:2, Going:3, Size:1 In Warehouse: 3
Shipment 25, Source:1, Going:2, Size:3 In Warehouse: 1
Shipment 26, Source:2, Going:1, Size:2 In Warehouse: 1
Shipment 27, Source:3, Going:2, Size:2 In Warehouse: 2
Cycle: 266
Truck 5, [59,34] , Cargo:1/5, Speed:1
 (Id 12 Source: 1, Going: 3, Size:1)
WareHouse 1, [82, 34], Docks:1, [Shipment19(3,true), Shipment20(2,true), Shipment25(3,false), Shipment3(1,true), Shipment21(1,true), Shipment13(2,true), Shipment26(2,true), Shipment22(3,true), Shipment8(1,true)]
WareHouse 2, [74, 52], Docks:1, [Shipment26(2,true), Shipment19(3,true), Shipment27(2,true), Shipment5(2,true), Shipment20(2,true), Shipment18(1,true), Shipment4(3,true), Shipment7(2,true), Shipment6(2,true), Shipment1(3,true), Shipment17(1,true)]
WareHouse 3, [38, 14], Docks:1, [Shipment23(1,true), Shipment24(1,true), Shipment10(2,true), Shipment9(1,true), Shipment2(2,true), Shipment11(2,true)]
Shipment 1, Source:3, Going:2, Size:3 In Warehouse: 2
Shipment 2, Source:2, Going:3, Size:2 In Warehouse: 3
Shipment 3, Source:2, Going:1, Size:1 In Warehouse: 1
Shipment 4, Source:3, Going:2, Size:3 In Warehouse: 2
Shipment 5, Source:3, Going:2, Size:2 In Warehouse: 2
Shipment 6, Source:3, Going:2, Size:2 In Warehouse: 2
Shipment 7, Source:1, Going:2, Size:2 In Warehouse: 2
Shipment 8, Source:3, Going:1, Size:1 In Warehouse: 1
Shipment 9, Source:2, Going:3, Size:1 In Warehouse: 3
Shipment 10, Source:1, Going:3, Size:2 In Warehouse: 3
Shipment 11, Source:2, Going:3, Size:2, In Truck: 5
Shipment 12, Source:1, Going:3, Size:1, In Truck: 5
Shipment 13, Source:3, Going:1, Size:2 In Warehouse: 1
Shipment 14, Source:1, Going:2, Size:3 In Warehouse: 1
Shipment 15, Source:2, Going:1, Size:3 In Warehouse: 2
Shipment 16, Source:1, Going:2, Size:3 In Warehouse: 1
Shipment 17, Source:3, Going:2, Size:1 In Warehouse: 2
Shipment 18, Source:1, Going:2, Size:1 In Warehouse: 2
Shipment 19, Source:1, Going:2, Size:3 In Warehouse: 2
Shipment 20, Source:1, Going:2, Size:2 In Warehouse: 2
Shipment 21, Source:2, Going:1, Size:1 In Warehouse: 1
Shipment 22, Source:3, Going:1, Size:3 In Warehouse: 1
Shipment 23, Source:2, Going:3, Size:1 In Warehouse: 3
Shipment 24, Source:2, Going:3, Size:1 In Warehouse: 3
Shipment 25, Source:1, Going:2, Size:3 In Warehouse: 1
Shipment 26, Source:2, Going:1, Size:2 In Warehouse: 1
Shipment 27, Source:3, Going:2, Size:2 In Warehouse: 2
Cycle: 267
Truck 5, [58,34] , Cargo:1/5, Speed:1
 (Id 12 Source: 1, Going: 3, Size:1)
WareHouse 1, [82, 34], Docks:1, [Shipment19(3,true), Shipment20(2,true), Shipment25(3,false), Shipment3(1,true), Shipment21(1,true), Shipment13(2,true), Shipment26(2,true), Shipment22(3,true), Shipment8(1,true)]
WareHouse 2, [74, 52], Docks:1, [Shipment26(2,true), Shipment19(3,true), Shipment27(2,true), Shipment5(2,true), Shipment20(2,true), Shipment18(1,true), Shipment4(3,true), Shipment7(2,true), Shipment6(2,true), Shipment1(3,true), Shipment17(1,true)]
WareHouse 3, [38, 14], Docks:1, [Shipment23(1,true), Shipment24(1,true), Shipment10(2,true), Shipment9(1,true), Shipment2(2,true), Shipment11(2,true)]
Shipment 1, Source:3, Going:2, Size:3 In Warehouse: 2
Shipment 2, Source:2, Going:3, Size:2 In Warehouse: 3
Shipment 3, Source:2, Going:1, Size:1 In Warehouse: 1
Shipment 4, Source:3, Going:2, Size:3 In Warehouse: 2
Shipment 5, Source:3, Going:2, Size:2 In Warehouse: 2
Shipment 6, Source:3, Going:2, Size:2 In Warehouse: 2
Shipment 7, Source:1, Going:2, Size:2 In Warehouse: 2
Shipment 8, Source:3, Going:1, Size:1 In Warehouse: 1
Shipment 9, Source:2, Going:3, Size:1 In Warehouse: 3
Shipment 10, Source:1, Going:3, Size:2 In Warehouse: 3
Shipment 11, Source:2, Going:3, Size:2, In Truck: 5
Shipment 12, Source:1, Going:3, Size:1, In Truck: 5
Shipment 13, Source:3, Going:1, Size:2 In Warehouse: 1
Shipment 14, Source:1, Going:2, Size:3 In Warehouse: 1
Shipment 15, Source:2, Going:1, Size:3 In Warehouse: 2
Shipment 16, Source:1, Going:2, Size:3 In Warehouse: 1
Shipment 17, Source:3, Going:2, Size:1 In Warehouse: 2
Shipment 18, Source:1, Going:2, Size:1 In Warehouse: 2
Shipment 19, Source:1, Going:2, Size:3 In Warehouse: 2
Shipment 20, Source:1, Going:2, Size:2 In Warehouse: 2
Shipment 21, Source:2, Going:1, Size:1 In Warehouse: 1
Shipment 22, Source:3, Going:1, Size:3 In Warehouse: 1
Shipment 23, Source:2, Going:3, Size:1 In Warehouse: 3
Shipment 24, Source:2, Going:3, Size:1 In Warehouse: 3
Shipment 25, Source:1, Going:2, Size:3 In Warehouse: 1
Shipment 26, Source:2, Going:1, Size:2 In Warehouse: 1
Shipment 27, Source:3, Going:2, Size:2 In Warehouse: 2
Cycle: 268
Truck 5, [57,34] , Cargo:1/5, Speed:1
 (Id 12 Source: 1, Going: 3, Size:1)
WareHouse 1, [82, 34], Docks:1, [Shipment19(3,true), Shipment20(2,true), Shipment25(3,false), Shipment3(1,true), Shipment21(1,true), Shipment13(2,true), Shipment26(2,true), Shipment22(3,true), Shipment8(1,true)]
WareHouse 2, [74, 52], Docks:1, [Shipment26(2,true), Shipment19(3,true), Shipment27(2,true), Shipment5(2,true), Shipment20(2,true), Shipment18(1,true), Shipment4(3,true), Shipment7(2,true), Shipment6(2,true), Shipment1(3,true), Shipment17(1,true)]
WareHouse 3, [38, 14], Docks:1, [Shipment23(1,true), Shipment24(1,true), Shipment10(2,true), Shipment9(1,true), Shipment2(2,true), Shipment11(2,true)]
Shipment 1, Source:3, Going:2, Size:3 In Warehouse: 2
Shipment 2, Source:2, Going:3, Size:2 In Warehouse: 3
Shipment 3, Source:2, Going:1, Size:1 In Warehouse: 1
Shipment 4, Source:3, Going:2, Size:3 In Warehouse: 2
Shipment 5, Source:3, Going:2, Size:2 In Warehouse: 2
Shipment 6, Source:3, Going:2, Size:2 In Warehouse: 2
Shipment 7, Source:1, Going:2, Size:2 In Warehouse: 2
Shipment 8, Source:3, Going:1, Size:1 In Warehouse: 1
Shipment 9, Source:2, Going:3, Size:1 In Warehouse: 3
Shipment 10, Source:1, Going:3, Size:2 In Warehouse: 3
Shipment 11, Source:2, Going:3, Size:2, In Truck: 5
Shipment 12, Source:1, Going:3, Size:1, In Truck: 5
Shipment 13, Source:3, Going:1, Size:2 In Warehouse: 1
Shipment 14, Source:1, Going:2, Size:3 In Warehouse: 1
Shipment 15, Source:2, Going:1, Size:3 In Warehouse: 2
Shipment 16, Source:1, Going:2, Size:3 In Warehouse: 1
Shipment 17, Source:3, Going:2, Size:1 In Warehouse: 2
Shipment 18, Source:1, Going:2, Size:1 In Warehouse: 2
Shipment 19, Source:1, Going:2, Size:3 In Warehouse: 2
Shipment 20, Source:1, Going:2, Size:2 In Warehouse: 2
Shipment 21, Source:2, Going:1, Size:1 In Warehouse: 1
Shipment 22, Source:3, Going:1, Size:3 In Warehouse: 1
Shipment 23, Source:2, Going:3, Size:1 In Warehouse: 3
Shipment 24, Source:2, Going:3, Size:1 In Warehouse: 3
Shipment 25, Source:1, Going:2, Size:3 In Warehouse: 1
Shipment 26, Source:2, Going:1, Size:2 In Warehouse: 1
Shipment 27, Source:3, Going:2, Size:2 In Warehouse: 2
Cycle: 269
Truck 5, [56,34] , Cargo:1/5, Speed:1
 (Id 12 Source: 1, Going: 3, Size:1)
WareHouse 1, [82, 34], Docks:1, [Shipment19(3,true), Shipment20(2,true), Shipment25(3,false), Shipment3(1,true), Shipment21(1,true), Shipment13(2,true), Shipment26(2,true), Shipment22(3,true), Shipment8(1,true)]
WareHouse 2, [74, 52], Docks:1, [Shipment26(2,true), Shipment19(3,true), Shipment27(2,true), Shipment5(2,true), Shipment20(2,true), Shipment18(1,true), Shipment4(3,true), Shipment7(2,true), Shipment6(2,true), Shipment1(3,true), Shipment17(1,true)]
WareHouse 3, [38, 14], Docks:1, [Shipment23(1,true), Shipment24(1,true), Shipment10(2,true), Shipment9(1,true), Shipment2(2,true), Shipment11(2,true)]
Shipment 1, Source:3, Going:2, Size:3 In Warehouse: 2
Shipment 2, Source:2, Going:3, Size:2 In Warehouse: 3
Shipment 3, Source:2, Going:1, Size:1 In Warehouse: 1
Shipment 4, Source:3, Going:2, Size:3 In Warehouse: 2
Shipment 5, Source:3, Going:2, Size:2 In Warehouse: 2
Shipment 6, Source:3, Going:2, Size:2 In Warehouse: 2
Shipment 7, Source:1, Going:2, Size:2 In Warehouse: 2
Shipment 8, Source:3, Going:1, Size:1 In Warehouse: 1
Shipment 9, Source:2, Going:3, Size:1 In Warehouse: 3
Shipment 10, Source:1, Going:3, Size:2 In Warehouse: 3
Shipment 11, Source:2, Going:3, Size:2, In Truck: 5
Shipment 12, Source:1, Going:3, Size:1, In Truck: 5
Shipment 13, Source:3, Going:1, Size:2 In Warehouse: 1
Shipment 14, Source:1, Going:2, Size:3 In Warehouse: 1
Shipment 15, Source:2, Going:1, Size:3 In Warehouse: 2
Shipment 16, Source:1, Going:2, Size:3 In Warehouse: 1
Shipment 17, Source:3, Going:2, Size:1 In Warehouse: 2
Shipment 18, Source:1, Going:2, Size:1 In Warehouse: 2
Shipment 19, Source:1, Going:2, Size:3 In Warehouse: 2
Shipment 20, Source:1, Going:2, Size:2 In Warehouse: 2
Shipment 21, Source:2, Going:1, Size:1 In Warehouse: 1
Shipment 22, Source:3, Going:1, Size:3 In Warehouse: 1
Shipment 23, Source:2, Going:3, Size:1 In Warehouse: 3
Shipment 24, Source:2, Going:3, Size:1 In Warehouse: 3
Shipment 25, Source:1, Going:2, Size:3 In Warehouse: 1
Shipment 26, Source:2, Going:1, Size:2 In Warehouse: 1
Shipment 27, Source:3, Going:2, Size:2 In Warehouse: 2
Cycle: 270
Truck 5, [55,34] , Cargo:1/5, Speed:1
 (Id 12 Source: 1, Going: 3, Size:1)
WareHouse 1, [82, 34], Docks:1, [Shipment19(3,true), Shipment20(2,true), Shipment25(3,false), Shipment3(1,true), Shipment21(1,true), Shipment13(2,true), Shipment26(2,true), Shipment22(3,true), Shipment8(1,true)]
WareHouse 2, [74, 52], Docks:1, [Shipment26(2,true), Shipment19(3,true), Shipment27(2,true), Shipment5(2,true), Shipment20(2,true), Shipment18(1,true), Shipment4(3,true), Shipment7(2,true), Shipment6(2,true), Shipment1(3,true), Shipment17(1,true)]
WareHouse 3, [38, 14], Docks:1, [Shipment23(1,true), Shipment24(1,true), Shipment10(2,true), Shipment9(1,true), Shipment2(2,true), Shipment11(2,true)]
Shipment 1, Source:3, Going:2, Size:3 In Warehouse: 2
Shipment 2, Source:2, Going:3, Size:2 In Warehouse: 3
Shipment 3, Source:2, Going:1, Size:1 In Warehouse: 1
Shipment 4, Source:3, Going:2, Size:3 In Warehouse: 2
Shipment 5, Source:3, Going:2, Size:2 In Warehouse: 2
Shipment 6, Source:3, Going:2, Size:2 In Warehouse: 2
Shipment 7, Source:1, Going:2, Size:2 In Warehouse: 2
Shipment 8, Source:3, Going:1, Size:1 In Warehouse: 1
Shipment 9, Source:2, Going:3, Size:1 In Warehouse: 3
Shipment 10, Source:1, Going:3, Size:2 In Warehouse: 3
Shipment 11, Source:2, Going:3, Size:2, In Truck: 5
Shipment 12, Source:1, Going:3, Size:1, In Truck: 5
Shipment 13, Source:3, Going:1, Size:2 In Warehouse: 1
Shipment 14, Source:1, Going:2, Size:3 In Warehouse: 1
Shipment 15, Source:2, Going:1, Size:3 In Warehouse: 2
Shipment 16, Source:1, Going:2, Size:3 In Warehouse: 1
Shipment 17, Source:3, Going:2, Size:1 In Warehouse: 2
Shipment 18, Source:1, Going:2, Size:1 In Warehouse: 2
Shipment 19, Source:1, Going:2, Size:3 In Warehouse: 2
Shipment 20, Source:1, Going:2, Size:2 In Warehouse: 2
Shipment 21, Source:2, Going:1, Size:1 In Warehouse: 1
Shipment 22, Source:3, Going:1, Size:3 In Warehouse: 1
Shipment 23, Source:2, Going:3, Size:1 In Warehouse: 3
Shipment 24, Source:2, Going:3, Size:1 In Warehouse: 3
Shipment 25, Source:1, Going:2, Size:3 In Warehouse: 1
Shipment 26, Source:2, Going:1, Size:2 In Warehouse: 1
Shipment 27, Source:3, Going:2, Size:2 In Warehouse: 2
Cycle: 271
Truck 5, [54,34] , Cargo:1/5, Speed:1
 (Id 12 Source: 1, Going: 3, Size:1)
WareHouse 1, [82, 34], Docks:1, [Shipment19(3,true), Shipment20(2,true), Shipment25(3,false), Shipment3(1,true), Shipment21(1,true), Shipment13(2,true), Shipment26(2,true), Shipment22(3,true), Shipment8(1,true)]
WareHouse 2, [74, 52], Docks:1, [Shipment26(2,true), Shipment19(3,true), Shipment27(2,true), Shipment5(2,true), Shipment20(2,true), Shipment18(1,true), Shipment4(3,true), Shipment7(2,true), Shipment6(2,true), Shipment1(3,true), Shipment17(1,true)]
WareHouse 3, [38, 14], Docks:1, [Shipment23(1,true), Shipment24(1,true), Shipment10(2,true), Shipment9(1,true), Shipment2(2,true), Shipment11(2,true)]
Shipment 1, Source:3, Going:2, Size:3 In Warehouse: 2
Shipment 2, Source:2, Going:3, Size:2 In Warehouse: 3
Shipment 3, Source:2, Going:1, Size:1 In Warehouse: 1
Shipment 4, Source:3, Going:2, Size:3 In Warehouse: 2
Shipment 5, Source:3, Going:2, Size:2 In Warehouse: 2
Shipment 6, Source:3, Going:2, Size:2 In Warehouse: 2
Shipment 7, Source:1, Going:2, Size:2 In Warehouse: 2
Shipment 8, Source:3, Going:1, Size:1 In Warehouse: 1
Shipment 9, Source:2, Going:3, Size:1 In Warehouse: 3
Shipment 10, Source:1, Going:3, Size:2 In Warehouse: 3
Shipment 11, Source:2, Going:3, Size:2, In Truck: 5
Shipment 12, Source:1, Going:3, Size:1, In Truck: 5
Shipment 13, Source:3, Going:1, Size:2 In Warehouse: 1
Shipment 14, Source:1, Going:2, Size:3 In Warehouse: 1
Shipment 15, Source:2, Going:1, Size:3 In Warehouse: 2
Shipment 16, Source:1, Going:2, Size:3 In Warehouse: 1
Shipment 17, Source:3, Going:2, Size:1 In Warehouse: 2
Shipment 18, Source:1, Going:2, Size:1 In Warehouse: 2
Shipment 19, Source:1, Going:2, Size:3 In Warehouse: 2
Shipment 20, Source:1, Going:2, Size:2 In Warehouse: 2
Shipment 21, Source:2, Going:1, Size:1 In Warehouse: 1
Shipment 22, Source:3, Going:1, Size:3 In Warehouse: 1
Shipment 23, Source:2, Going:3, Size:1 In Warehouse: 3
Shipment 24, Source:2, Going:3, Size:1 In Warehouse: 3
Shipment 25, Source:1, Going:2, Size:3 In Warehouse: 1
Shipment 26, Source:2, Going:1, Size:2 In Warehouse: 1
Shipment 27, Source:3, Going:2, Size:2 In Warehouse: 2
Cycle: 272
Truck 5, [53,34] , Cargo:1/5, Speed:1
 (Id 12 Source: 1, Going: 3, Size:1)
WareHouse 1, [82, 34], Docks:1, [Shipment19(3,true), Shipment20(2,true), Shipment25(3,false), Shipment3(1,true), Shipment21(1,true), Shipment13(2,true), Shipment26(2,true), Shipment22(3,true), Shipment8(1,true)]
WareHouse 2, [74, 52], Docks:1, [Shipment26(2,true), Shipment19(3,true), Shipment27(2,true), Shipment5(2,true), Shipment20(2,true), Shipment18(1,true), Shipment4(3,true), Shipment7(2,true), Shipment6(2,true), Shipment1(3,true), Shipment17(1,true)]
WareHouse 3, [38, 14], Docks:1, [Shipment23(1,true), Shipment24(1,true), Shipment10(2,true), Shipment9(1,true), Shipment2(2,true), Shipment11(2,true)]
Shipment 1, Source:3, Going:2, Size:3 In Warehouse: 2
Shipment 2, Source:2, Going:3, Size:2 In Warehouse: 3
Shipment 3, Source:2, Going:1, Size:1 In Warehouse: 1
Shipment 4, Source:3, Going:2, Size:3 In Warehouse: 2
Shipment 5, Source:3, Going:2, Size:2 In Warehouse: 2
Shipment 6, Source:3, Going:2, Size:2 In Warehouse: 2
Shipment 7, Source:1, Going:2, Size:2 In Warehouse: 2
Shipment 8, Source:3, Going:1, Size:1 In Warehouse: 1
Shipment 9, Source:2, Going:3, Size:1 In Warehouse: 3
Shipment 10, Source:1, Going:3, Size:2 In Warehouse: 3
Shipment 11, Source:2, Going:3, Size:2, In Truck: 5
Shipment 12, Source:1, Going:3, Size:1, In Truck: 5
Shipment 13, Source:3, Going:1, Size:2 In Warehouse: 1
Shipment 14, Source:1, Going:2, Size:3 In Warehouse: 1
Shipment 15, Source:2, Going:1, Size:3 In Warehouse: 2
Shipment 16, Source:1, Going:2, Size:3 In Warehouse: 1
Shipment 17, Source:3, Going:2, Size:1 In Warehouse: 2
Shipment 18, Source:1, Going:2, Size:1 In Warehouse: 2
Shipment 19, Source:1, Going:2, Size:3 In Warehouse: 2
Shipment 20, Source:1, Going:2, Size:2 In Warehouse: 2
Shipment 21, Source:2, Going:1, Size:1 In Warehouse: 1
Shipment 22, Source:3, Going:1, Size:3 In Warehouse: 1
Shipment 23, Source:2, Going:3, Size:1 In Warehouse: 3
Shipment 24, Source:2, Going:3, Size:1 In Warehouse: 3
Shipment 25, Source:1, Going:2, Size:3 In Warehouse: 1
Shipment 26, Source:2, Going:1, Size:2 In Warehouse: 1
Shipment 27, Source:3, Going:2, Size:2 In Warehouse: 2
Cycle: 273
Truck 5, [52,34] , Cargo:1/5, Speed:1
 (Id 12 Source: 1, Going: 3, Size:1)
WareHouse 1, [82, 34], Docks:1, [Shipment19(3,true), Shipment20(2,true), Shipment25(3,false), Shipment3(1,true), Shipment21(1,true), Shipment13(2,true), Shipment26(2,true), Shipment22(3,true), Shipment8(1,true)]
WareHouse 2, [74, 52], Docks:1, [Shipment26(2,true), Shipment19(3,true), Shipment27(2,true), Shipment5(2,true), Shipment20(2,true), Shipment18(1,true), Shipment4(3,true), Shipment7(2,true), Shipment6(2,true), Shipment1(3,true), Shipment17(1,true)]
WareHouse 3, [38, 14], Docks:1, [Shipment23(1,true), Shipment24(1,true), Shipment10(2,true), Shipment9(1,true), Shipment2(2,true), Shipment11(2,true)]
Shipment 1, Source:3, Going:2, Size:3 In Warehouse: 2
Shipment 2, Source:2, Going:3, Size:2 In Warehouse: 3
Shipment 3, Source:2, Going:1, Size:1 In Warehouse: 1
Shipment 4, Source:3, Going:2, Size:3 In Warehouse: 2
Shipment 5, Source:3, Going:2, Size:2 In Warehouse: 2
Shipment 6, Source:3, Going:2, Size:2 In Warehouse: 2
Shipment 7, Source:1, Going:2, Size:2 In Warehouse: 2
Shipment 8, Source:3, Going:1, Size:1 In Warehouse: 1
Shipment 9, Source:2, Going:3, Size:1 In Warehouse: 3
Shipment 10, Source:1, Going:3, Size:2 In Warehouse: 3
Shipment 11, Source:2, Going:3, Size:2, In Truck: 5
Shipment 12, Source:1, Going:3, Size:1, In Truck: 5
Shipment 13, Source:3, Going:1, Size:2 In Warehouse: 1
Shipment 14, Source:1, Going:2, Size:3 In Warehouse: 1
Shipment 15, Source:2, Going:1, Size:3 In Warehouse: 2
Shipment 16, Source:1, Going:2, Size:3 In Warehouse: 1
Shipment 17, Source:3, Going:2, Size:1 In Warehouse: 2
Shipment 18, Source:1, Going:2, Size:1 In Warehouse: 2
Shipment 19, Source:1, Going:2, Size:3 In Warehouse: 2
Shipment 20, Source:1, Going:2, Size:2 In Warehouse: 2
Shipment 21, Source:2, Going:1, Size:1 In Warehouse: 1
Shipment 22, Source:3, Going:1, Size:3 In Warehouse: 1
Shipment 23, Source:2, Going:3, Size:1 In Warehouse: 3
Shipment 24, Source:2, Going:3, Size:1 In Warehouse: 3
Shipment 25, Source:1, Going:2, Size:3 In Warehouse: 1
Shipment 26, Source:2, Going:1, Size:2 In Warehouse: 1
Shipment 27, Source:3, Going:2, Size:2 In Warehouse: 2
Cycle: 274
Truck 5, [51,34] , Cargo:1/5, Speed:1
 (Id 12 Source: 1, Going: 3, Size:1)
WareHouse 1, [82, 34], Docks:1, [Shipment19(3,true), Shipment20(2,true), Shipment25(3,false), Shipment3(1,true), Shipment21(1,true), Shipment13(2,true), Shipment26(2,true), Shipment22(3,true), Shipment8(1,true)]
WareHouse 2, [74, 52], Docks:1, [Shipment26(2,true), Shipment19(3,true), Shipment27(2,true), Shipment5(2,true), Shipment20(2,true), Shipment18(1,true), Shipment4(3,true), Shipment7(2,true), Shipment6(2,true), Shipment1(3,true), Shipment17(1,true)]
WareHouse 3, [38, 14], Docks:1, [Shipment23(1,true), Shipment24(1,true), Shipment10(2,true), Shipment9(1,true), Shipment2(2,true), Shipment11(2,true)]
Shipment 1, Source:3, Going:2, Size:3 In Warehouse: 2
Shipment 2, Source:2, Going:3, Size:2 In Warehouse: 3
Shipment 3, Source:2, Going:1, Size:1 In Warehouse: 1
Shipment 4, Source:3, Going:2, Size:3 In Warehouse: 2
Shipment 5, Source:3, Going:2, Size:2 In Warehouse: 2
Shipment 6, Source:3, Going:2, Size:2 In Warehouse: 2
Shipment 7, Source:1, Going:2, Size:2 In Warehouse: 2
Shipment 8, Source:3, Going:1, Size:1 In Warehouse: 1
Shipment 9, Source:2, Going:3, Size:1 In Warehouse: 3
Shipment 10, Source:1, Going:3, Size:2 In Warehouse: 3
Shipment 11, Source:2, Going:3, Size:2, In Truck: 5
Shipment 12, Source:1, Going:3, Size:1, In Truck: 5
Shipment 13, Source:3, Going:1, Size:2 In Warehouse: 1
Shipment 14, Source:1, Going:2, Size:3 In Warehouse: 1
Shipment 15, Source:2, Going:1, Size:3 In Warehouse: 2
Shipment 16, Source:1, Going:2, Size:3 In Warehouse: 1
Shipment 17, Source:3, Going:2, Size:1 In Warehouse: 2
Shipment 18, Source:1, Going:2, Size:1 In Warehouse: 2
Shipment 19, Source:1, Going:2, Size:3 In Warehouse: 2
Shipment 20, Source:1, Going:2, Size:2 In Warehouse: 2
Shipment 21, Source:2, Going:1, Size:1 In Warehouse: 1
Shipment 22, Source:3, Going:1, Size:3 In Warehouse: 1
Shipment 23, Source:2, Going:3, Size:1 In Warehouse: 3
Shipment 24, Source:2, Going:3, Size:1 In Warehouse: 3
Shipment 25, Source:1, Going:2, Size:3 In Warehouse: 1
Shipment 26, Source:2, Going:1, Size:2 In Warehouse: 1
Shipment 27, Source:3, Going:2, Size:2 In Warehouse: 2
Cycle: 275
Truck 5, [50,34] , Cargo:1/5, Speed:1
 (Id 12 Source: 1, Going: 3, Size:1)
WareHouse 1, [82, 34], Docks:1, [Shipment19(3,true), Shipment20(2,true), Shipment25(3,false), Shipment3(1,true), Shipment21(1,true), Shipment13(2,true), Shipment26(2,true), Shipment22(3,true), Shipment8(1,true)]
WareHouse 2, [74, 52], Docks:1, [Shipment26(2,true), Shipment19(3,true), Shipment27(2,true), Shipment5(2,true), Shipment20(2,true), Shipment18(1,true), Shipment4(3,true), Shipment7(2,true), Shipment6(2,true), Shipment1(3,true), Shipment17(1,true)]
WareHouse 3, [38, 14], Docks:1, [Shipment23(1,true), Shipment24(1,true), Shipment10(2,true), Shipment9(1,true), Shipment2(2,true), Shipment11(2,true)]
Shipment 1, Source:3, Going:2, Size:3 In Warehouse: 2
Shipment 2, Source:2, Going:3, Size:2 In Warehouse: 3
Shipment 3, Source:2, Going:1, Size:1 In Warehouse: 1
Shipment 4, Source:3, Going:2, Size:3 In Warehouse: 2
Shipment 5, Source:3, Going:2, Size:2 In Warehouse: 2
Shipment 6, Source:3, Going:2, Size:2 In Warehouse: 2
Shipment 7, Source:1, Going:2, Size:2 In Warehouse: 2
Shipment 8, Source:3, Going:1, Size:1 In Warehouse: 1
Shipment 9, Source:2, Going:3, Size:1 In Warehouse: 3
Shipment 10, Source:1, Going:3, Size:2 In Warehouse: 3
Shipment 11, Source:2, Going:3, Size:2, In Truck: 5
Shipment 12, Source:1, Going:3, Size:1, In Truck: 5
Shipment 13, Source:3, Going:1, Size:2 In Warehouse: 1
Shipment 14, Source:1, Going:2, Size:3 In Warehouse: 1
Shipment 15, Source:2, Going:1, Size:3 In Warehouse: 2
Shipment 16, Source:1, Going:2, Size:3 In Warehouse: 1
Shipment 17, Source:3, Going:2, Size:1 In Warehouse: 2
Shipment 18, Source:1, Going:2, Size:1 In Warehouse: 2
Shipment 19, Source:1, Going:2, Size:3 In Warehouse: 2
Shipment 20, Source:1, Going:2, Size:2 In Warehouse: 2
Shipment 21, Source:2, Going:1, Size:1 In Warehouse: 1
Shipment 22, Source:3, Going:1, Size:3 In Warehouse: 1
Shipment 23, Source:2, Going:3, Size:1 In Warehouse: 3
Shipment 24, Source:2, Going:3, Size:1 In Warehouse: 3
Shipment 25, Source:1, Going:2, Size:3 In Warehouse: 1
Shipment 26, Source:2, Going:1, Size:2 In Warehouse: 1
Shipment 27, Source:3, Going:2, Size:2 In Warehouse: 2
Cycle: 276
Truck 5, [49,34] , Cargo:1/5, Speed:1
 (Id 12 Source: 1, Going: 3, Size:1)
WareHouse 1, [82, 34], Docks:1, [Shipment19(3,true), Shipment20(2,true), Shipment25(3,false), Shipment3(1,true), Shipment21(1,true), Shipment13(2,true), Shipment26(2,true), Shipment22(3,true), Shipment8(1,true)]
WareHouse 2, [74, 52], Docks:1, [Shipment26(2,true), Shipment19(3,true), Shipment27(2,true), Shipment5(2,true), Shipment20(2,true), Shipment18(1,true), Shipment4(3,true), Shipment7(2,true), Shipment6(2,true), Shipment1(3,true), Shipment17(1,true)]
WareHouse 3, [38, 14], Docks:1, [Shipment23(1,true), Shipment24(1,true), Shipment10(2,true), Shipment9(1,true), Shipment2(2,true), Shipment11(2,true)]
Shipment 1, Source:3, Going:2, Size:3 In Warehouse: 2
Shipment 2, Source:2, Going:3, Size:2 In Warehouse: 3
Shipment 3, Source:2, Going:1, Size:1 In Warehouse: 1
Shipment 4, Source:3, Going:2, Size:3 In Warehouse: 2
Shipment 5, Source:3, Going:2, Size:2 In Warehouse: 2
Shipment 6, Source:3, Going:2, Size:2 In Warehouse: 2
Shipment 7, Source:1, Going:2, Size:2 In Warehouse: 2
Shipment 8, Source:3, Going:1, Size:1 In Warehouse: 1
Shipment 9, Source:2, Going:3, Size:1 In Warehouse: 3
Shipment 10, Source:1, Going:3, Size:2 In Warehouse: 3
Shipment 11, Source:2, Going:3, Size:2, In Truck: 5
Shipment 12, Source:1, Going:3, Size:1, In Truck: 5
Shipment 13, Source:3, Going:1, Size:2 In Warehouse: 1
Shipment 14, Source:1, Going:2, Size:3 In Warehouse: 1
Shipment 15, Source:2, Going:1, Size:3 In Warehouse: 2
Shipment 16, Source:1, Going:2, Size:3 In Warehouse: 1
Shipment 17, Source:3, Going:2, Size:1 In Warehouse: 2
Shipment 18, Source:1, Going:2, Size:1 In Warehouse: 2
Shipment 19, Source:1, Going:2, Size:3 In Warehouse: 2
Shipment 20, Source:1, Going:2, Size:2 In Warehouse: 2
Shipment 21, Source:2, Going:1, Size:1 In Warehouse: 1
Shipment 22, Source:3, Going:1, Size:3 In Warehouse: 1
Shipment 23, Source:2, Going:3, Size:1 In Warehouse: 3
Shipment 24, Source:2, Going:3, Size:1 In Warehouse: 3
Shipment 25, Source:1, Going:2, Size:3 In Warehouse: 1
Shipment 26, Source:2, Going:1, Size:2 In Warehouse: 1
Shipment 27, Source:3, Going:2, Size:2 In Warehouse: 2
Cycle: 277
Truck 5, [48,34] , Cargo:1/5, Speed:1
 (Id 12 Source: 1, Going: 3, Size:1)
WareHouse 1, [82, 34], Docks:1, [Shipment19(3,true), Shipment20(2,true), Shipment25(3,false), Shipment3(1,true), Shipment21(1,true), Shipment13(2,true), Shipment26(2,true), Shipment22(3,true), Shipment8(1,true)]
WareHouse 2, [74, 52], Docks:1, [Shipment26(2,true), Shipment19(3,true), Shipment27(2,true), Shipment5(2,true), Shipment20(2,true), Shipment18(1,true), Shipment4(3,true), Shipment7(2,true), Shipment6(2,true), Shipment1(3,true), Shipment17(1,true)]
WareHouse 3, [38, 14], Docks:1, [Shipment23(1,true), Shipment24(1,true), Shipment10(2,true), Shipment9(1,true), Shipment2(2,true), Shipment11(2,true)]
Shipment 1, Source:3, Going:2, Size:3 In Warehouse: 2
Shipment 2, Source:2, Going:3, Size:2 In Warehouse: 3
Shipment 3, Source:2, Going:1, Size:1 In Warehouse: 1
Shipment 4, Source:3, Going:2, Size:3 In Warehouse: 2
Shipment 5, Source:3, Going:2, Size:2 In Warehouse: 2
Shipment 6, Source:3, Going:2, Size:2 In Warehouse: 2
Shipment 7, Source:1, Going:2, Size:2 In Warehouse: 2
Shipment 8, Source:3, Going:1, Size:1 In Warehouse: 1
Shipment 9, Source:2, Going:3, Size:1 In Warehouse: 3
Shipment 10, Source:1, Going:3, Size:2 In Warehouse: 3
Shipment 11, Source:2, Going:3, Size:2, In Truck: 5
Shipment 12, Source:1, Going:3, Size:1, In Truck: 5
Shipment 13, Source:3, Going:1, Size:2 In Warehouse: 1
Shipment 14, Source:1, Going:2, Size:3 In Warehouse: 1
Shipment 15, Source:2, Going:1, Size:3 In Warehouse: 2
Shipment 16, Source:1, Going:2, Size:3 In Warehouse: 1
Shipment 17, Source:3, Going:2, Size:1 In Warehouse: 2
Shipment 18, Source:1, Going:2, Size:1 In Warehouse: 2
Shipment 19, Source:1, Going:2, Size:3 In Warehouse: 2
Shipment 20, Source:1, Going:2, Size:2 In Warehouse: 2
Shipment 21, Source:2, Going:1, Size:1 In Warehouse: 1
Shipment 22, Source:3, Going:1, Size:3 In Warehouse: 1
Shipment 23, Source:2, Going:3, Size:1 In Warehouse: 3
Shipment 24, Source:2, Going:3, Size:1 In Warehouse: 3
Shipment 25, Source:1, Going:2, Size:3 In Warehouse: 1
Shipment 26, Source:2, Going:1, Size:2 In Warehouse: 1
Shipment 27, Source:3, Going:2, Size:2 In Warehouse: 2
Cycle: 278
Truck 5, [47,34] , Cargo:1/5, Speed:1
 (Id 12 Source: 1, Going: 3, Size:1)
WareHouse 1, [82, 34], Docks:1, [Shipment19(3,true), Shipment20(2,true), Shipment25(3,false), Shipment3(1,true), Shipment21(1,true), Shipment13(2,true), Shipment26(2,true), Shipment22(3,true), Shipment8(1,true)]
WareHouse 2, [74, 52], Docks:1, [Shipment26(2,true), Shipment19(3,true), Shipment27(2,true), Shipment5(2,true), Shipment20(2,true), Shipment18(1,true), Shipment4(3,true), Shipment7(2,true), Shipment6(2,true), Shipment1(3,true), Shipment17(1,true)]
WareHouse 3, [38, 14], Docks:1, [Shipment23(1,true), Shipment24(1,true), Shipment10(2,true), Shipment9(1,true), Shipment2(2,true), Shipment11(2,true)]
Shipment 1, Source:3, Going:2, Size:3 In Warehouse: 2
Shipment 2, Source:2, Going:3, Size:2 In Warehouse: 3
Shipment 3, Source:2, Going:1, Size:1 In Warehouse: 1
Shipment 4, Source:3, Going:2, Size:3 In Warehouse: 2
Shipment 5, Source:3, Going:2, Size:2 In Warehouse: 2
Shipment 6, Source:3, Going:2, Size:2 In Warehouse: 2
Shipment 7, Source:1, Going:2, Size:2 In Warehouse: 2
Shipment 8, Source:3, Going:1, Size:1 In Warehouse: 1
Shipment 9, Source:2, Going:3, Size:1 In Warehouse: 3
Shipment 10, Source:1, Going:3, Size:2 In Warehouse: 3
Shipment 11, Source:2, Going:3, Size:2, In Truck: 5
Shipment 12, Source:1, Going:3, Size:1, In Truck: 5
Shipment 13, Source:3, Going:1, Size:2 In Warehouse: 1
Shipment 14, Source:1, Going:2, Size:3 In Warehouse: 1
Shipment 15, Source:2, Going:1, Size:3 In Warehouse: 2
Shipment 16, Source:1, Going:2, Size:3 In Warehouse: 1
Shipment 17, Source:3, Going:2, Size:1 In Warehouse: 2
Shipment 18, Source:1, Going:2, Size:1 In Warehouse: 2
Shipment 19, Source:1, Going:2, Size:3 In Warehouse: 2
Shipment 20, Source:1, Going:2, Size:2 In Warehouse: 2
Shipment 21, Source:2, Going:1, Size:1 In Warehouse: 1
Shipment 22, Source:3, Going:1, Size:3 In Warehouse: 1
Shipment 23, Source:2, Going:3, Size:1 In Warehouse: 3
Shipment 24, Source:2, Going:3, Size:1 In Warehouse: 3
Shipment 25, Source:1, Going:2, Size:3 In Warehouse: 1
Shipment 26, Source:2, Going:1, Size:2 In Warehouse: 1
Shipment 27, Source:3, Going:2, Size:2 In Warehouse: 2
Cycle: 279
Truck 5, [46,34] , Cargo:1/5, Speed:1
 (Id 12 Source: 1, Going: 3, Size:1)
WareHouse 1, [82, 34], Docks:1, [Shipment19(3,true), Shipment20(2,true), Shipment25(3,false), Shipment3(1,true), Shipment21(1,true), Shipment13(2,true), Shipment26(2,true), Shipment22(3,true), Shipment8(1,true)]
WareHouse 2, [74, 52], Docks:1, [Shipment26(2,true), Shipment19(3,true), Shipment27(2,true), Shipment5(2,true), Shipment20(2,true), Shipment18(1,true), Shipment4(3,true), Shipment7(2,true), Shipment6(2,true), Shipment1(3,true), Shipment17(1,true)]
WareHouse 3, [38, 14], Docks:1, [Shipment23(1,true), Shipment24(1,true), Shipment10(2,true), Shipment9(1,true), Shipment2(2,true), Shipment11(2,true)]
Shipment 1, Source:3, Going:2, Size:3 In Warehouse: 2
Shipment 2, Source:2, Going:3, Size:2 In Warehouse: 3
Shipment 3, Source:2, Going:1, Size:1 In Warehouse: 1
Shipment 4, Source:3, Going:2, Size:3 In Warehouse: 2
Shipment 5, Source:3, Going:2, Size:2 In Warehouse: 2
Shipment 6, Source:3, Going:2, Size:2 In Warehouse: 2
Shipment 7, Source:1, Going:2, Size:2 In Warehouse: 2
Shipment 8, Source:3, Going:1, Size:1 In Warehouse: 1
Shipment 9, Source:2, Going:3, Size:1 In Warehouse: 3
Shipment 10, Source:1, Going:3, Size:2 In Warehouse: 3
Shipment 11, Source:2, Going:3, Size:2, In Truck: 5
Shipment 12, Source:1, Going:3, Size:1, In Truck: 5
Shipment 13, Source:3, Going:1, Size:2 In Warehouse: 1
Shipment 14, Source:1, Going:2, Size:3 In Warehouse: 1
Shipment 15, Source:2, Going:1, Size:3 In Warehouse: 2
Shipment 16, Source:1, Going:2, Size:3 In Warehouse: 1
Shipment 17, Source:3, Going:2, Size:1 In Warehouse: 2
Shipment 18, Source:1, Going:2, Size:1 In Warehouse: 2
Shipment 19, Source:1, Going:2, Size:3 In Warehouse: 2
Shipment 20, Source:1, Going:2, Size:2 In Warehouse: 2
Shipment 21, Source:2, Going:1, Size:1 In Warehouse: 1
Shipment 22, Source:3, Going:1, Size:3 In Warehouse: 1
Shipment 23, Source:2, Going:3, Size:1 In Warehouse: 3
Shipment 24, Source:2, Going:3, Size:1 In Warehouse: 3
Shipment 25, Source:1, Going:2, Size:3 In Warehouse: 1
Shipment 26, Source:2, Going:1, Size:2 In Warehouse: 1
Shipment 27, Source:3, Going:2, Size:2 In Warehouse: 2
Cycle: 280
Truck 5, [45,34] , Cargo:1/5, Speed:1
 (Id 12 Source: 1, Going: 3, Size:1)
WareHouse 1, [82, 34], Docks:1, [Shipment19(3,true), Shipment20(2,true), Shipment25(3,false), Shipment3(1,true), Shipment21(1,true), Shipment13(2,true), Shipment26(2,true), Shipment22(3,true), Shipment8(1,true)]
WareHouse 2, [74, 52], Docks:1, [Shipment26(2,true), Shipment19(3,true), Shipment27(2,true), Shipment5(2,true), Shipment20(2,true), Shipment18(1,true), Shipment4(3,true), Shipment7(2,true), Shipment6(2,true), Shipment1(3,true), Shipment17(1,true)]
WareHouse 3, [38, 14], Docks:1, [Shipment23(1,true), Shipment24(1,true), Shipment10(2,true), Shipment9(1,true), Shipment2(2,true), Shipment11(2,true)]
Shipment 1, Source:3, Going:2, Size:3 In Warehouse: 2
Shipment 2, Source:2, Going:3, Size:2 In Warehouse: 3
Shipment 3, Source:2, Going:1, Size:1 In Warehouse: 1
Shipment 4, Source:3, Going:2, Size:3 In Warehouse: 2
Shipment 5, Source:3, Going:2, Size:2 In Warehouse: 2
Shipment 6, Source:3, Going:2, Size:2 In Warehouse: 2
Shipment 7, Source:1, Going:2, Size:2 In Warehouse: 2
Shipment 8, Source:3, Going:1, Size:1 In Warehouse: 1
Shipment 9, Source:2, Going:3, Size:1 In Warehouse: 3
Shipment 10, Source:1, Going:3, Size:2 In Warehouse: 3
Shipment 11, Source:2, Going:3, Size:2, In Truck: 5
Shipment 12, Source:1, Going:3, Size:1, In Truck: 5
Shipment 13, Source:3, Going:1, Size:2 In Warehouse: 1
Shipment 14, Source:1, Going:2, Size:3 In Warehouse: 1
Shipment 15, Source:2, Going:1, Size:3 In Warehouse: 2
Shipment 16, Source:1, Going:2, Size:3 In Warehouse: 1
Shipment 17, Source:3, Going:2, Size:1 In Warehouse: 2
Shipment 18, Source:1, Going:2, Size:1 In Warehouse: 2
Shipment 19, Source:1, Going:2, Size:3 In Warehouse: 2
Shipment 20, Source:1, Going:2, Size:2 In Warehouse: 2
Shipment 21, Source:2, Going:1, Size:1 In Warehouse: 1
Shipment 22, Source:3, Going:1, Size:3 In Warehouse: 1
Shipment 23, Source:2, Going:3, Size:1 In Warehouse: 3
Shipment 24, Source:2, Going:3, Size:1 In Warehouse: 3
Shipment 25, Source:1, Going:2, Size:3 In Warehouse: 1
Shipment 26, Source:2, Going:1, Size:2 In Warehouse: 1
Shipment 27, Source:3, Going:2, Size:2 In Warehouse: 2
Cycle: 281
Truck 5, [44,34] , Cargo:1/5, Speed:1
 (Id 12 Source: 1, Going: 3, Size:1)
WareHouse 1, [82, 34], Docks:1, [Shipment19(3,true), Shipment20(2,true), Shipment25(3,false), Shipment3(1,true), Shipment21(1,true), Shipment13(2,true), Shipment26(2,true), Shipment22(3,true), Shipment8(1,true)]
WareHouse 2, [74, 52], Docks:1, [Shipment26(2,true), Shipment19(3,true), Shipment27(2,true), Shipment5(2,true), Shipment20(2,true), Shipment18(1,true), Shipment4(3,true), Shipment7(2,true), Shipment6(2,true), Shipment1(3,true), Shipment17(1,true)]
WareHouse 3, [38, 14], Docks:1, [Shipment23(1,true), Shipment24(1,true), Shipment10(2,true), Shipment9(1,true), Shipment2(2,true), Shipment11(2,true)]
Shipment 1, Source:3, Going:2, Size:3 In Warehouse: 2
Shipment 2, Source:2, Going:3, Size:2 In Warehouse: 3
Shipment 3, Source:2, Going:1, Size:1 In Warehouse: 1
Shipment 4, Source:3, Going:2, Size:3 In Warehouse: 2
Shipment 5, Source:3, Going:2, Size:2 In Warehouse: 2
Shipment 6, Source:3, Going:2, Size:2 In Warehouse: 2
Shipment 7, Source:1, Going:2, Size:2 In Warehouse: 2
Shipment 8, Source:3, Going:1, Size:1 In Warehouse: 1
Shipment 9, Source:2, Going:3, Size:1 In Warehouse: 3
Shipment 10, Source:1, Going:3, Size:2 In Warehouse: 3
Shipment 11, Source:2, Going:3, Size:2, In Truck: 5
Shipment 12, Source:1, Going:3, Size:1, In Truck: 5
Shipment 13, Source:3, Going:1, Size:2 In Warehouse: 1
Shipment 14, Source:1, Going:2, Size:3 In Warehouse: 1
Shipment 15, Source:2, Going:1, Size:3 In Warehouse: 2
Shipment 16, Source:1, Going:2, Size:3 In Warehouse: 1
Shipment 17, Source:3, Going:2, Size:1 In Warehouse: 2
Shipment 18, Source:1, Going:2, Size:1 In Warehouse: 2
Shipment 19, Source:1, Going:2, Size:3 In Warehouse: 2
Shipment 20, Source:1, Going:2, Size:2 In Warehouse: 2
Shipment 21, Source:2, Going:1, Size:1 In Warehouse: 1
Shipment 22, Source:3, Going:1, Size:3 In Warehouse: 1
Shipment 23, Source:2, Going:3, Size:1 In Warehouse: 3
Shipment 24, Source:2, Going:3, Size:1 In Warehouse: 3
Shipment 25, Source:1, Going:2, Size:3 In Warehouse: 1
Shipment 26, Source:2, Going:1, Size:2 In Warehouse: 1
Shipment 27, Source:3, Going:2, Size:2 In Warehouse: 2
Cycle: 282
Truck 5, [43,34] , Cargo:1/5, Speed:1
 (Id 12 Source: 1, Going: 3, Size:1)
WareHouse 1, [82, 34], Docks:1, [Shipment19(3,true), Shipment20(2,true), Shipment25(3,false), Shipment3(1,true), Shipment21(1,true), Shipment13(2,true), Shipment26(2,true), Shipment22(3,true), Shipment8(1,true)]
WareHouse 2, [74, 52], Docks:1, [Shipment26(2,true), Shipment19(3,true), Shipment27(2,true), Shipment5(2,true), Shipment20(2,true), Shipment18(1,true), Shipment4(3,true), Shipment7(2,true), Shipment6(2,true), Shipment1(3,true), Shipment17(1,true)]
WareHouse 3, [38, 14], Docks:1, [Shipment23(1,true), Shipment24(1,true), Shipment10(2,true), Shipment9(1,true), Shipment2(2,true), Shipment11(2,true)]
Shipment 1, Source:3, Going:2, Size:3 In Warehouse: 2
Shipment 2, Source:2, Going:3, Size:2 In Warehouse: 3
Shipment 3, Source:2, Going:1, Size:1 In Warehouse: 1
Shipment 4, Source:3, Going:2, Size:3 In Warehouse: 2
Shipment 5, Source:3, Going:2, Size:2 In Warehouse: 2
Shipment 6, Source:3, Going:2, Size:2 In Warehouse: 2
Shipment 7, Source:1, Going:2, Size:2 In Warehouse: 2
Shipment 8, Source:3, Going:1, Size:1 In Warehouse: 1
Shipment 9, Source:2, Going:3, Size:1 In Warehouse: 3
Shipment 10, Source:1, Going:3, Size:2 In Warehouse: 3
Shipment 11, Source:2, Going:3, Size:2, In Truck: 5
Shipment 12, Source:1, Going:3, Size:1, In Truck: 5
Shipment 13, Source:3, Going:1, Size:2 In Warehouse: 1
Shipment 14, Source:1, Going:2, Size:3 In Warehouse: 1
Shipment 15, Source:2, Going:1, Size:3 In Warehouse: 2
Shipment 16, Source:1, Going:2, Size:3 In Warehouse: 1
Shipment 17, Source:3, Going:2, Size:1 In Warehouse: 2
Shipment 18, Source:1, Going:2, Size:1 In Warehouse: 2
Shipment 19, Source:1, Going:2, Size:3 In Warehouse: 2
Shipment 20, Source:1, Going:2, Size:2 In Warehouse: 2
Shipment 21, Source:2, Going:1, Size:1 In Warehouse: 1
Shipment 22, Source:3, Going:1, Size:3 In Warehouse: 1
Shipment 23, Source:2, Going:3, Size:1 In Warehouse: 3
Shipment 24, Source:2, Going:3, Size:1 In Warehouse: 3
Shipment 25, Source:1, Going:2, Size:3 In Warehouse: 1
Shipment 26, Source:2, Going:1, Size:2 In Warehouse: 1
Shipment 27, Source:3, Going:2, Size:2 In Warehouse: 2
Cycle: 283
Truck 5, [42,34] , Cargo:1/5, Speed:1
 (Id 12 Source: 1, Going: 3, Size:1)
WareHouse 1, [82, 34], Docks:1, [Shipment19(3,true), Shipment20(2,true), Shipment25(3,false), Shipment3(1,true), Shipment21(1,true), Shipment13(2,true), Shipment26(2,true), Shipment22(3,true), Shipment8(1,true)]
WareHouse 2, [74, 52], Docks:1, [Shipment26(2,true), Shipment19(3,true), Shipment27(2,true), Shipment5(2,true), Shipment20(2,true), Shipment18(1,true), Shipment4(3,true), Shipment7(2,true), Shipment6(2,true), Shipment1(3,true), Shipment17(1,true)]
WareHouse 3, [38, 14], Docks:1, [Shipment23(1,true), Shipment24(1,true), Shipment10(2,true), Shipment9(1,true), Shipment2(2,true), Shipment11(2,true)]
Shipment 1, Source:3, Going:2, Size:3 In Warehouse: 2
Shipment 2, Source:2, Going:3, Size:2 In Warehouse: 3
Shipment 3, Source:2, Going:1, Size:1 In Warehouse: 1
Shipment 4, Source:3, Going:2, Size:3 In Warehouse: 2
Shipment 5, Source:3, Going:2, Size:2 In Warehouse: 2
Shipment 6, Source:3, Going:2, Size:2 In Warehouse: 2
Shipment 7, Source:1, Going:2, Size:2 In Warehouse: 2
Shipment 8, Source:3, Going:1, Size:1 In Warehouse: 1
Shipment 9, Source:2, Going:3, Size:1 In Warehouse: 3
Shipment 10, Source:1, Going:3, Size:2 In Warehouse: 3
Shipment 11, Source:2, Going:3, Size:2, In Truck: 5
Shipment 12, Source:1, Going:3, Size:1, In Truck: 5
Shipment 13, Source:3, Going:1, Size:2 In Warehouse: 1
Shipment 14, Source:1, Going:2, Size:3 In Warehouse: 1
Shipment 15, Source:2, Going:1, Size:3 In Warehouse: 2
Shipment 16, Source:1, Going:2, Size:3 In Warehouse: 1
Shipment 17, Source:3, Going:2, Size:1 In Warehouse: 2
Shipment 18, Source:1, Going:2, Size:1 In Warehouse: 2
Shipment 19, Source:1, Going:2, Size:3 In Warehouse: 2
Shipment 20, Source:1, Going:2, Size:2 In Warehouse: 2
Shipment 21, Source:2, Going:1, Size:1 In Warehouse: 1
Shipment 22, Source:3, Going:1, Size:3 In Warehouse: 1
Shipment 23, Source:2, Going:3, Size:1 In Warehouse: 3
Shipment 24, Source:2, Going:3, Size:1 In Warehouse: 3
Shipment 25, Source:1, Going:2, Size:3 In Warehouse: 1
Shipment 26, Source:2, Going:1, Size:2 In Warehouse: 1
Shipment 27, Source:3, Going:2, Size:2 In Warehouse: 2
Cycle: 284
Truck 5, [41,34] , Cargo:1/5, Speed:1
 (Id 12 Source: 1, Going: 3, Size:1)
WareHouse 1, [82, 34], Docks:1, [Shipment19(3,true), Shipment20(2,true), Shipment25(3,false), Shipment3(1,true), Shipment21(1,true), Shipment13(2,true), Shipment26(2,true), Shipment22(3,true), Shipment8(1,true)]
WareHouse 2, [74, 52], Docks:1, [Shipment26(2,true), Shipment19(3,true), Shipment27(2,true), Shipment5(2,true), Shipment20(2,true), Shipment18(1,true), Shipment4(3,true), Shipment7(2,true), Shipment6(2,true), Shipment1(3,true), Shipment17(1,true)]
WareHouse 3, [38, 14], Docks:1, [Shipment23(1,true), Shipment24(1,true), Shipment10(2,true), Shipment9(1,true), Shipment2(2,true), Shipment11(2,true)]
Shipment 1, Source:3, Going:2, Size:3 In Warehouse: 2
Shipment 2, Source:2, Going:3, Size:2 In Warehouse: 3
Shipment 3, Source:2, Going:1, Size:1 In Warehouse: 1
Shipment 4, Source:3, Going:2, Size:3 In Warehouse: 2
Shipment 5, Source:3, Going:2, Size:2 In Warehouse: 2
Shipment 6, Source:3, Going:2, Size:2 In Warehouse: 2
Shipment 7, Source:1, Going:2, Size:2 In Warehouse: 2
Shipment 8, Source:3, Going:1, Size:1 In Warehouse: 1
Shipment 9, Source:2, Going:3, Size:1 In Warehouse: 3
Shipment 10, Source:1, Going:3, Size:2 In Warehouse: 3
Shipment 11, Source:2, Going:3, Size:2, In Truck: 5
Shipment 12, Source:1, Going:3, Size:1, In Truck: 5
Shipment 13, Source:3, Going:1, Size:2 In Warehouse: 1
Shipment 14, Source:1, Going:2, Size:3 In Warehouse: 1
Shipment 15, Source:2, Going:1, Size:3 In Warehouse: 2
Shipment 16, Source:1, Going:2, Size:3 In Warehouse: 1
Shipment 17, Source:3, Going:2, Size:1 In Warehouse: 2
Shipment 18, Source:1, Going:2, Size:1 In Warehouse: 2
Shipment 19, Source:1, Going:2, Size:3 In Warehouse: 2
Shipment 20, Source:1, Going:2, Size:2 In Warehouse: 2
Shipment 21, Source:2, Going:1, Size:1 In Warehouse: 1
Shipment 22, Source:3, Going:1, Size:3 In Warehouse: 1
Shipment 23, Source:2, Going:3, Size:1 In Warehouse: 3
Shipment 24, Source:2, Going:3, Size:1 In Warehouse: 3
Shipment 25, Source:1, Going:2, Size:3 In Warehouse: 1
Shipment 26, Source:2, Going:1, Size:2 In Warehouse: 1
Shipment 27, Source:3, Going:2, Size:2 In Warehouse: 2
Cycle: 285
Truck 5, [40,34] , Cargo:1/5, Speed:1
 (Id 12 Source: 1, Going: 3, Size:1)
WareHouse 1, [82, 34], Docks:1, [Shipment19(3,true), Shipment20(2,true), Shipment25(3,false), Shipment3(1,true), Shipment21(1,true), Shipment13(2,true), Shipment26(2,true), Shipment22(3,true), Shipment8(1,true)]
WareHouse 2, [74, 52], Docks:1, [Shipment26(2,true), Shipment19(3,true), Shipment27(2,true), Shipment5(2,true), Shipment20(2,true), Shipment18(1,true), Shipment4(3,true), Shipment7(2,true), Shipment6(2,true), Shipment1(3,true), Shipment17(1,true)]
WareHouse 3, [38, 14], Docks:1, [Shipment23(1,true), Shipment24(1,true), Shipment10(2,true), Shipment9(1,true), Shipment2(2,true), Shipment11(2,true)]
Shipment 1, Source:3, Going:2, Size:3 In Warehouse: 2
Shipment 2, Source:2, Going:3, Size:2 In Warehouse: 3
Shipment 3, Source:2, Going:1, Size:1 In Warehouse: 1
Shipment 4, Source:3, Going:2, Size:3 In Warehouse: 2
Shipment 5, Source:3, Going:2, Size:2 In Warehouse: 2
Shipment 6, Source:3, Going:2, Size:2 In Warehouse: 2
Shipment 7, Source:1, Going:2, Size:2 In Warehouse: 2
Shipment 8, Source:3, Going:1, Size:1 In Warehouse: 1
Shipment 9, Source:2, Going:3, Size:1 In Warehouse: 3
Shipment 10, Source:1, Going:3, Size:2 In Warehouse: 3
Shipment 11, Source:2, Going:3, Size:2, In Truck: 5
Shipment 12, Source:1, Going:3, Size:1, In Truck: 5
Shipment 13, Source:3, Going:1, Size:2 In Warehouse: 1
Shipment 14, Source:1, Going:2, Size:3 In Warehouse: 1
Shipment 15, Source:2, Going:1, Size:3 In Warehouse: 2
Shipment 16, Source:1, Going:2, Size:3 In Warehouse: 1
Shipment 17, Source:3, Going:2, Size:1 In Warehouse: 2
Shipment 18, Source:1, Going:2, Size:1 In Warehouse: 2
Shipment 19, Source:1, Going:2, Size:3 In Warehouse: 2
Shipment 20, Source:1, Going:2, Size:2 In Warehouse: 2
Shipment 21, Source:2, Going:1, Size:1 In Warehouse: 1
Shipment 22, Source:3, Going:1, Size:3 In Warehouse: 1
Shipment 23, Source:2, Going:3, Size:1 In Warehouse: 3
Shipment 24, Source:2, Going:3, Size:1 In Warehouse: 3
Shipment 25, Source:1, Going:2, Size:3 In Warehouse: 1
Shipment 26, Source:2, Going:1, Size:2 In Warehouse: 1
Shipment 27, Source:3, Going:2, Size:2 In Warehouse: 2
Cycle: 286
Truck 5, [39,34] , Cargo:1/5, Speed:1
 (Id 12 Source: 1, Going: 3, Size:1)
WareHouse 1, [82, 34], Docks:1, [Shipment19(3,true), Shipment20(2,true), Shipment25(3,false), Shipment3(1,true), Shipment21(1,true), Shipment13(2,true), Shipment26(2,true), Shipment22(3,true), Shipment8(1,true)]
WareHouse 2, [74, 52], Docks:1, [Shipment26(2,true), Shipment19(3,true), Shipment27(2,true), Shipment5(2,true), Shipment20(2,true), Shipment18(1,true), Shipment4(3,true), Shipment7(2,true), Shipment6(2,true), Shipment1(3,true), Shipment17(1,true)]
WareHouse 3, [38, 14], Docks:1, [Shipment23(1,true), Shipment24(1,true), Shipment10(2,true), Shipment9(1,true), Shipment2(2,true), Shipment11(2,true)]
Shipment 1, Source:3, Going:2, Size:3 In Warehouse: 2
Shipment 2, Source:2, Going:3, Size:2 In Warehouse: 3
Shipment 3, Source:2, Going:1, Size:1 In Warehouse: 1
Shipment 4, Source:3, Going:2, Size:3 In Warehouse: 2
Shipment 5, Source:3, Going:2, Size:2 In Warehouse: 2
Shipment 6, Source:3, Going:2, Size:2 In Warehouse: 2
Shipment 7, Source:1, Going:2, Size:2 In Warehouse: 2
Shipment 8, Source:3, Going:1, Size:1 In Warehouse: 1
Shipment 9, Source:2, Going:3, Size:1 In Warehouse: 3
Shipment 10, Source:1, Going:3, Size:2 In Warehouse: 3
Shipment 11, Source:2, Going:3, Size:2, In Truck: 5
Shipment 12, Source:1, Going:3, Size:1, In Truck: 5
Shipment 13, Source:3, Going:1, Size:2 In Warehouse: 1
Shipment 14, Source:1, Going:2, Size:3 In Warehouse: 1
Shipment 15, Source:2, Going:1, Size:3 In Warehouse: 2
Shipment 16, Source:1, Going:2, Size:3 In Warehouse: 1
Shipment 17, Source:3, Going:2, Size:1 In Warehouse: 2
Shipment 18, Source:1, Going:2, Size:1 In Warehouse: 2
Shipment 19, Source:1, Going:2, Size:3 In Warehouse: 2
Shipment 20, Source:1, Going:2, Size:2 In Warehouse: 2
Shipment 21, Source:2, Going:1, Size:1 In Warehouse: 1
Shipment 22, Source:3, Going:1, Size:3 In Warehouse: 1
Shipment 23, Source:2, Going:3, Size:1 In Warehouse: 3
Shipment 24, Source:2, Going:3, Size:1 In Warehouse: 3
Shipment 25, Source:1, Going:2, Size:3 In Warehouse: 1
Shipment 26, Source:2, Going:1, Size:2 In Warehouse: 1
Shipment 27, Source:3, Going:2, Size:2 In Warehouse: 2
Cycle: 287
Truck 5, [38,34] , Cargo:1/5, Speed:1
 (Id 12 Source: 1, Going: 3, Size:1)
WareHouse 1, [82, 34], Docks:1, [Shipment19(3,true), Shipment20(2,true), Shipment25(3,false), Shipment3(1,true), Shipment21(1,true), Shipment13(2,true), Shipment26(2,true), Shipment22(3,true), Shipment8(1,true)]
WareHouse 2, [74, 52], Docks:1, [Shipment26(2,true), Shipment19(3,true), Shipment27(2,true), Shipment5(2,true), Shipment20(2,true), Shipment18(1,true), Shipment4(3,true), Shipment7(2,true), Shipment6(2,true), Shipment1(3,true), Shipment17(1,true)]
WareHouse 3, [38, 14], Docks:1, [Shipment23(1,true), Shipment24(1,true), Shipment10(2,true), Shipment9(1,true), Shipment2(2,true), Shipment11(2,true)]
Shipment 1, Source:3, Going:2, Size:3 In Warehouse: 2
Shipment 2, Source:2, Going:3, Size:2 In Warehouse: 3
Shipment 3, Source:2, Going:1, Size:1 In Warehouse: 1
Shipment 4, Source:3, Going:2, Size:3 In Warehouse: 2
Shipment 5, Source:3, Going:2, Size:2 In Warehouse: 2
Shipment 6, Source:3, Going:2, Size:2 In Warehouse: 2
Shipment 7, Source:1, Going:2, Size:2 In Warehouse: 2
Shipment 8, Source:3, Going:1, Size:1 In Warehouse: 1
Shipment 9, Source:2, Going:3, Size:1 In Warehouse: 3
Shipment 10, Source:1, Going:3, Size:2 In Warehouse: 3
Shipment 11, Source:2, Going:3, Size:2, In Truck: 5
Shipment 12, Source:1, Going:3, Size:1, In Truck: 5
Shipment 13, Source:3, Going:1, Size:2 In Warehouse: 1
Shipment 14, Source:1, Going:2, Size:3 In Warehouse: 1
Shipment 15, Source:2, Going:1, Size:3 In Warehouse: 2
Shipment 16, Source:1, Going:2, Size:3 In Warehouse: 1
Shipment 17, Source:3, Going:2, Size:1 In Warehouse: 2
Shipment 18, Source:1, Going:2, Size:1 In Warehouse: 2
Shipment 19, Source:1, Going:2, Size:3 In Warehouse: 2
Shipment 20, Source:1, Going:2, Size:2 In Warehouse: 2
Shipment 21, Source:2, Going:1, Size:1 In Warehouse: 1
Shipment 22, Source:3, Going:1, Size:3 In Warehouse: 1
Shipment 23, Source:2, Going:3, Size:1 In Warehouse: 3
Shipment 24, Source:2, Going:3, Size:1 In Warehouse: 3
Shipment 25, Source:1, Going:2, Size:3 In Warehouse: 1
Shipment 26, Source:2, Going:1, Size:2 In Warehouse: 1
Shipment 27, Source:3, Going:2, Size:2 In Warehouse: 2
Cycle: 288
Truck 5, [38,33] , Cargo:1/5, Speed:1
 (Id 12 Source: 1, Going: 3, Size:1)
WareHouse 1, [82, 34], Docks:1, [Shipment19(3,true), Shipment20(2,true), Shipment25(3,false), Shipment3(1,true), Shipment21(1,true), Shipment13(2,true), Shipment26(2,true), Shipment22(3,true), Shipment8(1,true)]
WareHouse 2, [74, 52], Docks:1, [Shipment26(2,true), Shipment19(3,true), Shipment27(2,true), Shipment5(2,true), Shipment20(2,true), Shipment18(1,true), Shipment4(3,true), Shipment7(2,true), Shipment6(2,true), Shipment1(3,true), Shipment17(1,true)]
WareHouse 3, [38, 14], Docks:1, [Shipment23(1,true), Shipment24(1,true), Shipment10(2,true), Shipment9(1,true), Shipment2(2,true), Shipment11(2,true)]
Shipment 1, Source:3, Going:2, Size:3 In Warehouse: 2
Shipment 2, Source:2, Going:3, Size:2 In Warehouse: 3
Shipment 3, Source:2, Going:1, Size:1 In Warehouse: 1
Shipment 4, Source:3, Going:2, Size:3 In Warehouse: 2
Shipment 5, Source:3, Going:2, Size:2 In Warehouse: 2
Shipment 6, Source:3, Going:2, Size:2 In Warehouse: 2
Shipment 7, Source:1, Going:2, Size:2 In Warehouse: 2
Shipment 8, Source:3, Going:1, Size:1 In Warehouse: 1
Shipment 9, Source:2, Going:3, Size:1 In Warehouse: 3
Shipment 10, Source:1, Going:3, Size:2 In Warehouse: 3
Shipment 11, Source:2, Going:3, Size:2, In Truck: 5
Shipment 12, Source:1, Going:3, Size:1, In Truck: 5
Shipment 13, Source:3, Going:1, Size:2 In Warehouse: 1
Shipment 14, Source:1, Going:2, Size:3 In Warehouse: 1
Shipment 15, Source:2, Going:1, Size:3 In Warehouse: 2
Shipment 16, Source:1, Going:2, Size:3 In Warehouse: 1
Shipment 17, Source:3, Going:2, Size:1 In Warehouse: 2
Shipment 18, Source:1, Going:2, Size:1 In Warehouse: 2
Shipment 19, Source:1, Going:2, Size:3 In Warehouse: 2
Shipment 20, Source:1, Going:2, Size:2 In Warehouse: 2
Shipment 21, Source:2, Going:1, Size:1 In Warehouse: 1
Shipment 22, Source:3, Going:1, Size:3 In Warehouse: 1
Shipment 23, Source:2, Going:3, Size:1 In Warehouse: 3
Shipment 24, Source:2, Going:3, Size:1 In Warehouse: 3
Shipment 25, Source:1, Going:2, Size:3 In Warehouse: 1
Shipment 26, Source:2, Going:1, Size:2 In Warehouse: 1
Shipment 27, Source:3, Going:2, Size:2 In Warehouse: 2
Cycle: 289
Truck 5, [38,32] , Cargo:1/5, Speed:1
 (Id 12 Source: 1, Going: 3, Size:1)
WareHouse 1, [82, 34], Docks:1, [Shipment19(3,true), Shipment20(2,true), Shipment25(3,false), Shipment3(1,true), Shipment21(1,true), Shipment13(2,true), Shipment26(2,true), Shipment22(3,true), Shipment8(1,true)]
WareHouse 2, [74, 52], Docks:1, [Shipment26(2,true), Shipment19(3,true), Shipment27(2,true), Shipment5(2,true), Shipment20(2,true), Shipment18(1,true), Shipment4(3,true), Shipment7(2,true), Shipment6(2,true), Shipment1(3,true), Shipment17(1,true)]
WareHouse 3, [38, 14], Docks:1, [Shipment23(1,true), Shipment24(1,true), Shipment10(2,true), Shipment9(1,true), Shipment2(2,true), Shipment11(2,true)]
Shipment 1, Source:3, Going:2, Size:3 In Warehouse: 2
Shipment 2, Source:2, Going:3, Size:2 In Warehouse: 3
Shipment 3, Source:2, Going:1, Size:1 In Warehouse: 1
Shipment 4, Source:3, Going:2, Size:3 In Warehouse: 2
Shipment 5, Source:3, Going:2, Size:2 In Warehouse: 2
Shipment 6, Source:3, Going:2, Size:2 In Warehouse: 2
Shipment 7, Source:1, Going:2, Size:2 In Warehouse: 2
Shipment 8, Source:3, Going:1, Size:1 In Warehouse: 1
Shipment 9, Source:2, Going:3, Size:1 In Warehouse: 3
Shipment 10, Source:1, Going:3, Size:2 In Warehouse: 3
Shipment 11, Source:2, Going:3, Size:2, In Truck: 5
Shipment 12, Source:1, Going:3, Size:1, In Truck: 5
Shipment 13, Source:3, Going:1, Size:2 In Warehouse: 1
Shipment 14, Source:1, Going:2, Size:3 In Warehouse: 1
Shipment 15, Source:2, Going:1, Size:3 In Warehouse: 2
Shipment 16, Source:1, Going:2, Size:3 In Warehouse: 1
Shipment 17, Source:3, Going:2, Size:1 In Warehouse: 2
Shipment 18, Source:1, Going:2, Size:1 In Warehouse: 2
Shipment 19, Source:1, Going:2, Size:3 In Warehouse: 2
Shipment 20, Source:1, Going:2, Size:2 In Warehouse: 2
Shipment 21, Source:2, Going:1, Size:1 In Warehouse: 1
Shipment 22, Source:3, Going:1, Size:3 In Warehouse: 1
Shipment 23, Source:2, Going:3, Size:1 In Warehouse: 3
Shipment 24, Source:2, Going:3, Size:1 In Warehouse: 3
Shipment 25, Source:1, Going:2, Size:3 In Warehouse: 1
Shipment 26, Source:2, Going:1, Size:2 In Warehouse: 1
Shipment 27, Source:3, Going:2, Size:2 In Warehouse: 2
Cycle: 290
Truck 5, [38,31] , Cargo:1/5, Speed:1
 (Id 12 Source: 1, Going: 3, Size:1)
WareHouse 1, [82, 34], Docks:1, [Shipment19(3,true), Shipment20(2,true), Shipment25(3,false), Shipment3(1,true), Shipment21(1,true), Shipment13(2,true), Shipment26(2,true), Shipment22(3,true), Shipment8(1,true)]
WareHouse 2, [74, 52], Docks:1, [Shipment26(2,true), Shipment19(3,true), Shipment27(2,true), Shipment5(2,true), Shipment20(2,true), Shipment18(1,true), Shipment4(3,true), Shipment7(2,true), Shipment6(2,true), Shipment1(3,true), Shipment17(1,true)]
WareHouse 3, [38, 14], Docks:1, [Shipment23(1,true), Shipment24(1,true), Shipment10(2,true), Shipment9(1,true), Shipment2(2,true), Shipment11(2,true)]
Shipment 1, Source:3, Going:2, Size:3 In Warehouse: 2
Shipment 2, Source:2, Going:3, Size:2 In Warehouse: 3
Shipment 3, Source:2, Going:1, Size:1 In Warehouse: 1
Shipment 4, Source:3, Going:2, Size:3 In Warehouse: 2
Shipment 5, Source:3, Going:2, Size:2 In Warehouse: 2
Shipment 6, Source:3, Going:2, Size:2 In Warehouse: 2
Shipment 7, Source:1, Going:2, Size:2 In Warehouse: 2
Shipment 8, Source:3, Going:1, Size:1 In Warehouse: 1
Shipment 9, Source:2, Going:3, Size:1 In Warehouse: 3
Shipment 10, Source:1, Going:3, Size:2 In Warehouse: 3
Shipment 11, Source:2, Going:3, Size:2, In Truck: 5
Shipment 12, Source:1, Going:3, Size:1, In Truck: 5
Shipment 13, Source:3, Going:1, Size:2 In Warehouse: 1
Shipment 14, Source:1, Going:2, Size:3 In Warehouse: 1
Shipment 15, Source:2, Going:1, Size:3 In Warehouse: 2
Shipment 16, Source:1, Going:2, Size:3 In Warehouse: 1
Shipment 17, Source:3, Going:2, Size:1 In Warehouse: 2
Shipment 18, Source:1, Going:2, Size:1 In Warehouse: 2
Shipment 19, Source:1, Going:2, Size:3 In Warehouse: 2
Shipment 20, Source:1, Going:2, Size:2 In Warehouse: 2
Shipment 21, Source:2, Going:1, Size:1 In Warehouse: 1
Shipment 22, Source:3, Going:1, Size:3 In Warehouse: 1
Shipment 23, Source:2, Going:3, Size:1 In Warehouse: 3
Shipment 24, Source:2, Going:3, Size:1 In Warehouse: 3
Shipment 25, Source:1, Going:2, Size:3 In Warehouse: 1
Shipment 26, Source:2, Going:1, Size:2 In Warehouse: 1
Shipment 27, Source:3, Going:2, Size:2 In Warehouse: 2
Cycle: 291
Truck 5, [38,30] , Cargo:1/5, Speed:1
 (Id 12 Source: 1, Going: 3, Size:1)
WareHouse 1, [82, 34], Docks:1, [Shipment19(3,true), Shipment20(2,true), Shipment25(3,false), Shipment3(1,true), Shipment21(1,true), Shipment13(2,true), Shipment26(2,true), Shipment22(3,true), Shipment8(1,true)]
WareHouse 2, [74, 52], Docks:1, [Shipment26(2,true), Shipment19(3,true), Shipment27(2,true), Shipment5(2,true), Shipment20(2,true), Shipment18(1,true), Shipment4(3,true), Shipment7(2,true), Shipment6(2,true), Shipment1(3,true), Shipment17(1,true)]
WareHouse 3, [38, 14], Docks:1, [Shipment23(1,true), Shipment24(1,true), Shipment10(2,true), Shipment9(1,true), Shipment2(2,true), Shipment11(2,true)]
Shipment 1, Source:3, Going:2, Size:3 In Warehouse: 2
Shipment 2, Source:2, Going:3, Size:2 In Warehouse: 3
Shipment 3, Source:2, Going:1, Size:1 In Warehouse: 1
Shipment 4, Source:3, Going:2, Size:3 In Warehouse: 2
Shipment 5, Source:3, Going:2, Size:2 In Warehouse: 2
Shipment 6, Source:3, Going:2, Size:2 In Warehouse: 2
Shipment 7, Source:1, Going:2, Size:2 In Warehouse: 2
Shipment 8, Source:3, Going:1, Size:1 In Warehouse: 1
Shipment 9, Source:2, Going:3, Size:1 In Warehouse: 3
Shipment 10, Source:1, Going:3, Size:2 In Warehouse: 3
Shipment 11, Source:2, Going:3, Size:2, In Truck: 5
Shipment 12, Source:1, Going:3, Size:1, In Truck: 5
Shipment 13, Source:3, Going:1, Size:2 In Warehouse: 1
Shipment 14, Source:1, Going:2, Size:3 In Warehouse: 1
Shipment 15, Source:2, Going:1, Size:3 In Warehouse: 2
Shipment 16, Source:1, Going:2, Size:3 In Warehouse: 1
Shipment 17, Source:3, Going:2, Size:1 In Warehouse: 2
Shipment 18, Source:1, Going:2, Size:1 In Warehouse: 2
Shipment 19, Source:1, Going:2, Size:3 In Warehouse: 2
Shipment 20, Source:1, Going:2, Size:2 In Warehouse: 2
Shipment 21, Source:2, Going:1, Size:1 In Warehouse: 1
Shipment 22, Source:3, Going:1, Size:3 In Warehouse: 1
Shipment 23, Source:2, Going:3, Size:1 In Warehouse: 3
Shipment 24, Source:2, Going:3, Size:1 In Warehouse: 3
Shipment 25, Source:1, Going:2, Size:3 In Warehouse: 1
Shipment 26, Source:2, Going:1, Size:2 In Warehouse: 1
Shipment 27, Source:3, Going:2, Size:2 In Warehouse: 2
Cycle: 292
Truck 5, [38,29] , Cargo:1/5, Speed:1
 (Id 12 Source: 1, Going: 3, Size:1)
WareHouse 1, [82, 34], Docks:1, [Shipment19(3,true), Shipment20(2,true), Shipment25(3,false), Shipment3(1,true), Shipment21(1,true), Shipment13(2,true), Shipment26(2,true), Shipment22(3,true), Shipment8(1,true)]
WareHouse 2, [74, 52], Docks:1, [Shipment26(2,true), Shipment19(3,true), Shipment27(2,true), Shipment5(2,true), Shipment20(2,true), Shipment18(1,true), Shipment4(3,true), Shipment7(2,true), Shipment6(2,true), Shipment1(3,true), Shipment17(1,true)]
WareHouse 3, [38, 14], Docks:1, [Shipment23(1,true), Shipment24(1,true), Shipment10(2,true), Shipment9(1,true), Shipment2(2,true), Shipment11(2,true)]
Shipment 1, Source:3, Going:2, Size:3 In Warehouse: 2
Shipment 2, Source:2, Going:3, Size:2 In Warehouse: 3
Shipment 3, Source:2, Going:1, Size:1 In Warehouse: 1
Shipment 4, Source:3, Going:2, Size:3 In Warehouse: 2
Shipment 5, Source:3, Going:2, Size:2 In Warehouse: 2
Shipment 6, Source:3, Going:2, Size:2 In Warehouse: 2
Shipment 7, Source:1, Going:2, Size:2 In Warehouse: 2
Shipment 8, Source:3, Going:1, Size:1 In Warehouse: 1
Shipment 9, Source:2, Going:3, Size:1 In Warehouse: 3
Shipment 10, Source:1, Going:3, Size:2 In Warehouse: 3
Shipment 11, Source:2, Going:3, Size:2, In Truck: 5
Shipment 12, Source:1, Going:3, Size:1, In Truck: 5
Shipment 13, Source:3, Going:1, Size:2 In Warehouse: 1
Shipment 14, Source:1, Going:2, Size:3 In Warehouse: 1
Shipment 15, Source:2, Going:1, Size:3 In Warehouse: 2
Shipment 16, Source:1, Going:2, Size:3 In Warehouse: 1
Shipment 17, Source:3, Going:2, Size:1 In Warehouse: 2
Shipment 18, Source:1, Going:2, Size:1 In Warehouse: 2
Shipment 19, Source:1, Going:2, Size:3 In Warehouse: 2
Shipment 20, Source:1, Going:2, Size:2 In Warehouse: 2
Shipment 21, Source:2, Going:1, Size:1 In Warehouse: 1
Shipment 22, Source:3, Going:1, Size:3 In Warehouse: 1
Shipment 23, Source:2, Going:3, Size:1 In Warehouse: 3
Shipment 24, Source:2, Going:3, Size:1 In Warehouse: 3
Shipment 25, Source:1, Going:2, Size:3 In Warehouse: 1
Shipment 26, Source:2, Going:1, Size:2 In Warehouse: 1
Shipment 27, Source:3, Going:2, Size:2 In Warehouse: 2
Cycle: 293
Truck 5, [38,28] , Cargo:1/5, Speed:1
 (Id 12 Source: 1, Going: 3, Size:1)
WareHouse 1, [82, 34], Docks:1, [Shipment19(3,true), Shipment20(2,true), Shipment25(3,false), Shipment3(1,true), Shipment21(1,true), Shipment13(2,true), Shipment26(2,true), Shipment22(3,true), Shipment8(1,true)]
WareHouse 2, [74, 52], Docks:1, [Shipment26(2,true), Shipment19(3,true), Shipment27(2,true), Shipment5(2,true), Shipment20(2,true), Shipment18(1,true), Shipment4(3,true), Shipment7(2,true), Shipment6(2,true), Shipment1(3,true), Shipment17(1,true)]
WareHouse 3, [38, 14], Docks:1, [Shipment23(1,true), Shipment24(1,true), Shipment10(2,true), Shipment9(1,true), Shipment2(2,true), Shipment11(2,true)]
Shipment 1, Source:3, Going:2, Size:3 In Warehouse: 2
Shipment 2, Source:2, Going:3, Size:2 In Warehouse: 3
Shipment 3, Source:2, Going:1, Size:1 In Warehouse: 1
Shipment 4, Source:3, Going:2, Size:3 In Warehouse: 2
Shipment 5, Source:3, Going:2, Size:2 In Warehouse: 2
Shipment 6, Source:3, Going:2, Size:2 In Warehouse: 2
Shipment 7, Source:1, Going:2, Size:2 In Warehouse: 2
Shipment 8, Source:3, Going:1, Size:1 In Warehouse: 1
Shipment 9, Source:2, Going:3, Size:1 In Warehouse: 3
Shipment 10, Source:1, Going:3, Size:2 In Warehouse: 3
Shipment 11, Source:2, Going:3, Size:2, In Truck: 5
Shipment 12, Source:1, Going:3, Size:1, In Truck: 5
Shipment 13, Source:3, Going:1, Size:2 In Warehouse: 1
Shipment 14, Source:1, Going:2, Size:3 In Warehouse: 1
Shipment 15, Source:2, Going:1, Size:3 In Warehouse: 2
Shipment 16, Source:1, Going:2, Size:3 In Warehouse: 1
Shipment 17, Source:3, Going:2, Size:1 In Warehouse: 2
Shipment 18, Source:1, Going:2, Size:1 In Warehouse: 2
Shipment 19, Source:1, Going:2, Size:3 In Warehouse: 2
Shipment 20, Source:1, Going:2, Size:2 In Warehouse: 2
Shipment 21, Source:2, Going:1, Size:1 In Warehouse: 1
Shipment 22, Source:3, Going:1, Size:3 In Warehouse: 1
Shipment 23, Source:2, Going:3, Size:1 In Warehouse: 3
Shipment 24, Source:2, Going:3, Size:1 In Warehouse: 3
Shipment 25, Source:1, Going:2, Size:3 In Warehouse: 1
Shipment 26, Source:2, Going:1, Size:2 In Warehouse: 1
Shipment 27, Source:3, Going:2, Size:2 In Warehouse: 2
Cycle: 294
Truck 5, [38,27] , Cargo:1/5, Speed:1
 (Id 12 Source: 1, Going: 3, Size:1)
WareHouse 1, [82, 34], Docks:1, [Shipment19(3,true), Shipment20(2,true), Shipment25(3,false), Shipment3(1,true), Shipment21(1,true), Shipment13(2,true), Shipment26(2,true), Shipment22(3,true), Shipment8(1,true)]
WareHouse 2, [74, 52], Docks:1, [Shipment26(2,true), Shipment19(3,true), Shipment27(2,true), Shipment5(2,true), Shipment20(2,true), Shipment18(1,true), Shipment4(3,true), Shipment7(2,true), Shipment6(2,true), Shipment1(3,true), Shipment17(1,true)]
WareHouse 3, [38, 14], Docks:1, [Shipment23(1,true), Shipment24(1,true), Shipment10(2,true), Shipment9(1,true), Shipment2(2,true), Shipment11(2,true)]
Shipment 1, Source:3, Going:2, Size:3 In Warehouse: 2
Shipment 2, Source:2, Going:3, Size:2 In Warehouse: 3
Shipment 3, Source:2, Going:1, Size:1 In Warehouse: 1
Shipment 4, Source:3, Going:2, Size:3 In Warehouse: 2
Shipment 5, Source:3, Going:2, Size:2 In Warehouse: 2
Shipment 6, Source:3, Going:2, Size:2 In Warehouse: 2
Shipment 7, Source:1, Going:2, Size:2 In Warehouse: 2
Shipment 8, Source:3, Going:1, Size:1 In Warehouse: 1
Shipment 9, Source:2, Going:3, Size:1 In Warehouse: 3
Shipment 10, Source:1, Going:3, Size:2 In Warehouse: 3
Shipment 11, Source:2, Going:3, Size:2, In Truck: 5
Shipment 12, Source:1, Going:3, Size:1, In Truck: 5
Shipment 13, Source:3, Going:1, Size:2 In Warehouse: 1
Shipment 14, Source:1, Going:2, Size:3 In Warehouse: 1
Shipment 15, Source:2, Going:1, Size:3 In Warehouse: 2
Shipment 16, Source:1, Going:2, Size:3 In Warehouse: 1
Shipment 17, Source:3, Going:2, Size:1 In Warehouse: 2
Shipment 18, Source:1, Going:2, Size:1 In Warehouse: 2
Shipment 19, Source:1, Going:2, Size:3 In Warehouse: 2
Shipment 20, Source:1, Going:2, Size:2 In Warehouse: 2
Shipment 21, Source:2, Going:1, Size:1 In Warehouse: 1
Shipment 22, Source:3, Going:1, Size:3 In Warehouse: 1
Shipment 23, Source:2, Going:3, Size:1 In Warehouse: 3
Shipment 24, Source:2, Going:3, Size:1 In Warehouse: 3
Shipment 25, Source:1, Going:2, Size:3 In Warehouse: 1
Shipment 26, Source:2, Going:1, Size:2 In Warehouse: 1
Shipment 27, Source:3, Going:2, Size:2 In Warehouse: 2
Cycle: 295
Truck 5, [38,26] , Cargo:1/5, Speed:1
 (Id 12 Source: 1, Going: 3, Size:1)
WareHouse 1, [82, 34], Docks:1, [Shipment19(3,true), Shipment20(2,true), Shipment25(3,false), Shipment3(1,true), Shipment21(1,true), Shipment13(2,true), Shipment26(2,true), Shipment22(3,true), Shipment8(1,true)]
WareHouse 2, [74, 52], Docks:1, [Shipment26(2,true), Shipment19(3,true), Shipment27(2,true), Shipment5(2,true), Shipment20(2,true), Shipment18(1,true), Shipment4(3,true), Shipment7(2,true), Shipment6(2,true), Shipment1(3,true), Shipment17(1,true)]
WareHouse 3, [38, 14], Docks:1, [Shipment23(1,true), Shipment24(1,true), Shipment10(2,true), Shipment9(1,true), Shipment2(2,true), Shipment11(2,true)]
Shipment 1, Source:3, Going:2, Size:3 In Warehouse: 2
Shipment 2, Source:2, Going:3, Size:2 In Warehouse: 3
Shipment 3, Source:2, Going:1, Size:1 In Warehouse: 1
Shipment 4, Source:3, Going:2, Size:3 In Warehouse: 2
Shipment 5, Source:3, Going:2, Size:2 In Warehouse: 2
Shipment 6, Source:3, Going:2, Size:2 In Warehouse: 2
Shipment 7, Source:1, Going:2, Size:2 In Warehouse: 2
Shipment 8, Source:3, Going:1, Size:1 In Warehouse: 1
Shipment 9, Source:2, Going:3, Size:1 In Warehouse: 3
Shipment 10, Source:1, Going:3, Size:2 In Warehouse: 3
Shipment 11, Source:2, Going:3, Size:2, In Truck: 5
Shipment 12, Source:1, Going:3, Size:1, In Truck: 5
Shipment 13, Source:3, Going:1, Size:2 In Warehouse: 1
Shipment 14, Source:1, Going:2, Size:3 In Warehouse: 1
Shipment 15, Source:2, Going:1, Size:3 In Warehouse: 2
Shipment 16, Source:1, Going:2, Size:3 In Warehouse: 1
Shipment 17, Source:3, Going:2, Size:1 In Warehouse: 2
Shipment 18, Source:1, Going:2, Size:1 In Warehouse: 2
Shipment 19, Source:1, Going:2, Size:3 In Warehouse: 2
Shipment 20, Source:1, Going:2, Size:2 In Warehouse: 2
Shipment 21, Source:2, Going:1, Size:1 In Warehouse: 1
Shipment 22, Source:3, Going:1, Size:3 In Warehouse: 1
Shipment 23, Source:2, Going:3, Size:1 In Warehouse: 3
Shipment 24, Source:2, Going:3, Size:1 In Warehouse: 3
Shipment 25, Source:1, Going:2, Size:3 In Warehouse: 1
Shipment 26, Source:2, Going:1, Size:2 In Warehouse: 1
Shipment 27, Source:3, Going:2, Size:2 In Warehouse: 2
Cycle: 296
Truck 5, [38,25] , Cargo:1/5, Speed:1
 (Id 12 Source: 1, Going: 3, Size:1)
WareHouse 1, [82, 34], Docks:1, [Shipment19(3,true), Shipment20(2,true), Shipment25(3,false), Shipment3(1,true), Shipment21(1,true), Shipment13(2,true), Shipment26(2,true), Shipment22(3,true), Shipment8(1,true)]
WareHouse 2, [74, 52], Docks:1, [Shipment26(2,true), Shipment19(3,true), Shipment27(2,true), Shipment5(2,true), Shipment20(2,true), Shipment18(1,true), Shipment4(3,true), Shipment7(2,true), Shipment6(2,true), Shipment1(3,true), Shipment17(1,true)]
WareHouse 3, [38, 14], Docks:1, [Shipment23(1,true), Shipment24(1,true), Shipment10(2,true), Shipment9(1,true), Shipment2(2,true), Shipment11(2,true)]
Shipment 1, Source:3, Going:2, Size:3 In Warehouse: 2
Shipment 2, Source:2, Going:3, Size:2 In Warehouse: 3
Shipment 3, Source:2, Going:1, Size:1 In Warehouse: 1
Shipment 4, Source:3, Going:2, Size:3 In Warehouse: 2
Shipment 5, Source:3, Going:2, Size:2 In Warehouse: 2
Shipment 6, Source:3, Going:2, Size:2 In Warehouse: 2
Shipment 7, Source:1, Going:2, Size:2 In Warehouse: 2
Shipment 8, Source:3, Going:1, Size:1 In Warehouse: 1
Shipment 9, Source:2, Going:3, Size:1 In Warehouse: 3
Shipment 10, Source:1, Going:3, Size:2 In Warehouse: 3
Shipment 11, Source:2, Going:3, Size:2, In Truck: 5
Shipment 12, Source:1, Going:3, Size:1, In Truck: 5
Shipment 13, Source:3, Going:1, Size:2 In Warehouse: 1
Shipment 14, Source:1, Going:2, Size:3 In Warehouse: 1
Shipment 15, Source:2, Going:1, Size:3 In Warehouse: 2
Shipment 16, Source:1, Going:2, Size:3 In Warehouse: 1
Shipment 17, Source:3, Going:2, Size:1 In Warehouse: 2
Shipment 18, Source:1, Going:2, Size:1 In Warehouse: 2
Shipment 19, Source:1, Going:2, Size:3 In Warehouse: 2
Shipment 20, Source:1, Going:2, Size:2 In Warehouse: 2
Shipment 21, Source:2, Going:1, Size:1 In Warehouse: 1
Shipment 22, Source:3, Going:1, Size:3 In Warehouse: 1
Shipment 23, Source:2, Going:3, Size:1 In Warehouse: 3
Shipment 24, Source:2, Going:3, Size:1 In Warehouse: 3
Shipment 25, Source:1, Going:2, Size:3 In Warehouse: 1
Shipment 26, Source:2, Going:1, Size:2 In Warehouse: 1
Shipment 27, Source:3, Going:2, Size:2 In Warehouse: 2
Cycle: 297
Truck 5, [38,24] , Cargo:1/5, Speed:1
 (Id 12 Source: 1, Going: 3, Size:1)
WareHouse 1, [82, 34], Docks:1, [Shipment19(3,true), Shipment20(2,true), Shipment25(3,false), Shipment3(1,true), Shipment21(1,true), Shipment13(2,true), Shipment26(2,true), Shipment22(3,true), Shipment8(1,true)]
WareHouse 2, [74, 52], Docks:1, [Shipment26(2,true), Shipment19(3,true), Shipment27(2,true), Shipment5(2,true), Shipment20(2,true), Shipment18(1,true), Shipment4(3,true), Shipment7(2,true), Shipment6(2,true), Shipment1(3,true), Shipment17(1,true)]
WareHouse 3, [38, 14], Docks:1, [Shipment23(1,true), Shipment24(1,true), Shipment10(2,true), Shipment9(1,true), Shipment2(2,true), Shipment11(2,true)]
Shipment 1, Source:3, Going:2, Size:3 In Warehouse: 2
Shipment 2, Source:2, Going:3, Size:2 In Warehouse: 3
Shipment 3, Source:2, Going:1, Size:1 In Warehouse: 1
Shipment 4, Source:3, Going:2, Size:3 In Warehouse: 2
Shipment 5, Source:3, Going:2, Size:2 In Warehouse: 2
Shipment 6, Source:3, Going:2, Size:2 In Warehouse: 2
Shipment 7, Source:1, Going:2, Size:2 In Warehouse: 2
Shipment 8, Source:3, Going:1, Size:1 In Warehouse: 1
Shipment 9, Source:2, Going:3, Size:1 In Warehouse: 3
Shipment 10, Source:1, Going:3, Size:2 In Warehouse: 3
Shipment 11, Source:2, Going:3, Size:2, In Truck: 5
Shipment 12, Source:1, Going:3, Size:1, In Truck: 5
Shipment 13, Source:3, Going:1, Size:2 In Warehouse: 1
Shipment 14, Source:1, Going:2, Size:3 In Warehouse: 1
Shipment 15, Source:2, Going:1, Size:3 In Warehouse: 2
Shipment 16, Source:1, Going:2, Size:3 In Warehouse: 1
Shipment 17, Source:3, Going:2, Size:1 In Warehouse: 2
Shipment 18, Source:1, Going:2, Size:1 In Warehouse: 2
Shipment 19, Source:1, Going:2, Size:3 In Warehouse: 2
Shipment 20, Source:1, Going:2, Size:2 In Warehouse: 2
Shipment 21, Source:2, Going:1, Size:1 In Warehouse: 1
Shipment 22, Source:3, Going:1, Size:3 In Warehouse: 1
Shipment 23, Source:2, Going:3, Size:1 In Warehouse: 3
Shipment 24, Source:2, Going:3, Size:1 In Warehouse: 3
Shipment 25, Source:1, Going:2, Size:3 In Warehouse: 1
Shipment 26, Source:2, Going:1, Size:2 In Warehouse: 1
Shipment 27, Source:3, Going:2, Size:2 In Warehouse: 2
Cycle: 298
Truck 5, [38,23] , Cargo:1/5, Speed:1
 (Id 12 Source: 1, Going: 3, Size:1)
WareHouse 1, [82, 34], Docks:1, [Shipment19(3,true), Shipment20(2,true), Shipment25(3,false), Shipment3(1,true), Shipment21(1,true), Shipment13(2,true), Shipment26(2,true), Shipment22(3,true), Shipment8(1,true)]
WareHouse 2, [74, 52], Docks:1, [Shipment26(2,true), Shipment19(3,true), Shipment27(2,true), Shipment5(2,true), Shipment20(2,true), Shipment18(1,true), Shipment4(3,true), Shipment7(2,true), Shipment6(2,true), Shipment1(3,true), Shipment17(1,true)]
WareHouse 3, [38, 14], Docks:1, [Shipment23(1,true), Shipment24(1,true), Shipment10(2,true), Shipment9(1,true), Shipment2(2,true), Shipment11(2,true)]
Shipment 1, Source:3, Going:2, Size:3 In Warehouse: 2
Shipment 2, Source:2, Going:3, Size:2 In Warehouse: 3
Shipment 3, Source:2, Going:1, Size:1 In Warehouse: 1
Shipment 4, Source:3, Going:2, Size:3 In Warehouse: 2
Shipment 5, Source:3, Going:2, Size:2 In Warehouse: 2
Shipment 6, Source:3, Going:2, Size:2 In Warehouse: 2
Shipment 7, Source:1, Going:2, Size:2 In Warehouse: 2
Shipment 8, Source:3, Going:1, Size:1 In Warehouse: 1
Shipment 9, Source:2, Going:3, Size:1 In Warehouse: 3
Shipment 10, Source:1, Going:3, Size:2 In Warehouse: 3
Shipment 11, Source:2, Going:3, Size:2, In Truck: 5
Shipment 12, Source:1, Going:3, Size:1, In Truck: 5
Shipment 13, Source:3, Going:1, Size:2 In Warehouse: 1
Shipment 14, Source:1, Going:2, Size:3 In Warehouse: 1
Shipment 15, Source:2, Going:1, Size:3 In Warehouse: 2
Shipment 16, Source:1, Going:2, Size:3 In Warehouse: 1
Shipment 17, Source:3, Going:2, Size:1 In Warehouse: 2
Shipment 18, Source:1, Going:2, Size:1 In Warehouse: 2
Shipment 19, Source:1, Going:2, Size:3 In Warehouse: 2
Shipment 20, Source:1, Going:2, Size:2 In Warehouse: 2
Shipment 21, Source:2, Going:1, Size:1 In Warehouse: 1
Shipment 22, Source:3, Going:1, Size:3 In Warehouse: 1
Shipment 23, Source:2, Going:3, Size:1 In Warehouse: 3
Shipment 24, Source:2, Going:3, Size:1 In Warehouse: 3
Shipment 25, Source:1, Going:2, Size:3 In Warehouse: 1
Shipment 26, Source:2, Going:1, Size:2 In Warehouse: 1
Shipment 27, Source:3, Going:2, Size:2 In Warehouse: 2
Cycle: 299
Truck 5, [38,22] , Cargo:1/5, Speed:1
 (Id 12 Source: 1, Going: 3, Size:1)
WareHouse 1, [82, 34], Docks:1, [Shipment19(3,true), Shipment20(2,true), Shipment25(3,false), Shipment3(1,true), Shipment21(1,true), Shipment13(2,true), Shipment26(2,true), Shipment22(3,true), Shipment8(1,true)]
WareHouse 2, [74, 52], Docks:1, [Shipment26(2,true), Shipment19(3,true), Shipment27(2,true), Shipment5(2,true), Shipment20(2,true), Shipment18(1,true), Shipment4(3,true), Shipment7(2,true), Shipment6(2,true), Shipment1(3,true), Shipment17(1,true)]
WareHouse 3, [38, 14], Docks:1, [Shipment23(1,true), Shipment24(1,true), Shipment10(2,true), Shipment9(1,true), Shipment2(2,true), Shipment11(2,true)]
Shipment 1, Source:3, Going:2, Size:3 In Warehouse: 2
Shipment 2, Source:2, Going:3, Size:2 In Warehouse: 3
Shipment 3, Source:2, Going:1, Size:1 In Warehouse: 1
Shipment 4, Source:3, Going:2, Size:3 In Warehouse: 2
Shipment 5, Source:3, Going:2, Size:2 In Warehouse: 2
Shipment 6, Source:3, Going:2, Size:2 In Warehouse: 2
Shipment 7, Source:1, Going:2, Size:2 In Warehouse: 2
Shipment 8, Source:3, Going:1, Size:1 In Warehouse: 1
Shipment 9, Source:2, Going:3, Size:1 In Warehouse: 3
Shipment 10, Source:1, Going:3, Size:2 In Warehouse: 3
Shipment 11, Source:2, Going:3, Size:2, In Truck: 5
Shipment 12, Source:1, Going:3, Size:1, In Truck: 5
Shipment 13, Source:3, Going:1, Size:2 In Warehouse: 1
Shipment 14, Source:1, Going:2, Size:3 In Warehouse: 1
Shipment 15, Source:2, Going:1, Size:3 In Warehouse: 2
Shipment 16, Source:1, Going:2, Size:3 In Warehouse: 1
Shipment 17, Source:3, Going:2, Size:1 In Warehouse: 2
Shipment 18, Source:1, Going:2, Size:1 In Warehouse: 2
Shipment 19, Source:1, Going:2, Size:3 In Warehouse: 2
Shipment 20, Source:1, Going:2, Size:2 In Warehouse: 2
Shipment 21, Source:2, Going:1, Size:1 In Warehouse: 1
Shipment 22, Source:3, Going:1, Size:3 In Warehouse: 1
Shipment 23, Source:2, Going:3, Size:1 In Warehouse: 3
Shipment 24, Source:2, Going:3, Size:1 In Warehouse: 3
Shipment 25, Source:1, Going:2, Size:3 In Warehouse: 1
Shipment 26, Source:2, Going:1, Size:2 In Warehouse: 1
Shipment 27, Source:3, Going:2, Size:2 In Warehouse: 2
Cycle: 300
Truck 5, [38,21] , Cargo:1/5, Speed:1
 (Id 12 Source: 1, Going: 3, Size:1)
WareHouse 1, [82, 34], Docks:1, [Shipment19(3,true), Shipment20(2,true), Shipment25(3,false), Shipment3(1,true), Shipment21(1,true), Shipment13(2,true), Shipment26(2,true), Shipment22(3,true), Shipment8(1,true)]
WareHouse 2, [74, 52], Docks:1, [Shipment26(2,true), Shipment19(3,true), Shipment27(2,true), Shipment5(2,true), Shipment20(2,true), Shipment18(1,true), Shipment4(3,true), Shipment7(2,true), Shipment6(2,true), Shipment1(3,true), Shipment17(1,true)]
WareHouse 3, [38, 14], Docks:1, [Shipment23(1,true), Shipment24(1,true), Shipment10(2,true), Shipment9(1,true), Shipment2(2,true), Shipment11(2,true)]
Shipment 1, Source:3, Going:2, Size:3 In Warehouse: 2
Shipment 2, Source:2, Going:3, Size:2 In Warehouse: 3
Shipment 3, Source:2, Going:1, Size:1 In Warehouse: 1
Shipment 4, Source:3, Going:2, Size:3 In Warehouse: 2
Shipment 5, Source:3, Going:2, Size:2 In Warehouse: 2
Shipment 6, Source:3, Going:2, Size:2 In Warehouse: 2
Shipment 7, Source:1, Going:2, Size:2 In Warehouse: 2
Shipment 8, Source:3, Going:1, Size:1 In Warehouse: 1
Shipment 9, Source:2, Going:3, Size:1 In Warehouse: 3
Shipment 10, Source:1, Going:3, Size:2 In Warehouse: 3
Shipment 11, Source:2, Going:3, Size:2, In Truck: 5
Shipment 12, Source:1, Going:3, Size:1, In Truck: 5
Shipment 13, Source:3, Going:1, Size:2 In Warehouse: 1
Shipment 14, Source:1, Going:2, Size:3 In Warehouse: 1
Shipment 15, Source:2, Going:1, Size:3 In Warehouse: 2
Shipment 16, Source:1, Going:2, Size:3 In Warehouse: 1
Shipment 17, Source:3, Going:2, Size:1 In Warehouse: 2
Shipment 18, Source:1, Going:2, Size:1 In Warehouse: 2
Shipment 19, Source:1, Going:2, Size:3 In Warehouse: 2
Shipment 20, Source:1, Going:2, Size:2 In Warehouse: 2
Shipment 21, Source:2, Going:1, Size:1 In Warehouse: 1
Shipment 22, Source:3, Going:1, Size:3 In Warehouse: 1
Shipment 23, Source:2, Going:3, Size:1 In Warehouse: 3
Shipment 24, Source:2, Going:3, Size:1 In Warehouse: 3
Shipment 25, Source:1, Going:2, Size:3 In Warehouse: 1
Shipment 26, Source:2, Going:1, Size:2 In Warehouse: 1
Shipment 27, Source:3, Going:2, Size:2 In Warehouse: 2
Cycle: 301
Truck 5, [38,20] , Cargo:1/5, Speed:1
 (Id 12 Source: 1, Going: 3, Size:1)
WareHouse 1, [82, 34], Docks:1, [Shipment19(3,true), Shipment20(2,true), Shipment25(3,false), Shipment3(1,true), Shipment21(1,true), Shipment13(2,true), Shipment26(2,true), Shipment22(3,true), Shipment8(1,true)]
WareHouse 2, [74, 52], Docks:1, [Shipment26(2,true), Shipment19(3,true), Shipment27(2,true), Shipment5(2,true), Shipment20(2,true), Shipment18(1,true), Shipment4(3,true), Shipment7(2,true), Shipment6(2,true), Shipment1(3,true), Shipment17(1,true)]
WareHouse 3, [38, 14], Docks:1, [Shipment23(1,true), Shipment24(1,true), Shipment10(2,true), Shipment9(1,true), Shipment2(2,true), Shipment11(2,true)]
Shipment 1, Source:3, Going:2, Size:3 In Warehouse: 2
Shipment 2, Source:2, Going:3, Size:2 In Warehouse: 3
Shipment 3, Source:2, Going:1, Size:1 In Warehouse: 1
Shipment 4, Source:3, Going:2, Size:3 In Warehouse: 2
Shipment 5, Source:3, Going:2, Size:2 In Warehouse: 2
Shipment 6, Source:3, Going:2, Size:2 In Warehouse: 2
Shipment 7, Source:1, Going:2, Size:2 In Warehouse: 2
Shipment 8, Source:3, Going:1, Size:1 In Warehouse: 1
Shipment 9, Source:2, Going:3, Size:1 In Warehouse: 3
Shipment 10, Source:1, Going:3, Size:2 In Warehouse: 3
Shipment 11, Source:2, Going:3, Size:2, In Truck: 5
Shipment 12, Source:1, Going:3, Size:1, In Truck: 5
Shipment 13, Source:3, Going:1, Size:2 In Warehouse: 1
Shipment 14, Source:1, Going:2, Size:3 In Warehouse: 1
Shipment 15, Source:2, Going:1, Size:3 In Warehouse: 2
Shipment 16, Source:1, Going:2, Size:3 In Warehouse: 1
Shipment 17, Source:3, Going:2, Size:1 In Warehouse: 2
Shipment 18, Source:1, Going:2, Size:1 In Warehouse: 2
Shipment 19, Source:1, Going:2, Size:3 In Warehouse: 2
Shipment 20, Source:1, Going:2, Size:2 In Warehouse: 2
Shipment 21, Source:2, Going:1, Size:1 In Warehouse: 1
Shipment 22, Source:3, Going:1, Size:3 In Warehouse: 1
Shipment 23, Source:2, Going:3, Size:1 In Warehouse: 3
Shipment 24, Source:2, Going:3, Size:1 In Warehouse: 3
Shipment 25, Source:1, Going:2, Size:3 In Warehouse: 1
Shipment 26, Source:2, Going:1, Size:2 In Warehouse: 1
Shipment 27, Source:3, Going:2, Size:2 In Warehouse: 2
Cycle: 302
Truck 5, [38,19] , Cargo:1/5, Speed:1
 (Id 12 Source: 1, Going: 3, Size:1)
WareHouse 1, [82, 34], Docks:1, [Shipment19(3,true), Shipment20(2,true), Shipment25(3,false), Shipment3(1,true), Shipment21(1,true), Shipment13(2,true), Shipment26(2,true), Shipment22(3,true), Shipment8(1,true)]
WareHouse 2, [74, 52], Docks:1, [Shipment26(2,true), Shipment19(3,true), Shipment27(2,true), Shipment5(2,true), Shipment20(2,true), Shipment18(1,true), Shipment4(3,true), Shipment7(2,true), Shipment6(2,true), Shipment1(3,true), Shipment17(1,true)]
WareHouse 3, [38, 14], Docks:1, [Shipment23(1,true), Shipment24(1,true), Shipment10(2,true), Shipment9(1,true), Shipment2(2,true), Shipment11(2,true)]
Shipment 1, Source:3, Going:2, Size:3 In Warehouse: 2
Shipment 2, Source:2, Going:3, Size:2 In Warehouse: 3
Shipment 3, Source:2, Going:1, Size:1 In Warehouse: 1
Shipment 4, Source:3, Going:2, Size:3 In Warehouse: 2
Shipment 5, Source:3, Going:2, Size:2 In Warehouse: 2
Shipment 6, Source:3, Going:2, Size:2 In Warehouse: 2
Shipment 7, Source:1, Going:2, Size:2 In Warehouse: 2
Shipment 8, Source:3, Going:1, Size:1 In Warehouse: 1
Shipment 9, Source:2, Going:3, Size:1 In Warehouse: 3
Shipment 10, Source:1, Going:3, Size:2 In Warehouse: 3
Shipment 11, Source:2, Going:3, Size:2, In Truck: 5
Shipment 12, Source:1, Going:3, Size:1, In Truck: 5
Shipment 13, Source:3, Going:1, Size:2 In Warehouse: 1
Shipment 14, Source:1, Going:2, Size:3 In Warehouse: 1
Shipment 15, Source:2, Going:1, Size:3 In Warehouse: 2
Shipment 16, Source:1, Going:2, Size:3 In Warehouse: 1
Shipment 17, Source:3, Going:2, Size:1 In Warehouse: 2
Shipment 18, Source:1, Going:2, Size:1 In Warehouse: 2
Shipment 19, Source:1, Going:2, Size:3 In Warehouse: 2
Shipment 20, Source:1, Going:2, Size:2 In Warehouse: 2
Shipment 21, Source:2, Going:1, Size:1 In Warehouse: 1
Shipment 22, Source:3, Going:1, Size:3 In Warehouse: 1
Shipment 23, Source:2, Going:3, Size:1 In Warehouse: 3
Shipment 24, Source:2, Going:3, Size:1 In Warehouse: 3
Shipment 25, Source:1, Going:2, Size:3 In Warehouse: 1
Shipment 26, Source:2, Going:1, Size:2 In Warehouse: 1
Shipment 27, Source:3, Going:2, Size:2 In Warehouse: 2
Cycle: 303
Truck 5, [38,18] , Cargo:1/5, Speed:1
 (Id 12 Source: 1, Going: 3, Size:1)
WareHouse 1, [82, 34], Docks:1, [Shipment19(3,true), Shipment20(2,true), Shipment25(3,false), Shipment3(1,true), Shipment21(1,true), Shipment13(2,true), Shipment26(2,true), Shipment22(3,true), Shipment8(1,true)]
WareHouse 2, [74, 52], Docks:1, [Shipment26(2,true), Shipment19(3,true), Shipment27(2,true), Shipment5(2,true), Shipment20(2,true), Shipment18(1,true), Shipment4(3,true), Shipment7(2,true), Shipment6(2,true), Shipment1(3,true), Shipment17(1,true)]
WareHouse 3, [38, 14], Docks:1, [Shipment23(1,true), Shipment24(1,true), Shipment10(2,true), Shipment9(1,true), Shipment2(2,true), Shipment11(2,true)]
Shipment 1, Source:3, Going:2, Size:3 In Warehouse: 2
Shipment 2, Source:2, Going:3, Size:2 In Warehouse: 3
Shipment 3, Source:2, Going:1, Size:1 In Warehouse: 1
Shipment 4, Source:3, Going:2, Size:3 In Warehouse: 2
Shipment 5, Source:3, Going:2, Size:2 In Warehouse: 2
Shipment 6, Source:3, Going:2, Size:2 In Warehouse: 2
Shipment 7, Source:1, Going:2, Size:2 In Warehouse: 2
Shipment 8, Source:3, Going:1, Size:1 In Warehouse: 1
Shipment 9, Source:2, Going:3, Size:1 In Warehouse: 3
Shipment 10, Source:1, Going:3, Size:2 In Warehouse: 3
Shipment 11, Source:2, Going:3, Size:2, In Truck: 5
Shipment 12, Source:1, Going:3, Size:1, In Truck: 5
Shipment 13, Source:3, Going:1, Size:2 In Warehouse: 1
Shipment 14, Source:1, Going:2, Size:3 In Warehouse: 1
Shipment 15, Source:2, Going:1, Size:3 In Warehouse: 2
Shipment 16, Source:1, Going:2, Size:3 In Warehouse: 1
Shipment 17, Source:3, Going:2, Size:1 In Warehouse: 2
Shipment 18, Source:1, Going:2, Size:1 In Warehouse: 2
Shipment 19, Source:1, Going:2, Size:3 In Warehouse: 2
Shipment 20, Source:1, Going:2, Size:2 In Warehouse: 2
Shipment 21, Source:2, Going:1, Size:1 In Warehouse: 1
Shipment 22, Source:3, Going:1, Size:3 In Warehouse: 1
Shipment 23, Source:2, Going:3, Size:1 In Warehouse: 3
Shipment 24, Source:2, Going:3, Size:1 In Warehouse: 3
Shipment 25, Source:1, Going:2, Size:3 In Warehouse: 1
Shipment 26, Source:2, Going:1, Size:2 In Warehouse: 1
Shipment 27, Source:3, Going:2, Size:2 In Warehouse: 2
Cycle: 304
Truck 5, [38,17] , Cargo:1/5, Speed:1
 (Id 12 Source: 1, Going: 3, Size:1)
WareHouse 1, [82, 34], Docks:1, [Shipment19(3,true), Shipment20(2,true), Shipment25(3,false), Shipment3(1,true), Shipment21(1,true), Shipment13(2,true), Shipment26(2,true), Shipment22(3,true), Shipment8(1,true)]
WareHouse 2, [74, 52], Docks:1, [Shipment26(2,true), Shipment19(3,true), Shipment27(2,true), Shipment5(2,true), Shipment20(2,true), Shipment18(1,true), Shipment4(3,true), Shipment7(2,true), Shipment6(2,true), Shipment1(3,true), Shipment17(1,true)]
WareHouse 3, [38, 14], Docks:1, [Shipment23(1,true), Shipment24(1,true), Shipment10(2,true), Shipment9(1,true), Shipment2(2,true), Shipment11(2,true)]
Shipment 1, Source:3, Going:2, Size:3 In Warehouse: 2
Shipment 2, Source:2, Going:3, Size:2 In Warehouse: 3
Shipment 3, Source:2, Going:1, Size:1 In Warehouse: 1
Shipment 4, Source:3, Going:2, Size:3 In Warehouse: 2
Shipment 5, Source:3, Going:2, Size:2 In Warehouse: 2
Shipment 6, Source:3, Going:2, Size:2 In Warehouse: 2
Shipment 7, Source:1, Going:2, Size:2 In Warehouse: 2
Shipment 8, Source:3, Going:1, Size:1 In Warehouse: 1
Shipment 9, Source:2, Going:3, Size:1 In Warehouse: 3
Shipment 10, Source:1, Going:3, Size:2 In Warehouse: 3
Shipment 11, Source:2, Going:3, Size:2, In Truck: 5
Shipment 12, Source:1, Going:3, Size:1, In Truck: 5
Shipment 13, Source:3, Going:1, Size:2 In Warehouse: 1
Shipment 14, Source:1, Going:2, Size:3 In Warehouse: 1
Shipment 15, Source:2, Going:1, Size:3 In Warehouse: 2
Shipment 16, Source:1, Going:2, Size:3 In Warehouse: 1
Shipment 17, Source:3, Going:2, Size:1 In Warehouse: 2
Shipment 18, Source:1, Going:2, Size:1 In Warehouse: 2
Shipment 19, Source:1, Going:2, Size:3 In Warehouse: 2
Shipment 20, Source:1, Going:2, Size:2 In Warehouse: 2
Shipment 21, Source:2, Going:1, Size:1 In Warehouse: 1
Shipment 22, Source:3, Going:1, Size:3 In Warehouse: 1
Shipment 23, Source:2, Going:3, Size:1 In Warehouse: 3
Shipment 24, Source:2, Going:3, Size:1 In Warehouse: 3
Shipment 25, Source:1, Going:2, Size:3 In Warehouse: 1
Shipment 26, Source:2, Going:1, Size:2 In Warehouse: 1
Shipment 27, Source:3, Going:2, Size:2 In Warehouse: 2
Cycle: 305
Truck 5, [38,16] , Cargo:1/5, Speed:1
 (Id 12 Source: 1, Going: 3, Size:1)
WareHouse 1, [82, 34], Docks:1, [Shipment19(3,true), Shipment20(2,true), Shipment25(3,false), Shipment3(1,true), Shipment21(1,true), Shipment13(2,true), Shipment26(2,true), Shipment22(3,true), Shipment8(1,true)]
WareHouse 2, [74, 52], Docks:1, [Shipment26(2,true), Shipment19(3,true), Shipment27(2,true), Shipment5(2,true), Shipment20(2,true), Shipment18(1,true), Shipment4(3,true), Shipment7(2,true), Shipment6(2,true), Shipment1(3,true), Shipment17(1,true)]
WareHouse 3, [38, 14], Docks:1, [Shipment23(1,true), Shipment24(1,true), Shipment10(2,true), Shipment9(1,true), Shipment2(2,true), Shipment11(2,true)]
Shipment 1, Source:3, Going:2, Size:3 In Warehouse: 2
Shipment 2, Source:2, Going:3, Size:2 In Warehouse: 3
Shipment 3, Source:2, Going:1, Size:1 In Warehouse: 1
Shipment 4, Source:3, Going:2, Size:3 In Warehouse: 2
Shipment 5, Source:3, Going:2, Size:2 In Warehouse: 2
Shipment 6, Source:3, Going:2, Size:2 In Warehouse: 2
Shipment 7, Source:1, Going:2, Size:2 In Warehouse: 2
Shipment 8, Source:3, Going:1, Size:1 In Warehouse: 1
Shipment 9, Source:2, Going:3, Size:1 In Warehouse: 3
Shipment 10, Source:1, Going:3, Size:2 In Warehouse: 3
Shipment 11, Source:2, Going:3, Size:2, In Truck: 5
Shipment 12, Source:1, Going:3, Size:1, In Truck: 5
Shipment 13, Source:3, Going:1, Size:2 In Warehouse: 1
Shipment 14, Source:1, Going:2, Size:3 In Warehouse: 1
Shipment 15, Source:2, Going:1, Size:3 In Warehouse: 2
Shipment 16, Source:1, Going:2, Size:3 In Warehouse: 1
Shipment 17, Source:3, Going:2, Size:1 In Warehouse: 2
Shipment 18, Source:1, Going:2, Size:1 In Warehouse: 2
Shipment 19, Source:1, Going:2, Size:3 In Warehouse: 2
Shipment 20, Source:1, Going:2, Size:2 In Warehouse: 2
Shipment 21, Source:2, Going:1, Size:1 In Warehouse: 1
Shipment 22, Source:3, Going:1, Size:3 In Warehouse: 1
Shipment 23, Source:2, Going:3, Size:1 In Warehouse: 3
Shipment 24, Source:2, Going:3, Size:1 In Warehouse: 3
Shipment 25, Source:1, Going:2, Size:3 In Warehouse: 1
Shipment 26, Source:2, Going:1, Size:2 In Warehouse: 1
Shipment 27, Source:3, Going:2, Size:2 In Warehouse: 2
Cycle: 306
Truck 5, [38,15] , Cargo:1/5, Speed:1
 (Id 12 Source: 1, Going: 3, Size:1)
WareHouse 1, [82, 34], Docks:1, [Shipment19(3,true), Shipment20(2,true), Shipment25(3,false), Shipment3(1,true), Shipment21(1,true), Shipment13(2,true), Shipment26(2,true), Shipment22(3,true), Shipment8(1,true)]
WareHouse 2, [74, 52], Docks:1, [Shipment26(2,true), Shipment19(3,true), Shipment27(2,true), Shipment5(2,true), Shipment20(2,true), Shipment18(1,true), Shipment4(3,true), Shipment7(2,true), Shipment6(2,true), Shipment1(3,true), Shipment17(1,true)]
WareHouse 3, [38, 14], Docks:1, [Shipment23(1,true), Shipment24(1,true), Shipment10(2,true), Shipment9(1,true), Shipment2(2,true), Shipment11(2,true)]
Shipment 1, Source:3, Going:2, Size:3 In Warehouse: 2
Shipment 2, Source:2, Going:3, Size:2 In Warehouse: 3
Shipment 3, Source:2, Going:1, Size:1 In Warehouse: 1
Shipment 4, Source:3, Going:2, Size:3 In Warehouse: 2
Shipment 5, Source:3, Going:2, Size:2 In Warehouse: 2
Shipment 6, Source:3, Going:2, Size:2 In Warehouse: 2
Shipment 7, Source:1, Going:2, Size:2 In Warehouse: 2
Shipment 8, Source:3, Going:1, Size:1 In Warehouse: 1
Shipment 9, Source:2, Going:3, Size:1 In Warehouse: 3
Shipment 10, Source:1, Going:3, Size:2 In Warehouse: 3
Shipment 11, Source:2, Going:3, Size:2, In Truck: 5
Shipment 12, Source:1, Going:3, Size:1, In Truck: 5
Shipment 13, Source:3, Going:1, Size:2 In Warehouse: 1
Shipment 14, Source:1, Going:2, Size:3 In Warehouse: 1
Shipment 15, Source:2, Going:1, Size:3 In Warehouse: 2
Shipment 16, Source:1, Going:2, Size:3 In Warehouse: 1
Shipment 17, Source:3, Going:2, Size:1 In Warehouse: 2
Shipment 18, Source:1, Going:2, Size:1 In Warehouse: 2
Shipment 19, Source:1, Going:2, Size:3 In Warehouse: 2
Shipment 20, Source:1, Going:2, Size:2 In Warehouse: 2
Shipment 21, Source:2, Going:1, Size:1 In Warehouse: 1
Shipment 22, Source:3, Going:1, Size:3 In Warehouse: 1
Shipment 23, Source:2, Going:3, Size:1 In Warehouse: 3
Shipment 24, Source:2, Going:3, Size:1 In Warehouse: 3
Shipment 25, Source:1, Going:2, Size:3 In Warehouse: 1
Shipment 26, Source:2, Going:1, Size:2 In Warehouse: 1
Shipment 27, Source:3, Going:2, Size:2 In Warehouse: 2
Cycle: 307
Truck 5, [38,14] , Cargo:1/5, Speed:1
 (Id 12 Source: 1, Going: 3, Size:1)
WareHouse 1, [82, 34], Docks:1, [Shipment19(3,true), Shipment20(2,true), Shipment25(3,false), Shipment3(1,true), Shipment21(1,true), Shipment13(2,true), Shipment26(2,true), Shipment22(3,true), Shipment8(1,true)]
WareHouse 2, [74, 52], Docks:1, [Shipment26(2,true), Shipment19(3,true), Shipment27(2,true), Shipment5(2,true), Shipment20(2,true), Shipment18(1,true), Shipment4(3,true), Shipment7(2,true), Shipment6(2,true), Shipment1(3,true), Shipment17(1,true)]
WareHouse 3, [38, 14], Docks:1, [Shipment23(1,true), Shipment24(1,true), Shipment10(2,true), Shipment9(1,true), Shipment2(2,true), Shipment11(2,true)]
Shipment 1, Source:3, Going:2, Size:3 In Warehouse: 2
Shipment 2, Source:2, Going:3, Size:2 In Warehouse: 3
Shipment 3, Source:2, Going:1, Size:1 In Warehouse: 1
Shipment 4, Source:3, Going:2, Size:3 In Warehouse: 2
Shipment 5, Source:3, Going:2, Size:2 In Warehouse: 2
Shipment 6, Source:3, Going:2, Size:2 In Warehouse: 2
Shipment 7, Source:1, Going:2, Size:2 In Warehouse: 2
Shipment 8, Source:3, Going:1, Size:1 In Warehouse: 1
Shipment 9, Source:2, Going:3, Size:1 In Warehouse: 3
Shipment 10, Source:1, Going:3, Size:2 In Warehouse: 3
Shipment 11, Source:2, Going:3, Size:2, In Truck: 5
Shipment 12, Source:1, Going:3, Size:1, In Truck: 5
Shipment 13, Source:3, Going:1, Size:2 In Warehouse: 1
Shipment 14, Source:1, Going:2, Size:3 In Warehouse: 1
Shipment 15, Source:2, Going:1, Size:3 In Warehouse: 2
Shipment 16, Source:1, Going:2, Size:3 In Warehouse: 1
Shipment 17, Source:3, Going:2, Size:1 In Warehouse: 2
Shipment 18, Source:1, Going:2, Size:1 In Warehouse: 2
Shipment 19, Source:1, Going:2, Size:3 In Warehouse: 2
Shipment 20, Source:1, Going:2, Size:2 In Warehouse: 2
Shipment 21, Source:2, Going:1, Size:1 In Warehouse: 1
Shipment 22, Source:3, Going:1, Size:3 In Warehouse: 1
Shipment 23, Source:2, Going:3, Size:1 In Warehouse: 3
Shipment 24, Source:2, Going:3, Size:1 In Warehouse: 3
Shipment 25, Source:1, Going:2, Size:3 In Warehouse: 1
Shipment 26, Source:2, Going:1, Size:2 In Warehouse: 1
Shipment 27, Source:3, Going:2, Size:2 In Warehouse: 2
Cycle: 308
Truck 5, [38,14] , Cargo:1/5, Speed:1
 (Id 12 Source: 1, Going: 3, Size:1)
WareHouse 1, [82, 34], Docks:1, [Shipment19(3,true), Shipment20(2,true), Shipment25(3,false), Shipment3(1,true), Shipment21(1,true), Shipment13(2,true), Shipment26(2,true), Shipment22(3,true), Shipment8(1,true)]
WareHouse 2, [74, 52], Docks:1, [Shipment26(2,true), Shipment19(3,true), Shipment27(2,true), Shipment5(2,true), Shipment20(2,true), Shipment18(1,true), Shipment4(3,true), Shipment7(2,true), Shipment6(2,true), Shipment1(3,true), Shipment17(1,true)]
WareHouse 3, [38, 14], Docks:1, [Shipment23(1,true), Shipment24(1,true), Shipment10(2,true), Shipment9(1,true), Shipment2(2,true), Shipment11(2,true)]
Shipment 1, Source:3, Going:2, Size:3 In Warehouse: 2
Shipment 2, Source:2, Going:3, Size:2 In Warehouse: 3
Shipment 3, Source:2, Going:1, Size:1 In Warehouse: 1
Shipment 4, Source:3, Going:2, Size:3 In Warehouse: 2
Shipment 5, Source:3, Going:2, Size:2 In Warehouse: 2
Shipment 6, Source:3, Going:2, Size:2 In Warehouse: 2
Shipment 7, Source:1, Going:2, Size:2 In Warehouse: 2
Shipment 8, Source:3, Going:1, Size:1 In Warehouse: 1
Shipment 9, Source:2, Going:3, Size:1 In Warehouse: 3
Shipment 10, Source:1, Going:3, Size:2 In Warehouse: 3
Shipment 11, Source:2, Going:3, Size:2, In Truck: 5
Shipment 12, Source:1, Going:3, Size:1, In Truck: 5
Shipment 13, Source:3, Going:1, Size:2 In Warehouse: 1
Shipment 14, Source:1, Going:2, Size:3 In Warehouse: 1
Shipment 15, Source:2, Going:1, Size:3 In Warehouse: 2
Shipment 16, Source:1, Going:2, Size:3 In Warehouse: 1
Shipment 17, Source:3, Going:2, Size:1 In Warehouse: 2
Shipment 18, Source:1, Going:2, Size:1 In Warehouse: 2
Shipment 19, Source:1, Going:2, Size:3 In Warehouse: 2
Shipment 20, Source:1, Going:2, Size:2 In Warehouse: 2
Shipment 21, Source:2, Going:1, Size:1 In Warehouse: 1
Shipment 22, Source:3, Going:1, Size:3 In Warehouse: 1
Shipment 23, Source:2, Going:3, Size:1 In Warehouse: 3
Shipment 24, Source:2, Going:3, Size:1 In Warehouse: 3
Shipment 25, Source:1, Going:2, Size:3 In Warehouse: 1
Shipment 26, Source:2, Going:1, Size:2 In Warehouse: 1
Shipment 27, Source:3, Going:2, Size:2 In Warehouse: 2
Cycle: 309
WareHouse 1, [82, 34], Docks:1, [Shipment19(3,true), Shipment20(2,true), Shipment25(3,false), Shipment3(1,true), Shipment21(1,true), Shipment13(2,true), Shipment26(2,true), Shipment22(3,true), Shipment8(1,true)]
WareHouse 2, [74, 52], Docks:1, [Shipment26(2,true), Shipment19(3,true), Shipment27(2,true), Shipment5(2,true), Shipment20(2,true), Shipment18(1,true), Shipment4(3,true), Shipment7(2,true), Shipment6(2,true), Shipment1(3,true), Shipment17(1,true)]
WareHouse 3, [38, 14], Docks:1, [Shipment23(1,true), Shipment24(1,true), Shipment10(2,true), Shipment9(1,true), Shipment2(2,true), Shipment11(2,true), Shipment12(1,true)]
Shipment 1, Source:3, Going:2, Size:3 In Warehouse: 2
Shipment 2, Source:2, Going:3, Size:2 In Warehouse: 3
Shipment 3, Source:2, Going:1, Size:1 In Warehouse: 1
Shipment 4, Source:3, Going:2, Size:3 In Warehouse: 2
Shipment 5, Source:3, Going:2, Size:2 In Warehouse: 2
Shipment 6, Source:3, Going:2, Size:2 In Warehouse: 2
Shipment 7, Source:1, Going:2, Size:2 In Warehouse: 2
Shipment 8, Source:3, Going:1, Size:1 In Warehouse: 1
Shipment 9, Source:2, Going:3, Size:1 In Warehouse: 3
Shipment 10, Source:1, Going:3, Size:2 In Warehouse: 3
Shipment 11, Source:2, Going:3, Size:2 In Warehouse: 3
Shipment 12, Source:1, Going:3, Size:1 In Warehouse: 3
Shipment 13, Source:3, Going:1, Size:2 In Warehouse: 1
Shipment 14, Source:1, Going:2, Size:3 In Warehouse: 1
Shipment 15, Source:2, Going:1, Size:3 In Warehouse: 2
Shipment 16, Source:1, Going:2, Size:3 In Warehouse: 1
Shipment 17, Source:3, Going:2, Size:1 In Warehouse: 2
Shipment 18, Source:1, Going:2, Size:1 In Warehouse: 2
Shipment 19, Source:1, Going:2, Size:3 In Warehouse: 2
Shipment 20, Source:1, Going:2, Size:2 In Warehouse: 2
Shipment 21, Source:2, Going:1, Size:1 In Warehouse: 1
Shipment 22, Source:3, Going:1, Size:3 In Warehouse: 1
Shipment 23, Source:2, Going:3, Size:1 In Warehouse: 3
Shipment 24, Source:2, Going:3, Size:1 In Warehouse: 3
Shipment 25, Source:1, Going:2, Size:3 In Warehouse: 1
Shipment 26, Source:2, Going:1, Size:2 In Warehouse: 1
Shipment 27, Source:3, Going:2, Size:2 In Warehouse: 2
Cycle: 309
WareHouse 1, [82, 34], Docks:1, [Shipment19(3,true), Shipment20(2,true), Shipment25(3,false), Shipment3(1,true), Shipment21(1,true), Shipment13(2,true), Shipment26(2,true), Shipment22(3,true), Shipment8(1,true)]
WareHouse 2, [74, 52], Docks:1, [Shipment26(2,true), Shipment19(3,true), Shipment27(2,true), Shipment5(2,true), Shipment20(2,true), Shipment18(1,true), Shipment4(3,true), Shipment7(2,true), Shipment6(2,true), Shipment1(3,true), Shipment17(1,true)]
WareHouse 3, [38, 14], Docks:1, [Shipment23(1,true), Shipment24(1,true), Shipment10(2,true), Shipment9(1,true), Shipment2(2,true), Shipment11(2,true), Shipment12(1,true)]
Shipment 1, Source:3, Going:2, Size:3 In Warehouse: 2
Shipment 2, Source:2, Going:3, Size:2 In Warehouse: 3
Shipment 3, Source:2, Going:1, Size:1 In Warehouse: 1
Shipment 4, Source:3, Going:2, Size:3 In Warehouse: 2
Shipment 5, Source:3, Going:2, Size:2 In Warehouse: 2
Shipment 6, Source:3, Going:2, Size:2 In Warehouse: 2
Shipment 7, Source:1, Going:2, Size:2 In Warehouse: 2
Shipment 8, Source:3, Going:1, Size:1 In Warehouse: 1
Shipment 9, Source:2, Going:3, Size:1 In Warehouse: 3
Shipment 10, Source:1, Going:3, Size:2 In Warehouse: 3
Shipment 11, Source:2, Going:3, Size:2 In Warehouse: 3
Shipment 12, Source:1, Going:3, Size:1 In Warehouse: 3
Shipment 13, Source:3, Going:1, Size:2 In Warehouse: 1
Shipment 14, Source:1, Going:2, Size:3 In Warehouse: 1
Shipment 15, Source:2, Going:1, Size:3 In Warehouse: 2
Shipment 16, Source:1, Going:2, Size:3 In Warehouse: 1
Shipment 17, Source:3, Going:2, Size:1 In Warehouse: 2
Shipment 18, Source:1, Going:2, Size:1 In Warehouse: 2
Shipment 19, Source:1, Going:2, Size:3 In Warehouse: 2
Shipment 20, Source:1, Going:2, Size:2 In Warehouse: 2
Shipment 21, Source:2, Going:1, Size:1 In Warehouse: 1
Shipment 22, Source:3, Going:1, Size:3 In Warehouse: 1
Shipment 23, Source:2, Going:3, Size:1 In Warehouse: 3
Shipment 24, Source:2, Going:3, Size:1 In Warehouse: 3
Shipment 25, Source:1, Going:2, Size:3 In Warehouse: 1
Shipment 26, Source:2, Going:1, Size:2 In Warehouse: 1
Shipment 27, Source:3, Going:2, Size:2 In Warehouse: 2
